Time Stamp,ID,Extended,Dir,Bus,LEN,D1,D2,D3,D4,D5,D6,D7,D8
0,00000018,false,Rx,0,8,46,50,00,00,00,00,00,96
0,0000002C,false,Rx,0,8,00,46,2E,00,00,00,00,74
0,00000050,false,Rx,0,8,00,01,00,00,00,00,00,01
0,000000A6,false,Rx,0,8,07,80,07,80,07,80,07,80
0,00000251,false,Rx,0,8,00,96,5E,00,00,00,00,F4
0,00000260,false,Rx,0,8,00,4A,C0,00,00,00,00,0A
0,00000316,false,Rx,0,8,00,01,00,00,00,00,00,01
0,00000544,false,Rx,0,8,00,00,00,00,00,00,00,00
0,00000593,false,Rx,0,8,B2,B4,B3,B5,00,00,00,00
0,000004F1,false,Rx,0,8,00,00,00,00,00,00,00,00
10000,00000018,false,Rx,0,8,46,56,00,00,00,00,00,9C
10000,0000002C,false,Rx,0,8,10,46,6C,00,00,00,00,C2
10000,00000050,false,Rx,0,8,00,01,00,00,00,00,00,01
10000,00000251,false,Rx,0,8,10,95,F2,00,00,00,00,97
10000,00000260,false,Rx,0,8,10,49,52,00,00,00,00,AB
20000,00000018,false,Rx,0,8,46,5C,02,00,00,00,00,A4
20000,0000002C,false,Rx,0,8,20,45,0A,00,00,00,00,6F
20000,00000050,false,Rx,0,8,00,01,00,00,00,00,00,01
20000,000000A6,false,Rx,0,8,07,90,07,90,07,90,07,90
20000,00000251,false,Rx,0,8,20,93,7B,00,00,00,00,2E
20000,00000260,false,Rx,0,8,20,48,26,00,00,00,00,8E
20000,00000316,false,Rx,0,8,00,01,00,00,00,00,00,01
20000,00000544,false,Rx,0,8,10,00,00,00,00,00,00,00
30000,00000018,false,Rx,0,8,46,62,01,00,00,00,00,A9
30000,0000002C,false,Rx,0,8,30,45,19,00,00,00,00,8E
30000,00000050,false,Rx,0,8,00,01,00,00,00,00,00,01
30000,00000251,false,Rx,0,8,30,91,73,00,00,00,00,34
30000,00000260,false,Rx,0,8,30,47,2F,00,00,00,00,A6
40000,00000018,false,Rx,0,8,46,69,01,00,00,00,00,B0
40000,0000002C,false,Rx,0,8,40,45,AA,00,00,00,00,2F
40000,00000050,false,Rx,0,8,00,01,00,00,00,00,00,01
40000,000000A6,false,Rx,0,8,07,A0,07,A0,07,A0,07,A0
40000,00000251,false,Rx,0,8,40,8F,99,00,00,00,00,68
40000,00000260,false,Rx,0,8,40,47,AD,00,00,00,00,34
40000,00000316,false,Rx,0,8,00,01,00,00,00,00,00,01
40000,00000544,false,Rx,0,8,20,00,00,00,00,00,00,00
50000,00000018,false,Rx,0,8,46,6F,01,00,00,00,00,B6
50000,0000002C,false,Rx,0,8,50,44,7C,00,00,00,00,10
50000,00000050,false,Rx,0,8,00,01,00,00,00,00,00,01
50000,00000251,false,Rx,0,8,50,8D,49,00,00,00,00,26
50000,00000260,false,Rx,0,8,50,46,F7,00,00,00,00,8D
60000,00000018,false,Rx,0,8,46,75,00,00,00,00,00,BB
60000,0000002C,false,Rx,0,8,60,44,40,00,00,00,00,E4
60000,00000050,false,Rx,0,8,00,01,00,00,00,00,00,01
60000,000000A6,false,Rx,0,8,07,B0,07,B0,07,B0,07,B0
60000,00000251,false,Rx,0,8,60,8C,ED,00,00,00,00,D9
60000,00000260,false,Rx,0,8,60,46,0F,00,00,00,00,B5
60000,00000316,false,Rx,0,8,00,01,00,00,00,00,00,01
60000,00000544,false,Rx,0,8,30,00,00,00,00,00,00,00
70000,00000018,false,Rx,0,8,46,7B,00,00,00,00,00,C1
70000,0000002C,false,Rx,0,8,70,44,69,00,00,00,00,1D
70000,00000050,false,Rx,0,8,00,01,00,00,00,00,00,01
70000,00000251,false,Rx,0,8,70,8A,1D,00,00,00,00,17
70000,00000260,false,Rx,0,8,70,45,DC,00,00,00,00,91
80000,00000018,false,Rx,0,8,46,82,03,00,00,00,00,CB
80000,0000002C,false,Rx,0,8,80,44,23,00,00,00,00,E7
80000,00000050,false,Rx,0,8,00,01,00,00,00,00,00,01
80000,000000A6,false,Rx,0,8,07,C0,07,C0,07,C0,07,C0
80000,00000251,false,Rx,0,8,80,88,D3,00,00,00,00,DB
80000,00000260,false,Rx,0,8,80,45,54,00,00,00,00,19
80000,00000316,false,Rx,0,8,00,01,00,00,00,00,00,01
80000,00000544,false,Rx,0,8,40,00,00,00,00,00,00,00
90000,00000018,false,Rx,0,8,46,88,00,00,00,00,00,CE
90000,0000002C,false,Rx,0,8,90,44,6A,00,00,00,00,3E
90000,00000050,false,Rx,0,8,00,01,00,00,00,00,00,01
90000,00000251,false,Rx,0,8,90,86,D5,00,00,00,00,EB
90000,00000260,false,Rx,0,8,90,44,DE,00,00,00,00,B2
100000,00000018,false,Rx,0,8,46,8E,00,00,00,00,00,D4
100000,0000002C,false,Rx,0,8,A0,44,6E,00,00,00,00,52
100000,00000050,false,Rx,0,8,00,01,00,00,00,00,00,01
100000,000000A6,false,Rx,0,8,07,D0,07,D0,07,D0,07,D0
100000,00000251,false,Rx,0,8,A0,84,44,00,00,00,00,68
100000,00000260,false,Rx,0,8,A0,44,50,00,00,00,00,34
100000,00000316,false,Rx,0,8,00,01,00,00,00,00,00,01
100000,00000544,false,Rx,0,8,50,00,00,00,00,00,00,00
100000,000004F1,false,Rx,0,8,10,00,00,00,00,00,00,10
110000,00000018,false,Rx,0,8,46,94,00,00,00,00,00,DA
110000,0000002C,false,Rx,0,8,B0,44,77,00,00,00,00,6B
110000,00000050,false,Rx,0,8,00,01,00,00,00,00,00,01
110000,00000251,false,Rx,0,8,B0,82,C6,00,00,00,00,F8
110000,00000260,false,Rx,0,8,B0,44,1B,00,00,00,00,0F
120000,00000018,false,Rx,0,8,46,9A,01,00,00,00,00,E1
120000,0000002C,false,Rx,0,8,C0,44,A8,00,00,00,00,AC
120000,00000050,false,Rx,0,8,00,01,00,00,00,00,00,01
120000,000000A6,false,Rx,0,8,07,E0,07,E0,07,E0,07,E0
120000,00000251,false,Rx,0,8,C0,80,7C,00,00,00,00,BC
120000,00000260,false,Rx,0,8,C0,44,33,00,00,00,00,37
120000,00000316,false,Rx,0,8,00,01,00,00,00,00,00,01
120000,00000544,false,Rx,0,8,60,00,00,00,00,00,00,00
130000,00000018,false,Rx,0,8,46,A0,01,00,00,00,00,E7
130000,0000002C,false,Rx,0,8,D0,44,4B,00,00,00,00,5F
130000,00000050,false,Rx,0,8,00,01,00,00,00,00,00,01
130000,00000251,false,Rx,0,8,D0,7E,82,00,00,00,00,D0
130000,00000260,false,Rx,0,8,D0,44,A9,00,00,00,00,BD
140000,00000018,false,Rx,0,8,46,A6,00,00,00,00,00,EC
140000,0000002C,false,Rx,0,8,E0,44,01,00,00,00,00,25
140000,00000050,false,Rx,0,8,00,01,00,00,00,00,00,01
140000,000000A6,false,Rx,0,8,07,F0,07,F0,07,F0,07,F0
140000,00000251,false,Rx,0,8,E0,7D,68,00,00,00,00,C5
140000,00000260,false,Rx,0,8,E0,44,69,00,00,00,00,8D
140000,00000316,false,Rx,0,8,00,01,00,00,00,00,00,01
140000,00000544,false,Rx,0,8,70,00,00,00,00,00,00,00
150000,00000018,false,Rx,0,8,46,AC,01,00,00,00,00,F3
150000,0000002C,false,Rx,0,8,F0,44,8D,00,00,00,00,C1
150000,00000050,false,Rx,0,8,00,01,00,00,00,00,00,01
150000,00000251,false,Rx,0,8,F0,7B,A9,00,00,00,00,14
150000,00000260,false,Rx,0,8,F0,44,61,00,00,00,00,95
160000,00000018,false,Rx,0,8,46,B2,03,00,00,00,00,FB
160000,0000002C,false,Rx,0,8,00,45,4A,00,00,00,00,8F
160000,00000050,false,Rx,0,8,00,01,00,00,00,00,00,01
160000,000000A6,false,Rx,0,8,07,FF,07,FF,07,FF,07,FF
160000,00000251,false,Rx,0,8,00,79,28,00,00,00,00,A1
160000,00000260,false,Rx,0,8,00,44,D1,00,00,00,00,15
160000,00000316,false,Rx,0,8,00,01,00,00,00,00,00,01
160000,00000544,false,Rx,0,8,80,00,00,00,00,00,00,00
170000,00000018,false,Rx,0,8,46,B8,01,00,00,00,00,FF
170000,0000002C,false,Rx,0,8,10,45,42,00,00,00,00,97
170000,00000050,false,Rx,0,8,00,01,00,00,00,00,00,01
170000,00000251,false,Rx,0,8,10,77,E6,00,00,00,00,6D
170000,00000260,false,Rx,0,8,10,44,87,00,00,00,00,DB
180000,00000018,false,Rx,0,8,46,BE,03,00,00,00,00,07
180000,0000002C,false,Rx,0,8,20,45,80,00,00,00,00,E5
180000,00000050,false,Rx,0,8,00,01,00,00,00,00,00,01
180000,000000A6,false,Rx,0,8,08,0F,08,0F,08,0F,08,0F
180000,00000251,false,Rx,0,8,20,75,BD,00,00,00,00,52
180000,00000260,false,Rx,0,8,20,44,90,00,00,00,00,F4
180000,00000316,false,Rx,0,8,00,01,00,00,00,00,00,01
180000,00000544,false,Rx,0,8,90,00,00,00,00,00,00,00
190000,00000018,false,Rx,0,8,46,C4,02,00,00,00,00,0C
190000,0000002C,false,Rx,0,8,30,46,59,00,00,00,00,CF
190000,00000050,false,Rx,0,8,00,01,00,00,00,00,00,01
190000,00000251,false,Rx,0,8,30,73,2F,00,00,00,00,D2
190000,00000260,false,Rx,0,8,30,44,98,00,00,00,00,0C
200000,00000018,false,Rx,0,8,46,CA,00,00,00,00,00,10
200000,0000002C,false,Rx,0,8,40,46,38,00,00,00,00,BE
200000,00000050,false,Rx,0,8,00,01,00,00,00,00,00,01
200000,000000A6,false,Rx,0,8,08,1F,08,1F,08,1F,08,1F
200000,00000251,false,Rx,0,8,40,71,61,00,00,00,00,12
200000,00000260,false,Rx,0,8,40,44,79,00,00,00,00,FD
200000,00000316,false,Rx,0,8,00,01,00,00,00,00,00,01
200000,00000544,false,Rx,0,8,A0,00,00,00,00,00,00,00
200000,000004F1,false,Rx,0,8,20,00,00,00,00,00,00,20
210000,00000018,false,Rx,0,8,46,CF,01,00,00,00,00,16
210000,0000002C,false,Rx,0,8,50,47,0D,00,00,00,00,A4
210000,00000050,false,Rx,0,8,00,01,00,00,00,00,00,01
210000,00000251,false,Rx,0,8,50,70,1A,00,00,00,00,DA
210000,00000260,false,Rx,0,8,50,45,31,00,00,00,00,C6
220000,00000018,false,Rx,0,8,46,D5,03,00,00,00,00,1E
220000,0000002C,false,Rx,0,8,60,48,43,00,00,00,00,EB
220000,00000050,false,Rx,0,8,00,01,00,00,00,00,00,01
220000,000000A6,false,Rx,0,8,08,2E,08,2E,08,2E,08,2E
220000,00000251,false,Rx,0,8,60,6E,89,00,00,00,00,57
220000,00000260,false,Rx,0,8,60,45,19,00,00,00,00,BE
220000,00000316,false,Rx,0,8,00,01,00,00,00,00,00,01
220000,00000544,false,Rx,0,8,B0,00,00,00,00,00,00,00
230000,00000018,false,Rx,0,8,46,DA,02,00,00,00,00,22
230000,0000002C,false,Rx,0,8,70,48,07,00,00,00,00,BF
230000,00000050,false,Rx,0,8,00,01,00,00,00,00,00,01
230000,00000251,false,Rx,0,8,70,6C,C1,00,00,00,00,9D
230000,00000260,false,Rx,0,8,70,46,C9,00,00,00,00,7F
240000,00000018,false,Rx,0,8,46,E0,02,00,00,00,00,28
240000,0000002C,false,Rx,0,8,80,49,B7,00,00,00,00,80
240000,00000050,false,Rx,0,8,00,01,00,00,00,00,00,01
240000,000000A6,false,Rx,0,8,08,3E,08,3E,08,3E,08,3E
240000,00000251,false,Rx,0,8,80,6A,14,00,00,00,00,FE
240000,00000260,false,Rx,0,8,80,46,FB,00,00,00,00,C1
240000,00000316,false,Rx,0,8,00,01,00,00,00,00,00,01
240000,00000544,false,Rx,0,8,C0,00,00,00,00,00,00,00
250000,00000018,false,Rx,0,8,46,E6,01,00,00,00,00,2D
250000,0000002C,false,Rx,0,8,90,4A,79,00,00,00,00,53
250000,00000050,false,Rx,0,8,00,01,00,00,00,00,00,01
250000,00000251,false,Rx,0,8,90,68,25,00,00,00,00,1D
250000,00000260,false,Rx,0,8,90,47,4E,00,00,00,00,25
260000,00000018,false,Rx,0,8,46,EB,01,00,00,00,00,32
260000,0000002C,false,Rx,0,8,A0,4B,A5,00,00,00,00,90
260000,00000050,false,Rx,0,8,00,01,00,00,00,00,00,01
260000,000000A6,false,Rx,0,8,08,4D,08,4D,08,4D,08,4D
260000,00000251,false,Rx,0,8,A0,67,60,00,00,00,00,67
260000,00000260,false,Rx,0,8,A0,47,1B,00,00,00,00,02
260000,00000316,false,Rx,0,8,00,01,00,00,00,00,00,01
260000,00000544,false,Rx,0,8,D0,00,00,00,00,00,00,00
270000,00000018,false,Rx,0,8,46,F0,02,00,00,00,00,38
270000,0000002C,false,Rx,0,8,B0,4C,08,00,00,00,00,04
270000,00000050,false,Rx,0,8,00,01,00,00,00,00,00,01
270000,00000251,false,Rx,0,8,B0,65,6F,00,00,00,00,84
270000,00000260,false,Rx,0,8,B0,48,B8,00,00,00,00,B0
280000,00000018,false,Rx,0,8,46,F6,00,00,00,00,00,3C
280000,0000002C,false,Rx,0,8,C0,4D,59,00,00,00,00,66
280000,00000050,false,Rx,0,8,00,01,00,00,00,00,00,01
280000,000000A6,false,Rx,0,8,08,5C,08,5C,08,5C,08,5C
280000,00000251,false,Rx,0,8,C0,63,F5,00,00,00,00,18
280000,00000260,false,Rx,0,8,C0,49,01,00,00,00,00,0A
280000,00000316,false,Rx,0,8,00,01,00,00,00,00,00,01
280000,00000544,false,Rx,0,8,E0,00,00,00,00,00,00,00
290000,00000018,false,Rx,0,8,46,FB,00,00,00,00,00,41
290000,0000002C,false,Rx,0,8,D0,4E,87,00,00,00,00,A5
290000,00000050,false,Rx,0,8,00,01,00,00,00,00,00,01
290000,00000251,false,Rx,0,8,D0,62,6A,00,00,00,00,9C
290000,00000260,false,Rx,0,8,D0,49,DA,00,00,00,00,F3
300000,00000018,false,Rx,0,8,47,00,03,00,00,00,00,4A
300000,0000002C,false,Rx,0,8,E0,4F,1A,00,00,00,00,49
300000,00000050,false,Rx,0,8,00,01,00,00,00,00,00,01
300000,000000A6,false,Rx,0,8,08,6B,08,6B,08,6B,08,6B
300000,00000251,false,Rx,0,8,E0,60,AA,00,00,00,00,EA
300000,00000260,false,Rx,0,8,E0,4A,2C,00,00,00,00,56
300000,00000316,false,Rx,0,8,00,01,00,00,00,00,00,01
300000,00000544,false,Rx,0,8,F0,00,00,00,00,00,00,00
300000,000004F1,false,Rx,0,8,30,00,00,00,00,00,00,30
310000,00000018,false,Rx,0,8,47,05,00,00,00,00,00,4C
310000,0000002C,false,Rx,0,8,F0,50,40,00,00,00,00,80
310000,00000050,false,Rx,0,8,00,01,00,00,00,00,00,01
310000,00000251,false,Rx,0,8,F0,5E,9B,00,00,00,00,E9
310000,00000260,false,Rx,0,8,F0,4B,96,00,00,00,00,D1
320000,00000018,false,Rx,0,8,47,0A,02,00,00,00,00,53
320000,0000002C,false,Rx,0,8,00,51,D7,00,00,00,00,28
320000,00000050,false,Rx,0,8,00,01,00,00,00,00,00,01
320000,000000A6,false,Rx,0,8,08,7A,08,7A,08,7A,08,7A
320000,00000251,false,Rx,0,8,00,5D,07,00,00,00,00,64
320000,00000260,false,Rx,0,8,00,4C,F5,00,00,00,00,41
320000,00000316,false,Rx,0,8,00,01,00,00,00,00,00,01
320000,00000544,false,Rx,0,8,00,00,00,00,00,00,00,00
330000,00000018,false,Rx,0,8,47,0F,02,00,00,00,00,58
330000,0000002C,false,Rx,0,8,10,53,3A,00,00,00,00,9D
330000,00000050,false,Rx,0,8,00,01,00,00,00,00,00,01
330000,00000251,false,Rx,0,8,10,5B,6C,00,00,00,00,D7
330000,00000260,false,Rx,0,8,10,4D,66,00,00,00,00,C3
340000,00000018,false,Rx,0,8,47,14,02,00,00,00,00,5D
340000,0000002C,false,Rx,0,8,20,54,20,00,00,00,00,94
340000,00000050,false,Rx,0,8,00,01,00,00,00,00,00,01
340000,000000A6,false,Rx,0,8,08,89,08,89,08,89,08,89
340000,00000251,false,Rx,0,8,20,5A,61,00,00,00,00,DB
340000,00000260,false,Rx,0,8,20,4E,31,00,00,00,00,9F
340000,00000316,false,Rx,0,8,00,01,00,00,00,00,00,01
340000,00000544,false,Rx,0,8,10,00,00,00,00,00,00,00
350000,00000018,false,Rx,0,8,47,18,00,00,00,00,00,5F
350000,0000002C,false,Rx,0,8,30,55,F3,00,00,00,00,78
350000,00000050,false,Rx,0,8,00,01,00,00,00,00,00,01
350000,00000251,false,Rx,0,8,30,58,3C,00,00,00,00,C4
350000,00000260,false,Rx,0,8,30,4F,0D,00,00,00,00,8C
360000,00000018,false,Rx,0,8,47,1D,03,00,00,00,00,67
360000,0000002C,false,Rx,0,8,40,57,E5,00,00,00,00,7C
360000,00000050,false,Rx,0,8,00,01,00,00,00,00,00,01
360000,000000A6,false,Rx,0,8,08,97,08,97,08,97,08,97
360000,00000251,false,Rx,0,8,40,57,F5,00,00,00,00,8C
360000,00000260,false,Rx,0,8,40,50,69,00,00,00,00,F9
360000,00000316,false,Rx,0,8,00,01,00,00,00,00,00,01
360000,00000544,false,Rx,0,8,20,00,00,00,00,00,00,00
370000,00000018,false,Rx,0,8,47,21,00,00,00,00,00,68
370000,0000002C,false,Rx,0,8,50,58,B9,00,00,00,00,61
370000,00000050,false,Rx,0,8,00,01,00,00,00,00,00,01
370000,00000251,false,Rx,0,8,50,56,7C,00,00,00,00,22
370000,00000260,false,Rx,0,8,50,52,57,00,00,00,00,F9
380000,00000018,false,Rx,0,8,47,26,03,00,00,00,00,70
380000,0000002C,false,Rx,0,8,60,59,37,00,00,00,00,F0
380000,00000050,false,Rx,0,8,00,01,00,00,00,00,00,01
380000,000000A6,false,Rx,0,8,08,A6,08,A6,08,A6,08,A6
380000,00000251,false,Rx,0,8,60,54,68,00,00,00,00,1C
380000,00000260,false,Rx,0,8,60,53,95,00,00,00,00,48
380000,00000316,false,Rx,0,8,00,01,00,00,00,00,00,01
380000,00000544,false,Rx,0,8,30,00,00,00,00,00,00,00
390000,00000018,false,Rx,0,8,47,2A,00,00,00,00,00,71
390000,0000002C,false,Rx,0,8,70,5B,E7,00,00,00,00,B2
390000,00000050,false,Rx,0,8,00,01,00,00,00,00,00,01
390000,00000251,false,Rx,0,8,70,53,CB,00,00,00,00,8E
390000,00000260,false,Rx,0,8,70,54,29,00,00,00,00,ED
400000,00000018,false,Rx,0,8,47,2E,02,00,00,00,00,77
400000,0000002C,false,Rx,0,8,80,5C,71,00,00,00,00,4D
400000,00000050,false,Rx,0,8,00,01,00,00,00,00,00,01
400000,000000A6,false,Rx,0,8,08,B4,08,B4,08,B4,08,B4
400000,00000251,false,Rx,0,8,80,52,7A,00,00,00,00,4C
400000,00000260,false,Rx,0,8,80,56,F2,00,00,00,00,C8
400000,00000316,false,Rx,0,8,00,01,00,00,00,00,00,01
400000,00000544,false,Rx,0,8,40,00,00,00,00,00,00,00
400000,000004F1,false,Rx,0,8,40,00,00,00,00,00,00,40
410000,00000018,false,Rx,0,8,47,33,02,00,00,00,00,7C
410000,0000002C,false,Rx,0,8,90,5E,16,00,00,00,00,04
410000,00000050,false,Rx,0,8,00,01,00,00,00,00,00,01
410000,00000251,false,Rx,0,8,90,51,A4,00,00,00,00,85
410000,00000260,false,Rx,0,8,90,57,3B,00,00,00,00,22
420000,00000018,false,Rx,0,8,47,37,01,00,00,00,00,7F
420000,0000002C,false,Rx,0,8,A0,5F,9A,00,00,00,00,99
420000,00000050,false,Rx,0,8,00,01,00,00,00,00,00,01
420000,000000A6,false,Rx,0,8,08,C2,08,C2,08,C2,08,C2
420000,00000251,false,Rx,0,8,A0,4F,90,00,00,00,00,7F
420000,00000260,false,Rx,0,8,A0,58,9D,00,00,00,00,95
420000,00000316,false,Rx,0,8,00,01,00,00,00,00,00,01
420000,00000544,false,Rx,0,8,50,00,00,00,00,00,00,00
430000,00000018,false,Rx,0,8,47,3B,00,00,00,00,00,82
430000,0000002C,false,Rx,0,8,B0,61,EA,00,00,00,00,FB
430000,00000050,false,Rx,0,8,00,01,00,00,00,00,00,01
430000,00000251,false,Rx,0,8,B0,4E,C2,00,00,00,00,C0
430000,00000260,false,Rx,0,8,B0,5A,CB,00,00,00,00,D5
440000,00000018,false,Rx,0,8,47,3E,00,00,00,00,00,85
440000,0000002C,false,Rx,0,8,C0,63,0F,00,00,00,00,32
440000,00000050,false,Rx,0,8,00,01,00,00,00,00,00,01
440000,000000A6,false,Rx,0,8,08,D0,08,D0,08,D0,08,D0
440000,00000251,false,Rx,0,8,C0,4D,EE,00,00,00,00,FB
440000,00000260,false,Rx,0,8,C0,5B,F1,00,00,00,00,0C
440000,00000316,false,Rx,0,8,00,01,00,00,00,00,00,01
440000,00000544,false,Rx,0,8,60,00,00,00,00,00,00,00
450000,00000018,false,Rx,0,8,47,42,01,00,00,00,00,8A
450000,0000002C,false,Rx,0,8,D0,64,1F,00,00,00,00,53
450000,00000050,false,Rx,0,8,00,01,00,00,00,00,00,01
450000,00000251,false,Rx,0,8,D0,4C,B7,00,00,00,00,D3
450000,00000260,false,Rx,0,8,D0,5D,FA,00,00,00,00,27
460000,00000018,false,Rx,0,8,47,46,02,00,00,00,00,8F
460000,0000002C,false,Rx,0,8,E0,66,F5,00,00,00,00,3B
460000,00000050,false,Rx,0,8,00,01,00,00,00,00,00,01
460000,000000A6,false,Rx,0,8,08,DD,08,DD,08,DD,08,DD
460000,00000251,false,Rx,0,8,E0,4B,9D,00,00,00,00,C8
460000,00000260,false,Rx,0,8,E0,5E,87,00,00,00,00,C5
460000,00000316,false,Rx,0,8,00,01,00,00,00,00,00,01
460000,00000544,false,Rx,0,8,70,00,00,00,00,00,00,00
470000,00000018,false,Rx,0,8,47,49,00,00,00,00,00,90
470000,0000002C,false,Rx,0,8,F0,68,CD,00,00,00,00,25
470000,00000050,false,Rx,0,8,00,01,00,00,00,00,00,01
470000,00000251,false,Rx,0,8,F0,4A,85,00,00,00,00,BF
470000,00000260,false,Rx,0,8,F0,60,2E,00,00,00,00,7E
480000,00000018,false,Rx,0,8,47,4D,01,00,00,00,00,95
480000,0000002C,false,Rx,0,8,00,6A,DA,00,00,00,00,44
480000,00000050,false,Rx,0,8,00,01,00,00,00,00,00,01
480000,000000A6,false,Rx,0,8,08,EB,08,EB,08,EB,08,EB
480000,00000251,false,Rx,0,8,00,4A,B8,00,00,00,00,02
480000,00000260,false,Rx,0,8,00,61,C6,00,00,00,00,27
480000,00000316,false,Rx,0,8,00,01,00,00,00,00,00,01
480000,00000544,false,Rx,0,8,80,00,00,00,00,00,00,00
490000,00000018,false,Rx,0,8,47,50,00,00,00,00,00,97
490000,0000002C,false,Rx,0,8,10,6B,37,00,00,00,00,B2
490000,00000050,false,Rx,0,8,00,01,00,00,00,00,00,01
490000,00000251,false,Rx,0,8,10,49,FE,00,00,00,00,57
490000,00000260,false,Rx,0,8,10,63,5E,00,00,00,00,D1
500000,00000018,false,Rx,0,8,47,53,03,00,00,00,00,9D
500000,0000002C,false,Rx,0,8,20,6D,FB,00,00,00,00,88
500000,00000050,false,Rx,0,8,00,01,00,00,00,00,00,01
500000,000000A6,false,Rx,0,8,08,F8,08,F8,08,F8,08,F8
500000,00000251,false,Rx,0,8,20,48,EE,00,00,00,00,56
500000,00000260,false,Rx,0,8,20,65,BD,00,00,00,00,42
500000,00000316,false,Rx,0,8,00,01,00,00,00,00,00,01
500000,00000544,false,Rx,0,8,90,00,00,00,00,00,00,00
500000,000004F1,false,Rx,0,8,50,00,00,00,00,00,00,50
510000,00000018,false,Rx,0,8,47,56,02,00,00,00,00,9F
510000,0000002C,false,Rx,0,8,30,6F,E3,00,00,00,00,82
510000,00000050,false,Rx,0,8,00,01,00,00,00,00,00,01
510000,00000251,false,Rx,0,8,30,47,32,00,00,00,00,A9
510000,00000260,false,Rx,0,8,30,67,C3,00,00,00,00,5A
520000,00000018,false,Rx,0,8,47,59,03,00,00,00,00,A3
520000,0000002C,false,Rx,0,8,40,71,25,00,00,00,00,D6
520000,00000050,false,Rx,0,8,00,01,00,00,00,00,00,01
520000,000000A6,false,Rx,0,8,09,05,09,05,09,05,09,05
520000,00000251,false,Rx,0,8,40,47,F0,00,00,00,00,77
520000,00000260,false,Rx,0,8,40,68,BD,00,00,00,00,65
520000,00000316,false,Rx,0,8,00,01,00,00,00,00,00,01
520000,00000544,false,Rx,0,8,A0,00,00,00,00,00,00,00
530000,00000018,false,Rx,0,8,47,5C,02,00,00,00,00,A5
530000,0000002C,false,Rx,0,8,50,73,29,00,00,00,00,EC
530000,00000050,false,Rx,0,8,00,01,00,00,00,00,00,01
530000,00000251,false,Rx,0,8,50,46,A3,00,00,00,00,39
530000,00000260,false,Rx,0,8,50,6A,5F,00,00,00,00,19
540000,00000018,false,Rx,0,8,47,5F,01,00,00,00,00,A7
540000,0000002C,false,Rx,0,8,60,74,A4,00,00,00,00,78
540000,00000050,false,Rx,0,8,00,01,00,00,00,00,00,01
540000,000000A6,false,Rx,0,8,09,11,09,11,09,11,09,11
540000,00000251,false,Rx,0,8,60,46,68,00,00,00,00,0E
540000,00000260,false,Rx,0,8,60,6C,E4,00,00,00,00,B0
540000,00000316,false,Rx,0,8,00,01,00,00,00,00,00,01
540000,00000544,false,Rx,0,8,B0,00,00,00,00,00,00,00
550000,00000018,false,Rx,0,8,47,62,02,00,00,00,00,AB
550000,0000002C,false,Rx,0,8,70,76,4B,00,00,00,00,31
550000,00000050,false,Rx,0,8,00,01,00,00,00,00,00,01
550000,00000251,false,Rx,0,8,70,45,BD,00,00,00,00,72
550000,00000260,false,Rx,0,8,70,6E,16,00,00,00,00,F4
560000,00000018,false,Rx,0,8,47,64,02,00,00,00,00,AD
560000,0000002C,false,Rx,0,8,80,78,21,00,00,00,00,19
560000,00000050,false,Rx,0,8,00,01,00,00,00,00,00,01
560000,000000A6,false,Rx,0,8,09,1E,09,1E,09,1E,09,1E
560000,00000251,false,Rx,0,8,80,45,A0,00,00,00,00,65
560000,00000260,false,Rx,0,8,80,6F,86,00,00,00,00,75
560000,00000316,false,Rx,0,8,00,01,00,00,00,00,00,01
560000,00000544,false,Rx,0,8,C0,00,00,00,00,00,00,00
570000,00000018,false,Rx,0,8,47,66,01,00,00,00,00,AE
570000,0000002C,false,Rx,0,8,90,7A,40,00,00,00,00,4A
570000,00000050,false,Rx,0,8,00,01,00,00,00,00,00,01
570000,00000251,false,Rx,0,8,90,44,D3,00,00,00,00,A7
570000,00000260,false,Rx,0,8,90,71,E1,00,00,00,00,E2
580000,00000018,false,Rx,0,8,47,69,02,00,00,00,00,B2
580000,0000002C,false,Rx,0,8,A0,7C,8C,00,00,00,00,A8
580000,00000050,false,Rx,0,8,00,01,00,00,00,00,00,01
580000,000000A6,false,Rx,0,8,09,2A,09,2A,09,2A,09,2A
580000,00000251,false,Rx,0,8,A0,44,17,00,00,00,00,FB
580000,00000260,false,Rx,0,8,A0,73,EE,00,00,00,00,01
580000,00000316,false,Rx,0,8,00,01,00,00,00,00,00,01
580000,00000544,false,Rx,0,8,D0,00,00,00,00,00,00,00
590000,00000018,false,Rx,0,8,47,6B,00,00,00,00,00,B2
590000,0000002C,false,Rx,0,8,B0,7E,A6,00,00,00,00,D4
590000,00000050,false,Rx,0,8,00,01,00,00,00,00,00,01
590000,00000251,false,Rx,0,8,B0,44,71,00,00,00,00,65
590000,00000260,false,Rx,0,8,B0,75,86,00,00,00,00,AB
600000,00000018,false,Rx,0,8,47,6D,01,00,00,00,00,B5
600000,0000002C,false,Rx,0,8,C0,80,C3,00,00,00,00,03
600000,00000050,false,Rx,0,8,00,01,00,00,00,00,00,01
600000,000000A6,false,Rx,0,8,09,36,09,36,09,36,09,36
600000,00000251,false,Rx,0,8,C0,44,4A,00,00,00,00,4E
600000,00000260,false,Rx,0,8,C0,77,73,00,00,00,00,AA
600000,00000316,false,Rx,0,8,00,01,00,00,00,00,00,01
600000,00000544,false,Rx,0,8,E0,00,00,00,00,00,00,00
600000,000004F1,false,Rx,0,8,60,00,00,00,00,00,00,60
610000,00000018,false,Rx,0,8,47,6F,01,00,00,00,00,B7
610000,0000002C,false,Rx,0,8,D0,81,96,00,00,00,00,E7
610000,00000050,false,Rx,0,8,00,01,00,00,00,00,00,01
610000,00000251,false,Rx,0,8,D0,44,08,00,00,00,00,1C
610000,00000260,false,Rx,0,8,D0,79,89,00,00,00,00,D2
620000,00000018,false,Rx,0,8,47,70,01,00,00,00,00,B8
620000,0000002C,false,Rx,0,8,E0,83,E8,00,00,00,00,4B
620000,00000050,false,Rx,0,8,00,01,00,00,00,00,00,01
620000,000000A6,false,Rx,0,8,09,41,09,41,09,41,09,41
620000,00000251,false,Rx,0,8,E0,44,85,00,00,00,00,A9
620000,00000260,false,Rx,0,8,E0,7A,1F,00,00,00,00,79
620000,00000316,false,Rx,0,8,00,01,00,00,00,00,00,01
620000,00000544,false,Rx,0,8,F0,00,00,00,00,00,00,00
630000,00000018,false,Rx,0,8,47,72,03,00,00,00,00,BC
630000,0000002C,false,Rx,0,8,F0,85,DC,00,00,00,00,51
630000,00000050,false,Rx,0,8,00,01,00,00,00,00,00,01
630000,00000251,false,Rx,0,8,F0,44,D5,00,00,00,00,09
630000,00000260,false,Rx,0,8,F0,7C,4D,00,00,00,00,B9
640000,00000018,false,Rx,0,8,47,74,03,00,00,00,00,BE
640000,0000002C,false,Rx,0,8,00,87,32,00,00,00,00,B9
640000,00000050,false,Rx,0,8,00,01,00,00,00,00,00,01
640000,000000A6,false,Rx,0,8,09,4C,09,4C,09,4C,09,4C
640000,00000251,false,Rx,0,8,00,44,97,00,00,00,00,DB
640000,00000260,false,Rx,0,8,00,7E,31,00,00,00,00,AF
640000,00000316,false,Rx,0,8,00,01,00,00,00,00,00,01
640000,00000544,false,Rx,0,8,00,00,00,00,00,00,00,00
650000,00000018,false,Rx,0,8,47,75,02,00,00,00,00,BE
650000,0000002C,false,Rx,0,8,10,89,3A,00,00,00,00,D3
650000,00000050,false,Rx,0,8,00,01,00,00,00,00,00,01
650000,00000251,false,Rx,0,8,10,44,4E,00,00,00,00,A2
650000,00000260,false,Rx,0,8,10,80,2B,00,00,00,00,BB
660000,00000018,false,Rx,0,8,47,76,01,00,00,00,00,BE
660000,0000002C,false,Rx,0,8,20,8B,6E,00,00,00,00,19
660000,00000050,false,Rx,0,8,00,01,00,00,00,00,00,01
660000,000000A6,false,Rx,0,8,09,58,09,58,09,58,09,58
660000,00000251,false,Rx,0,8,20,44,64,00,00,00,00,C8
660000,00000260,false,Rx,0,8,20,82,B0,00,00,00,00,52
660000,00000316,false,Rx,0,8,00,01,00,00,00,00,00,01
660000,00000544,false,Rx,0,8,10,00,00,00,00,00,00,00
670000,00000018,false,Rx,0,8,47,77,02,00,00,00,00,C0
670000,0000002C,false,Rx,0,8,30,8D,DC,00,00,00,00,99
670000,00000050,false,Rx,0,8,00,01,00,00,00,00,00,01
670000,00000251,false,Rx,0,8,30,44,A8,00,00,00,00,1C
670000,00000260,false,Rx,0,8,30,84,D3,00,00,00,00,87
680000,00000018,false,Rx,0,8,47,78,00,00,00,00,00,BF
680000,0000002C,false,Rx,0,8,40,8F,E7,00,00,00,00,B6
680000,00000050,false,Rx,0,8,00,01,00,00,00,00,00,01
680000,000000A6,false,Rx,0,8,09,62,09,62,09,62,09,62
680000,00000251,false,Rx,0,8,40,44,75,00,00,00,00,F9
680000,00000260,false,Rx,0,8,40,86,74,00,00,00,00,3A
680000,00000316,false,Rx,0,8,00,01,00,00,00,00,00,01
680000,00000544,false,Rx,0,8,20,00,00,00,00,00,00,00
690000,00000018,false,Rx,0,8,47,79,01,00,00,00,00,C1
690000,0000002C,false,Rx,0,8,50,90,74,00,00,00,00,54
690000,00000050,false,Rx,0,8,00,01,00,00,00,00,00,01
690000,00000251,false,Rx,0,8,50,45,C2,00,00,00,00,57
690000,00000260,false,Rx,0,8,50,88,1F,00,00,00,00,F7
700000,00000018,false,Rx,0,8,47,7A,00,00,00,00,00,C1
700000,0000002C,false,Rx,0,8,60,92,D3,00,00,00,00,C5
700000,00000050,false,Rx,0,8,00,01,00,00,00,00,00,01
700000,000000A6,false,Rx,0,8,09,6D,09,6D,09,6D,09,6D
700000,00000251,false,Rx,0,8,60,45,7D,00,00,00,00,22
700000,00000260,false,Rx,0,8,60,89,C6,00,00,00,00,AF
700000,00000316,false,Rx,0,8,00,01,00,00,00,00,00,01
700000,00000544,false,Rx,0,8,30,00,00,00,00,00,00,00
700000,000004F1,false,Rx,0,8,70,00,00,00,00,00,00,70
710000,00000018,false,Rx,0,8,47,7A,02,00,00,00,00,C3
710000,0000002C,false,Rx,0,8,70,94,AD,00,00,00,00,B1
710000,00000050,false,Rx,0,8,00,01,00,00,00,00,00,01
710000,00000251,false,Rx,0,8,70,46,FF,00,00,00,00,B5
710000,00000260,false,Rx,0,8,70,8B,D6,00,00,00,00,D1
720000,00000018,false,Rx,0,8,47,7B,03,00,00,00,00,C5
720000,0000002C,false,Rx,0,8,80,96,E8,00,00,00,00,FE
720000,00000050,false,Rx,0,8,00,01,00,00,00,00,00,01
720000,000000A6,false,Rx,0,8,09,77,09,77,09,77,09,77
720000,00000251,false,Rx,0,8,80,46,AC,00,00,00,00,72
720000,00000260,false,Rx,0,8,80,8D,F3,00,00,00,00,00
720000,00000316,false,Rx,0,8,00,01,00,00,00,00,00,01
720000,00000544,false,Rx,0,8,40,00,00,00,00,00,00,00
730000,00000018,false,Rx,0,8,47,7B,02,00,00,00,00,C4
730000,0000002C,false,Rx,0,8,90,97,CC,00,00,00,00,F3
730000,00000050,false,Rx,0,8,00,01,00,00,00,00,00,01
730000,00000251,false,Rx,0,8,90,47,83,00,00,00,00,5A
730000,00000260,false,Rx,0,8,90,8F,78,00,00,00,00,97
740000,00000018,false,Rx,0,8,47,7B,00,00,00,00,00,C2
740000,0000002C,false,Rx,0,8,A0,99,D4,00,00,00,00,0D
740000,00000050,false,Rx,0,8,00,01,00,00,00,00,00,01
740000,000000A6,false,Rx,0,8,09,81,09,81,09,81,09,81
740000,00000251,false,Rx,0,8,A0,47,FA,00,00,00,00,E1
740000,00000260,false,Rx,0,8,A0,91,F3,00,00,00,00,24
740000,00000316,false,Rx,0,8,00,01,00,00,00,00,00,01
740000,00000544,false,Rx,0,8,50,00,00,00,00,00,00,00
750000,00000018,false,Rx,0,8,47,7C,01,00,00,00,00,C4
750000,0000002C,false,Rx,0,8,B0,9B,30,00,00,00,00,7B
750000,00000050,false,Rx,0,8,00,01,00,00,00,00,00,01
750000,00000251,false,Rx,0,8,B0,48,FB,00,00,00,00,F3
750000,00000260,false,Rx,0,8,B0,93,99,00,00,00,00,DC
760000,00000018,false,Rx,0,8,47,7B,02,00,00,00,00,C4
760000,0000002C,false,Rx,0,8,C0,9C,A0,00,00,00,00,FC
760000,00000050,false,Rx,0,8,00,01,00,00,00,00,00,01
760000,000000A6,false,Rx,0,8,09,8A,09,8A,09,8A,09,8A
760000,00000251,false,Rx,0,8,C0,49,EB,00,00,00,00,F4
760000,00000260,false,Rx,0,8,C0,94,28,00,00,00,00,7C
760000,00000316,false,Rx,0,8,00,01,00,00,00,00,00,01
760000,00000544,false,Rx,0,8,60,00,00,00,00,00,00,00
770000,00000018,false,Rx,0,8,47,7B,01,00,00,00,00,C3
770000,0000002C,false,Rx,0,8,D0,9E,DA,00,00,00,00,48
770000,00000050,false,Rx,0,8,00,01,00,00,00,00,00,01
770000,00000251,false,Rx,0,8,D0,4A,56,00,00,00,00,70
770000,00000260,false,Rx,0,8,D0,96,CA,00,00,00,00,30
780000,00000018,false,Rx,0,8,47,7B,03,00,00,00,00,C5
780000,0000002C,false,Rx,0,8,E0,A0,A0,00,00,00,00,20
780000,00000050,false,Rx,0,8,00,01,00,00,00,00,00,01
780000,000000A6,false,Rx,0,8,09,93,09,93,09,93,09,93
780000,00000251,false,Rx,0,8,E0,4B,B4,00,00,00,00,DF
780000,00000260,false,Rx,0,8,E0,98,11,00,00,00,00,89
780000,00000316,false,Rx,0,8,00,01,00,00,00,00,00,01
780000,00000544,false,Rx,0,8,70,00,00,00,00,00,00,00
790000,00000018,false,Rx,0,8,47,7A,03,00,00,00,00,C4
790000,0000002C,false,Rx,0,8,F0,A1,82,00,00,00,00,13
790000,00000050,false,Rx,0,8,00,01,00,00,00,00,00,01
790000,00000251,false,Rx,0,8,F0,4B,56,00,00,00,00,91
790000,00000260,false,Rx,0,8,F0,9A,4B,00,00,00,00,D5
800000,00000018,false,Rx,0,8,47,7A,03,00,00,00,00,C4
800000,0000002C,false,Rx,0,8,00,A3,BF,00,00,00,00,62
800000,00000050,false,Rx,0,8,00,01,00,00,00,00,00,01
800000,000000A6,false,Rx,0,8,09,9C,09,9C,09,9C,09,9C
800000,00000251,false,Rx,0,8,00,4C,47,00,00,00,00,93
800000,00000260,false,Rx,0,8,00,9B,3D,00,00,00,00,D8
800000,00000316,false,Rx,0,8,00,01,00,00,00,00,00,01
800000,00000544,false,Rx,0,8,80,00,00,00,00,00,00,00
800000,000004F1,false,Rx,0,8,80,00,00,00,00,00,00,80
810000,00000018,false,Rx,0,8,47,79,01,00,00,00,00,C1
810000,0000002C,false,Rx,0,8,10,A4,4E,00,00,00,00,02
810000,00000050,false,Rx,0,8,00,01,00,00,00,00,00,01
810000,00000251,false,Rx,0,8,10,4D,FA,00,00,00,00,57
810000,00000260,false,Rx,0,8,10,9D,E5,00,00,00,00,92
820000,00000018,false,Rx,0,8,47,78,02,00,00,00,00,C1
820000,0000002C,false,Rx,0,8,20,A6,F2,00,00,00,00,B8
820000,00000050,false,Rx,0,8,00,01,00,00,00,00,00,01
820000,000000A6,false,Rx,0,8,09,A4,09,A4,09,A4,09,A4
820000,00000251,false,Rx,0,8,20,4E,5E,00,00,00,00,CC
820000,00000260,false,Rx,0,8,20,9F,58,00,00,00,00,17
820000,00000316,false,Rx,0,8,00,01,00,00,00,00,00,01
820000,00000544,false,Rx,0,8,90,00,00,00,00,00,00,00
830000,00000018,false,Rx,0,8,47,77,01,00,00,00,00,BF
830000,0000002C,false,Rx,0,8,30,A7,22,00,00,00,00,F9
830000,00000050,false,Rx,0,8,00,01,00,00,00,00,00,01
830000,00000251,false,Rx,0,8,30,50,1E,00,00,00,00,9E
830000,00000260,false,Rx,0,8,30,A0,55,00,00,00,00,25
840000,00000018,false,Rx,0,8,47,76,01,00,00,00,00,BE
840000,0000002C,false,Rx,0,8,40,A9,2E,00,00,00,00,17
840000,00000050,false,Rx,0,8,00,01,00,00,00,00,00,01
840000,000000A6,false,Rx,0,8,09,AC,09,AC,09,AC,09,AC
840000,00000251,false,Rx,0,8,40,51,11,00,00,00,00,A2
840000,00000260,false,Rx,0,8,40,A2,6C,00,00,00,00,4E
840000,00000316,false,Rx,0,8,00,01,00,00,00,00,00,01
840000,00000544,false,Rx,0,8,A0,00,00,00,00,00,00,00
850000,00000018,false,Rx,0,8,47,75,02,00,00,00,00,BE
850000,0000002C,false,Rx,0,8,50,AA,2B,00,00,00,00,25
850000,00000050,false,Rx,0,8,00,01,00,00,00,00,00,01
850000,00000251,false,Rx,0,8,50,52,26,00,00,00,00,C8
850000,00000260,false,Rx,0,8,50,A3,62,00,00,00,00,55
860000,00000018,false,Rx,0,8,47,74,03,00,00,00,00,BE
860000,0000002C,false,Rx,0,8,60,AB,2F,00,00,00,00,3A
860000,00000050,false,Rx,0,8,00,01,00,00,00,00,00,01
860000,000000A6,false,Rx,0,8,09,B4,09,B4,09,B4,09,B4
860000,00000251,false,Rx,0,8,60,53,18,00,00,00,00,CB
860000,00000260,false,Rx,0,8,60,A5,40,00,00,00,00,45
860000,00000316,false,Rx,0,8,00,01,00,00,00,00,00,01
860000,00000544,false,Rx,0,8,B0,00,00,00,00,00,00,00
870000,00000018,false,Rx,0,8,47,72,03,00,00,00,00,BC
870000,0000002C,false,Rx,0,8,70,AD,DD,00,00,00,00,FA
870000,00000050,false,Rx,0,8,00,01,00,00,00,00,00,01
870000,00000251,false,Rx,0,8,70,55,03,00,00,00,00,C8
870000,00000260,false,Rx,0,8,70,A6,15,00,00,00,00,2B
880000,00000018,false,Rx,0,8,47,70,02,00,00,00,00,B9
880000,0000002C,false,Rx,0,8,80,AE,31,00,00,00,00,5F
880000,00000050,false,Rx,0,8,00,01,00,00,00,00,00,01
880000,000000A6,false,Rx,0,8,09,BC,09,BC,09,BC,09,BC
880000,00000251,false,Rx,0,8,80,56,D3,00,00,00,00,A9
880000,00000260,false,Rx,0,8,80,A8,D8,00,00,00,00,00
880000,00000316,false,Rx,0,8,00,01,00,00,00,00,00,01
880000,00000544,false,Rx,0,8,C0,00,00,00,00,00,00,00
890000,00000018,false,Rx,0,8,47,6F,01,00,00,00,00,B7
890000,0000002C,false,Rx,0,8,90,AF,BE,00,00,00,00,FD
890000,00000050,false,Rx,0,8,00,01,00,00,00,00,00,01
890000,00000251,false,Rx,0,8,90,57,46,00,00,00,00,2D
890000,00000260,false,Rx,0,8,90,A9,28,00,00,00,00,61
900000,00000018,false,Rx,0,8,47,6D,01,00,00,00,00,B5
900000,0000002C,false,Rx,0,8,A0,B0,42,00,00,00,00,92
900000,00000050,false,Rx,0,8,00,01,00,00,00,00,00,01
900000,000000A6,false,Rx,0,8,09,C3,09,C3,09,C3,09,C3
900000,00000251,false,Rx,0,8,A0,59,76,00,00,00,00,6F
900000,00000260,false,Rx,0,8,A0,AA,DE,00,00,00,00,28
900000,00000316,false,Rx,0,8,00,01,00,00,00,00,00,01
900000,00000544,false,Rx,0,8,D0,00,00,00,00,00,00,00
900000,000004F1,false,Rx,0,8,90,00,00,00,00,00,00,90
910000,00000018,false,Rx,0,8,47,6B,03,00,00,00,00,B5
910000,0000002C,false,Rx,0,8,B0,B1,1E,00,00,00,00,7F
910000,00000050,false,Rx,0,8,00,01,00,00,00,00,00,01
910000,00000251,false,Rx,0,8,B0,5A,22,00,00,00,00,2C
910000,00000260,false,Rx,0,8,B0,AC,67,00,00,00,00,C3
920000,00000018,false,Rx,0,8,47,69,00,00,00,00,00,B0
920000,0000002C,false,Rx,0,8,C0,B2,A8,00,00,00,00,1A
920000,00000050,false,Rx,0,8,00,01,00,00,00,00,00,01
920000,000000A6,false,Rx,0,8,09,C9,09,C9,09,C9,09,C9
920000,00000251,false,Rx,0,8,C0,5C,4D,00,00,00,00,69
920000,00000260,false,Rx,0,8,C0,AD,4B,00,00,00,00,B8
920000,00000316,false,Rx,0,8,00,01,00,00,00,00,00,01
920000,00000544,false,Rx,0,8,E0,00,00,00,00,00,00,00
930000,00000018,false,Rx,0,8,47,66,00,00,00,00,00,AD
930000,0000002C,false,Rx,0,8,D0,B3,3E,00,00,00,00,C1
930000,00000050,false,Rx,0,8,00,01,00,00,00,00,00,01
930000,00000251,false,Rx,0,8,D0,5D,04,00,00,00,00,31
930000,00000260,false,Rx,0,8,D0,AE,84,00,00,00,00,02
940000,00000018,false,Rx,0,8,47,64,00,00,00,00,00,AB
940000,0000002C,false,Rx,0,8,E0,B4,D2,00,00,00,00,66
940000,00000050,false,Rx,0,8,00,01,00,00,00,00,00,01
940000,000000A6,false,Rx,0,8,09,D0,09,D0,09,D0,09,D0
940000,00000251,false,Rx,0,8,E0,5F,6F,00,00,00,00,AE
940000,00000260,false,Rx,0,8,E0,AF,A3,00,00,00,00,32
940000,00000316,false,Rx,0,8,00,01,00,00,00,00,00,01
940000,00000544,false,Rx,0,8,F0,00,00,00,00,00,00,00
950000,00000018,false,Rx,0,8,47,62,01,00,00,00,00,AA
950000,0000002C,false,Rx,0,8,F0,B5,B5,00,00,00,00,5A
950000,00000050,false,Rx,0,8,00,01,00,00,00,00,00,01
950000,00000251,false,Rx,0,8,F0,60,E9,00,00,00,00,39
950000,00000260,false,Rx,0,8,F0,B0,22,00,00,00,00,C2
960000,00000018,false,Rx,0,8,47,5F,01,00,00,00,00,A7
960000,0000002C,false,Rx,0,8,00,B6,D8,00,00,00,00,8E
960000,00000050,false,Rx,0,8,00,01,00,00,00,00,00,01
960000,000000A6,false,Rx,0,8,09,D5,09,D5,09,D5,09,D5
960000,00000251,false,Rx,0,8,00,62,BF,00,00,00,00,21
960000,00000260,false,Rx,0,8,00,B1,2C,00,00,00,00,DD
960000,00000316,false,Rx,0,8,00,01,00,00,00,00,00,01
960000,00000544,false,Rx,0,8,00,00,00,00,00,00,00,00
970000,00000018,false,Rx,0,8,47,5C,03,00,00,00,00,A6
970000,0000002C,false,Rx,0,8,10,B7,1A,00,00,00,00,E1
970000,00000050,false,Rx,0,8,00,01,00,00,00,00,00,01
970000,00000251,false,Rx,0,8,10,64,1E,00,00,00,00,92
970000,00000260,false,Rx,0,8,10,B2,C6,00,00,00,00,88
980000,00000018,false,Rx,0,8,47,59,00,00,00,00,00,A0
980000,0000002C,false,Rx,0,8,20,B7,93,00,00,00,00,6A
980000,00000050,false,Rx,0,8,00,01,00,00,00,00,00,01
980000,000000A6,false,Rx,0,8,09,DB,09,DB,09,DB,09,DB
980000,00000251,false,Rx,0,8,20,65,F7,00,00,00,00,7C
980000,00000260,false,Rx,0,8,20,B3,CB,00,00,00,00,9E
980000,00000316,false,Rx,0,8,00,01,00,00,00,00,00,01
980000,00000544,false,Rx,0,8,10,00,00,00,00,00,00,00
990000,00000018,false,Rx,0,8,47,56,03,00,00,00,00,A0
990000,0000002C,false,Rx,0,8,30,B8,9F,00,00,00,00,87
990000,00000050,false,Rx,0,8,00,01,00,00,00,00,00,01
990000,00000251,false,Rx,0,8,30,67,F9,00,00,00,00,90
990000,00000260,false,Rx,0,8,30,B4,A6,00,00,00,00,8A
1000000,00000018,false,Rx,0,8,47,53,03,00,00,00,00,9D
1000000,0000002C,false,Rx,0,8,40,B9,B4,00,00,00,00,AD
1000000,00000050,false,Rx,0,8,00,01,00,00,00,00,00,01
1000000,000000A6,false,Rx,0,8,09,E0,09,E0,09,E0,09,E0
1000000,00000251,false,Rx,0,8,40,69,08,00,00,00,00,B1
1000000,00000260,false,Rx,0,8,40,B5,8D,00,00,00,00,82
1000000,00000316,false,Rx,0,8,00,01,00,00,00,00,00,01
1000000,00000544,false,Rx,0,8,20,00,00,00,00,00,00,00
1000000,00000593,false,Rx,0,8,B2,B4,B3,B5,00,00,00,00
1000000,000004F1,false,Rx,0,8,A0,00,00,00,00,00,00,A0
1010000,00000018,false,Rx,0,8,47,50,03,00,00,00,00,9A
1010000,0000002C,false,Rx,0,8,50,B9,35,00,00,00,00,3E
1010000,00000050,false,Rx,0,8,00,01,00,00,00,00,00,01
1010000,00000251,false,Rx,0,8,50,6A,03,00,00,00,00,BD
1010000,00000260,false,Rx,0,8,50,B6,EA,00,00,00,00,F0
1020000,00000018,false,Rx,0,8,47,4D,02,00,00,00,00,96
1020000,0000002C,false,Rx,0,8,60,BA,6C,00,00,00,00,86
1020000,00000050,false,Rx,0,8,00,01,00,00,00,00,00,01
1020000,000000A6,false,Rx,0,8,09,E5,09,E5,09,E5,09,E5
1020000,00000251,false,Rx,0,8,60,6C,D2,00,00,00,00,9E
1020000,00000260,false,Rx,0,8,60,B7,06,00,00,00,00,1D
1020000,00000316,false,Rx,0,8,00,01,00,00,00,00,00,01
1020000,00000544,false,Rx,0,8,30,00,00,00,00,00,00,00
1030000,00000018,false,Rx,0,8,47,49,00,00,00,00,00,90
1030000,0000002C,false,Rx,0,8,70,BA,4F,00,00,00,00,79
1030000,00000050,false,Rx,0,8,00,01,00,00,00,00,00,01
1030000,00000251,false,Rx,0,8,70,6E,06,00,00,00,00,E4
1030000,00000260,false,Rx,0,8,70,B8,D6,00,00,00,00,FE
1040000,00000018,false,Rx,0,8,47,46,00,00,00,00,00,8D
1040000,0000002C,false,Rx,0,8,80,BA,F6,00,00,00,00,30
1040000,00000050,false,Rx,0,8,00,01,00,00,00,00,00,01
1040000,000000A6,false,Rx,0,8,09,E9,09,E9,09,E9,09,E9
1040000,00000251,false,Rx,0,8,80,70,08,00,00,00,00,F8
1040000,00000260,false,Rx,0,8,80,B8,39,00,00,00,00,71
1040000,00000316,false,Rx,0,8,00,01,00,00,00,00,00,01
1040000,00000544,false,Rx,0,8,40,00,00,00,00,00,00,00
1050000,00000018,false,Rx,0,8,47,42,02,00,00,00,00,8B
1050000,0000002C,false,Rx,0,8,90,BB,72,00,00,00,00,BD
1050000,00000050,false,Rx,0,8,00,01,00,00,00,00,00,01
1050000,00000251,false,Rx,0,8,90,72,8C,00,00,00,00,8E
1050000,00000260,false,Rx,0,8,90,B9,D4,00,00,00,00,1D
1060000,00000018,false,Rx,0,8,47,3E,02,00,00,00,00,87
1060000,0000002C,false,Rx,0,8,A0,BB,37,00,00,00,00,92
1060000,00000050,false,Rx,0,8,00,01,00,00,00,00,00,01
1060000,000000A6,false,Rx,0,8,09,ED,09,ED,09,ED,09,ED
1060000,00000251,false,Rx,0,8,A0,73,92,00,00,00,00,A5
1060000,00000260,false,Rx,0,8,A0,B9,4C,00,00,00,00,A5
1060000,00000316,false,Rx,0,8,00,01,00,00,00,00,00,01
1060000,00000544,false,Rx,0,8,50,00,00,00,00,00,00,00
1070000,00000018,false,Rx,0,8,47,3B,00,00,00,00,00,82
1070000,0000002C,false,Rx,0,8,B0,BB,B3,00,00,00,00,1E
1070000,00000050,false,Rx,0,8,00,01,00,00,00,00,00,01
1070000,00000251,false,Rx,0,8,B0,75,08,00,00,00,00,2D
1070000,00000260,false,Rx,0,8,B0,BA,4B,00,00,00,00,B5
1080000,00000018,false,Rx,0,8,47,37,02,00,00,00,00,80
1080000,0000002C,false,Rx,0,8,C0,BB,BC,00,00,00,00,37
1080000,00000050,false,Rx,0,8,00,01,00,00,00,00,00,01
1080000,000000A6,false,Rx,0,8,09,F1,09,F1,09,F1,09,F1
1080000,00000251,false,Rx,0,8,C0,77,DC,00,00,00,00,13
1080000,00000260,false,Rx,0,8,C0,BA,33,00,00,00,00,AD
1080000,00000316,false,Rx,0,8,00,01,00,00,00,00,00,01
1080000,00000544,false,Rx,0,8,60,00,00,00,00,00,00,00
1090000,00000018,false,Rx,0,8,47,33,03,00,00,00,00,7D
1090000,0000002C,false,Rx,0,8,D0,BB,3A,00,00,00,00,C5
1090000,00000050,false,Rx,0,8,00,01,00,00,00,00,00,01
1090000,00000251,false,Rx,0,8,D0,79,5B,00,00,00,00,A4
1090000,00000260,false,Rx,0,8,D0,BB,36,00,00,00,00,C1
1100000,00000018,false,Rx,0,8,47,2E,01,00,00,00,00,76
1100000,0000002C,false,Rx,0,8,E0,BB,8E,00,00,00,00,29
1100000,00000050,false,Rx,0,8,00,01,00,00,00,00,00,01
1100000,000000A6,false,Rx,0,8,09,F4,09,F4,09,F4,09,F4
1100000,00000251,false,Rx,0,8,E0,7B,36,00,00,00,00,91
1100000,00000260,false,Rx,0,8,E0,BB,33,00,00,00,00,CE
1100000,00000316,false,Rx,0,8,00,01,00,00,00,00,00,01
1100000,00000544,false,Rx,0,8,70,00,00,00,00,00,00,00
1100000,000004F1,false,Rx,0,8,B0,00,00,00,00,00,00,B0
1110000,00000018,false,Rx,0,8,47,2A,03,00,00,00,00,74
1110000,0000002C,false,Rx,0,8,F0,BB,73,00,00,00,00,1E
1110000,00000050,false,Rx,0,8,00,01,00,00,00,00,00,01
1110000,00000251,false,Rx,0,8,F0,7D,31,00,00,00,00,9E
1110000,00000260,false,Rx,0,8,F0,BB,92,00,00,00,00,3D
1120000,00000018,false,Rx,0,8,47,26,00,00,00,00,00,6D
1120000,0000002C,false,Rx,0,8,00,BB,DB,00,00,00,00,96
1120000,00000050,false,Rx,0,8,00,01,00,00,00,00,00,01
1120000,000000A6,false,Rx,0,8,09,F7,09,F7,09,F7,09,F7
1120000,00000251,false,Rx,0,8,00,7F,4C,00,00,00,00,CB
1120000,00000260,false,Rx,0,8,00,BB,B0,00,00,00,00,6B
1120000,00000316,false,Rx,0,8,00,01,00,00,00,00,00,01
1120000,00000544,false,Rx,0,8,80,00,00,00,00,00,00,00
1130000,00000018,false,Rx,0,8,47,21,02,00,00,00,00,6A
1130000,0000002C,false,Rx,0,8,10,BB,0D,00,00,00,00,D8
1130000,00000050,false,Rx,0,8,00,01,00,00,00,00,00,01
1130000,00000251,false,Rx,0,8,10,81,7B,00,00,00,00,0C
1130000,00000260,false,Rx,0,8,10,BB,D2,00,00,00,00,9D
1140000,00000018,false,Rx,0,8,47,1D,01,00,00,00,00,65
1140000,0000002C,false,Rx,0,8,20,BB,88,00,00,00,00,63
1140000,00000050,false,Rx,0,8,00,01,00,00,00,00,00,01
1140000,000000A6,false,Rx,0,8,09,F9,09,F9,09,F9,09,F9
1140000,00000251,false,Rx,0,8,20,82,62,00,00,00,00,04
1140000,00000260,false,Rx,0,8,20,BB,87,00,00,00,00,62
1140000,00000316,false,Rx,0,8,00,01,00,00,00,00,00,01
1140000,00000544,false,Rx,0,8,90,00,00,00,00,00,00,00
1150000,00000018,false,Rx,0,8,47,18,00,00,00,00,00,5F
1150000,0000002C,false,Rx,0,8,30,BB,0E,00,00,00,00,F9
1150000,00000050,false,Rx,0,8,00,01,00,00,00,00,00,01
1150000,00000251,false,Rx,0,8,30,84,81,00,00,00,00,35
1150000,00000260,false,Rx,0,8,30,BB,C4,00,00,00,00,AF
1160000,00000018,false,Rx,0,8,47,14,02,00,00,00,00,5D
1160000,0000002C,false,Rx,0,8,40,BA,5C,00,00,00,00,56
1160000,00000050,false,Rx,0,8,00,01,00,00,00,00,00,01
1160000,000000A6,false,Rx,0,8,09,FB,09,FB,09,FB,09,FB
1160000,00000251,false,Rx,0,8,40,86,B5,00,00,00,00,7B
1160000,00000260,false,Rx,0,8,40,BB,F8,00,00,00,00,F3
1160000,00000316,false,Rx,0,8,00,01,00,00,00,00,00,01
1160000,00000544,false,Rx,0,8,A0,00,00,00,00,00,00,00
1170000,00000018,false,Rx,0,8,47,0F,01,00,00,00,00,57
1170000,0000002C,false,Rx,0,8,50,BA,8B,00,00,00,00,95
1170000,00000050,false,Rx,0,8,00,01,00,00,00,00,00,01
1170000,00000251,false,Rx,0,8,50,88,88,00,00,00,00,60
1170000,00000260,false,Rx,0,8,50,BB,F2,00,00,00,00,FD
1180000,00000018,false,Rx,0,8,47,0A,01,00,00,00,00,52
1180000,0000002C,false,Rx,0,8,60,BA,9E,00,00,00,00,B8
1180000,00000050,false,Rx,0,8,00,01,00,00,00,00,00,01
1180000,000000A6,false,Rx,0,8,09,FD,09,FD,09,FD,09,FD
1180000,00000251,false,Rx,0,8,60,8A,CB,00,00,00,00,B5
1180000,00000260,false,Rx,0,8,60,BB,13,00,00,00,00,2E
1180000,00000316,false,Rx,0,8,00,01,00,00,00,00,00,01
1180000,00000544,false,Rx,0,8,B0,00,00,00,00,00,00,00
1190000,00000018,false,Rx,0,8,47,05,02,00,00,00,00,4E
1190000,0000002C,false,Rx,0,8,70,B9,AD,00,00,00,00,D6
1190000,00000050,false,Rx,0,8,00,01,00,00,00,00,00,01
1190000,00000251,false,Rx,0,8,70,8C,28,00,00,00,00,24
1190000,00000260,false,Rx,0,8,70,BB,58,00,00,00,00,83
1200000,00000018,false,Rx,0,8,47,00,01,00,00,00,00,48
1200000,0000002C,false,Rx,0,8,80,B9,B3,00,00,00,00,EC
1200000,00000050,false,Rx,0,8,00,01,00,00,00,00,00,01
1200000,000000A6,false,Rx,0,8,09,FE,09,FE,09,FE,09,FE
1200000,00000251,false,Rx,0,8,80,8E,BF,00,00,00,00,CD
1200000,00000260,false,Rx,0,8,80,BB,8D,00,00,00,00,C8
1200000,00000316,false,Rx,0,8,00,01,00,00,00,00,00,01
1200000,00000544,false,Rx,0,8,C0,00,00,00,00,00,00,00
1200000,000004F1,false,Rx,0,8,C0,00,00,00,00,00,00,C0
1210000,00000018,false,Rx,0,8,46,FB,00,00,00,00,00,41
1210000,0000002C,false,Rx,0,8,90,B8,03,00,00,00,00,4B
1210000,00000050,false,Rx,0,8,00,01,00,00,00,00,00,01
1210000,00000251,false,Rx,0,8,90,8F,CF,00,00,00,00,EE
1210000,00000260,false,Rx,0,8,90,BA,CE,00,00,00,00,18
1220000,00000018,false,Rx,0,8,46,F6,02,00,00,00,00,3E
1220000,0000002C,false,Rx,0,8,A0,B7,5C,00,00,00,00,B3
1220000,00000050,false,Rx,0,8,00,01,00,00,00,00,00,01
1220000,000000A6,false,Rx,0,8,09,FF,09,FF,09,FF,09,FF
1220000,00000251,false,Rx,0,8,A0,91,EB,00,00,00,00,1C
1220000,00000260,false,Rx,0,8,A0,BA,49,00,00,00,00,A3
1220000,00000316,false,Rx,0,8,00,01,00,00,00,00,00,01
1220000,00000544,false,Rx,0,8,D0,00,00,00,00,00,00,00
1230000,00000018,false,Rx,0,8,46,F0,03,00,00,00,00,39
1230000,0000002C,false,Rx,0,8,B0,B7,49,00,00,00,00,B0
1230000,00000050,false,Rx,0,8,00,01,00,00,00,00,00,01
1230000,00000251,false,Rx,0,8,B0,93,7C,00,00,00,00,BF
1230000,00000260,false,Rx,0,8,B0,B9,CD,00,00,00,00,36
1240000,00000018,false,Rx,0,8,46,EB,00,00,00,00,00,31
1240000,0000002C,false,Rx,0,8,C0,B6,CD,00,00,00,00,43
1240000,00000050,false,Rx,0,8,00,01,00,00,00,00,00,01
1240000,000000A6,false,Rx,0,8,09,FF,09,FF,09,FF,09,FF
1240000,00000251,false,Rx,0,8,C0,95,73,00,00,00,00,C8
1240000,00000260,false,Rx,0,8,C0,B9,13,00,00,00,00,8C
1240000,00000316,false,Rx,0,8,00,01,00,00,00,00,00,01
1240000,00000544,false,Rx,0,8,E0,00,00,00,00,00,00,00
1250000,00000018,false,Rx,0,8,46,E6,00,00,00,00,00,2C
1250000,0000002C,false,Rx,0,8,D0,B5,23,00,00,00,00,A8
1250000,00000050,false,Rx,0,8,00,01,00,00,00,00,00,01
1250000,00000251,false,Rx,0,8,D0,97,99,00,00,00,00,00
1250000,00000260,false,Rx,0,8,D0,B8,CA,00,00,00,00,52
1260000,00000018,false,Rx,0,8,46,E0,02,00,00,00,00,28
1260000,0000002C,false,Rx,0,8,E0,B4,48,00,00,00,00,DC
1260000,00000050,false,Rx,0,8,00,01,00,00,00,00,00,01
1260000,000000A6,false,Rx,0,8,09,FF,09,FF,09,FF,09,FF
1260000,00000251,false,Rx,0,8,E0,98,29,00,00,00,00,A1
1260000,00000260,false,Rx,0,8,E0,B8,A9,00,00,00,00,41
1260000,00000316,false,Rx,0,8,00,01,00,00,00,00,00,01
1260000,00000544,false,Rx,0,8,F0,00,00,00,00,00,00,00
1270000,00000018,false,Rx,0,8,46,DA,02,00,00,00,00,22
1270000,0000002C,false,Rx,0,8,F0,B3,0F,00,00,00,00,B2
1270000,00000050,false,Rx,0,8,00,01,00,00,00,00,00,01
1270000,00000251,false,Rx,0,8,F0,9A,10,00,00,00,00,9A
1270000,00000260,false,Rx,0,8,F0,B7,79,00,00,00,00,20
1280000,00000018,false,Rx,0,8,46,D5,01,00,00,00,00,1C
1280000,0000002C,false,Rx,0,8,00,B2,2E,00,00,00,00,E0
1280000,00000050,false,Rx,0,8,00,01,00,00,00,00,00,01
1280000,000000A6,false,Rx,0,8,09,FF,09,FF,09,FF,09,FF
1280000,00000251,false,Rx,0,8,00,9C,2F,00,00,00,00,CB
1280000,00000260,false,Rx,0,8,00,B6,19,00,00,00,00,CF
1280000,00000316,false,Rx,0,8,00,01,00,00,00,00,00,01
1280000,00000544,false,Rx,0,8,00,00,00,00,00,00,00,00
1290000,00000018,false,Rx,0,8,46,CF,00,00,00,00,00,15
1290000,0000002C,false,Rx,0,8,10,B1,6E,00,00,00,00,2F
1290000,00000050,false,Rx,0,8,00,01,00,00,00,00,00,01
1290000,00000251,false,Rx,0,8,10,9D,CF,00,00,00,00,7C
1290000,00000260,false,Rx,0,8,10,B6,F3,00,00,00,00,B9
1300000,00000018,false,Rx,0,8,46,CA,01,00,00,00,00,11
1300000,0000002C,false,Rx,0,8,20,B0,C0,00,00,00,00,90
1300000,00000050,false,Rx,0,8,00,01,00,00,00,00,00,01
1300000,000000A6,false,Rx,0,8,09,FE,09,FE,09,FE,09,FE
1300000,00000251,false,Rx,0,8,20,9F,C2,00,00,00,00,81
1300000,00000260,false,Rx,0,8,20,B5,89,00,00,00,00,5E
1300000,00000316,false,Rx,0,8,00,01,00,00,00,00,00,01
1300000,00000544,false,Rx,0,8,10,00,00,00,00,00,00,00
1300000,000004F1,false,Rx,0,8,D0,00,00,00,00,00,00,D0
1310000,00000018,false,Rx,0,8,46,C4,00,00,00,00,00,0A
1310000,0000002C,false,Rx,0,8,30,AF,D6,00,00,00,00,B5
1310000,00000050,false,Rx,0,8,00,01,00,00,00,00,00,01
1310000,00000251,false,Rx,0,8,30,A1,C1,00,00,00,00,92
1310000,00000260,false,Rx,0,8,30,B4,BE,00,00,00,00,A2
1320000,00000018,false,Rx,0,8,46,BE,00,00,00,00,00,04
1320000,0000002C,false,Rx,0,8,40,AE,E8,00,00,00,00,D6
1320000,00000050,false,Rx,0,8,00,01,00,00,00,00,00,01
1320000,000000A6,false,Rx,0,8,09,FD,09,FD,09,FD,09,FD
1320000,00000251,false,Rx,0,8,40,A2,F3,00,00,00,00,D5
1320000,00000260,false,Rx,0,8,40,B3,0A,00,00,00,00,FD
1320000,00000316,false,Rx,0,8,00,01,00,00,00,00,00,01
1320000,00000544,false,Rx,0,8,20,00,00,00,00,00,00,00
1330000,00000018,false,Rx,0,8,46,B8,03,00,00,00,00,01
1330000,0000002C,false,Rx,0,8,50,AC,AE,00,00,00,00,AA
1330000,00000050,false,Rx,0,8,00,01,00,00,00,00,00,01
1330000,00000251,false,Rx,0,8,50,A4,1C,00,00,00,00,10
1330000,00000260,false,Rx,0,8,50,B2,AC,00,00,00,00,AE
1340000,00000018,false,Rx,0,8,46,B2,00,00,00,00,00,F8
1340000,0000002C,false,Rx,0,8,60,AB,50,00,00,00,00,5B
1340000,00000050,false,Rx,0,8,00,01,00,00,00,00,00,01
1340000,000000A6,false,Rx,0,8,09,FB,09,FB,09,FB,09,FB
1340000,00000251,false,Rx,0,8,60,A5,04,00,00,00,00,09
1340000,00000260,false,Rx,0,8,60,B1,9B,00,00,00,00,AC
1340000,00000316,false,Rx,0,8,00,01,00,00,00,00,00,01
1340000,00000544,false,Rx,0,8,30,00,00,00,00,00,00,00
1350000,00000018,false,Rx,0,8,46,AC,01,00,00,00,00,F3
1350000,0000002C,false,Rx,0,8,70,AA,BD,00,00,00,00,D7
1350000,00000050,false,Rx,0,8,00,01,00,00,00,00,00,01
1350000,00000251,false,Rx,0,8,70,A7,57,00,00,00,00,6E
1350000,00000260,false,Rx,0,8,70,B0,9F,00,00,00,00,BF
1360000,00000018,false,Rx,0,8,46,A6,01,00,00,00,00,ED
1360000,0000002C,false,Rx,0,8,80,A8,9F,00,00,00,00,C7
1360000,00000050,false,Rx,0,8,00,01,00,00,00,00,00,01
1360000,000000A6,false,Rx,0,8,09,F9,09,F9,09,F9,09,F9
1360000,00000251,false,Rx,0,8,80,A8,2A,00,00,00,00,52
1360000,00000260,false,Rx,0,8,80,AF,8F,00,00,00,00,BE
1360000,00000316,false,Rx,0,8,00,01,00,00,00,00,00,01
1360000,00000544,false,Rx,0,8,40,00,00,00,00,00,00,00
1370000,00000018,false,Rx,0,8,46,A0,03,00,00,00,00,E9
1370000,0000002C,false,Rx,0,8,90,A7,A6,00,00,00,00,DD
1370000,00000050,false,Rx,0,8,00,01,00,00,00,00,00,01
1370000,00000251,false,Rx,0,8,90,A9,FF,00,00,00,00,38
1370000,00000260,false,Rx,0,8,90,AD,FB,00,00,00,00,38
1380000,00000018,false,Rx,0,8,46,9A,01,00,00,00,00,E1
1380000,0000002C,false,Rx,0,8,A0,A6,2B,00,00,00,00,71
1380000,00000050,false,Rx,0,8,00,01,00,00,00,00,00,01
1380000,000000A6,false,Rx,0,8,09,F7,09,F7,09,F7,09,F7
1380000,00000251,false,Rx,0,8,A0,AB,DE,00,00,00,00,29
1380000,00000260,false,Rx,0,8,A0,AC,32,00,00,00,00,7E
1380000,00000316,false,Rx,0,8,00,01,00,00,00,00,00,01
1380000,00000544,false,Rx,0,8,50,00,00,00,00,00,00,00
1390000,00000018,false,Rx,0,8,46,94,02,00,00,00,00,DC
1390000,0000002C,false,Rx,0,8,B0,A4,1A,00,00,00,00,6E
1390000,00000050,false,Rx,0,8,00,01,00,00,00,00,00,01
1390000,00000251,false,Rx,0,8,B0,AC,A9,00,00,00,00,05
1390000,00000260,false,Rx,0,8,B0,AB,74,00,00,00,00,CF
1400000,00000018,false,Rx,0,8,46,8E,03,00,00,00,00,D7
1400000,0000002C,false,Rx,0,8,C0,A3,4F,00,00,00,00,B2
1400000,00000050,false,Rx,0,8,00,01,00,00,00,00,00,01
1400000,000000A6,false,Rx,0,8,09,F4,09,F4,09,F4,09,F4
1400000,00000251,false,Rx,0,8,C0,AD,30,00,00,00,00,9D
1400000,00000260,false,Rx,0,8,C0,A9,44,00,00,00,00,AD
1400000,00000316,false,Rx,0,8,00,01,00,00,00,00,00,01
1400000,00000544,false,Rx,0,8,60,00,00,00,00,00,00,00
1400000,000004F1,false,Rx,0,8,E0,00,00,00,00,00,00,E0
1410000,00000018,false,Rx,0,8,46,88,01,00,00,00,00,CF
1410000,0000002C,false,Rx,0,8,D0,A1,50,00,00,00,00,C1
1410000,00000050,false,Rx,0,8,00,01,00,00,00,00,00,01
1410000,00000251,false,Rx,0,8,D0,AE,15,00,00,00,00,93
1410000,00000260,false,Rx,0,8,D0,A8,99,00,00,00,00,11
1420000,00000018,false,Rx,0,8,46,82,01,00,00,00,00,C9
1420000,0000002C,false,Rx,0,8,E0,A0,19,00,00,00,00,99
1420000,00000050,false,Rx,0,8,00,01,00,00,00,00,00,01
1420000,000000A6,false,Rx,0,8,09,F1,09,F1,09,F1,09,F1
1420000,00000251,false,Rx,0,8,E0,B0,75,00,00,00,00,05
1420000,00000260,false,Rx,0,8,E0,A7,E2,00,00,00,00,69
1420000,00000316,false,Rx,0,8,00,01,00,00,00,00,00,01
1420000,00000544,false,Rx,0,8,70,00,00,00,00,00,00,00
1430000,00000018,false,Rx,0,8,46,7B,02,00,00,00,00,C3
1430000,0000002C,false,Rx,0,8,F0,9E,29,00,00,00,00,B7
1430000,00000050,false,Rx,0,8,00,01,00,00,00,00,00,01
1430000,00000251,false,Rx,0,8,F0,B1,6C,00,00,00,00,0D
1430000,00000260,false,Rx,0,8,F0,A5,A4,00,00,00,00,39
1440000,00000018,false,Rx,0,8,46,75,03,00,00,00,00,BE
1440000,0000002C,false,Rx,0,8,00,9C,8B,00,00,00,00,27
1440000,00000050,false,Rx,0,8,00,01,00,00,00,00,00,01
1440000,000000A6,false,Rx,0,8,09,ED,09,ED,09,ED,09,ED
1440000,00000251,false,Rx,0,8,00,B2,F3,00,00,00,00,A5
1440000,00000260,false,Rx,0,8,00,A4,89,00,00,00,00,2D
1440000,00000316,false,Rx,0,8,00,01,00,00,00,00,00,01
1440000,00000544,false,Rx,0,8,80,00,00,00,00,00,00,00
1450000,00000018,false,Rx,0,8,46,6F,02,00,00,00,00,B7
1450000,0000002C,false,Rx,0,8,10,9B,E2,00,00,00,00,8D
1450000,00000050,false,Rx,0,8,00,01,00,00,00,00,00,01
1450000,00000251,false,Rx,0,8,10,B3,8A,00,00,00,00,4D
1450000,00000260,false,Rx,0,8,10,A2,D5,00,00,00,00,87
1460000,00000018,false,Rx,0,8,46,69,03,00,00,00,00,B2
1460000,0000002C,false,Rx,0,8,20,99,D9,00,00,00,00,92
1460000,00000050,false,Rx,0,8,00,01,00,00,00,00,00,01
1460000,000000A6,false,Rx,0,8,09,E9,09,E9,09,E9,09,E9
1460000,00000251,false,Rx,0,8,20,B4,17,00,00,00,00,EB
1460000,00000260,false,Rx,0,8,20,A1,2D,00,00,00,00,EE
1460000,00000316,false,Rx,0,8,00,01,00,00,00,00,00,01
1460000,00000544,false,Rx,0,8,90,00,00,00,00,00,00,00
1470000,00000018,false,Rx,0,8,46,62,03,00,00,00,00,AB
1470000,0000002C,false,Rx,0,8,30,97,F8,00,00,00,00,BF
1470000,00000050,false,Rx,0,8,00,01,00,00,00,00,00,01
1470000,00000251,false,Rx,0,8,30,B5,26,00,00,00,00,0B
1470000,00000260,false,Rx,0,8,30,9F,60,00,00,00,00,2F
1480000,00000018,false,Rx,0,8,46,5C,00,00,00,00,00,A2
1480000,0000002C,false,Rx,0,8,40,95,E2,00,00,00,00,B7
1480000,00000050,false,Rx,0,8,00,01,00,00,00,00,00,01
1480000,000000A6,false,Rx,0,8,09,E5,09,E5,09,E5,09,E5
1480000,00000251,false,Rx,0,8,40,B5,8F,00,00,00,00,84
1480000,00000260,false,Rx,0,8,40,9E,E2,00,00,00,00,C0
1480000,00000316,false,Rx,0,8,00,01,00,00,00,00,00,01
1480000,00000544,false,Rx,0,8,A0,00,00,00,00,00,00,00
1490000,00000018,false,Rx,0,8,46,56,01,00,00,00,00,9D
1490000,0000002C,false,Rx,0,8,50,94,D4,00,00,00,00,B8
1490000,00000050,false,Rx,0,8,00,01,00,00,00,00,00,01
1490000,00000251,false,Rx,0,8,50,B6,10,00,00,00,00,16
1490000,00000260,false,Rx,0,8,50,9C,6C,00,00,00,00,58
1500000,00000018,false,Rx,0,8,46,50,01,00,00,00,00,97
1500000,0000002C,false,Rx,0,8,60,92,8B,00,00,00,00,7D
1500000,00000050,false,Rx,0,8,00,01,00,00,00,00,00,01
1500000,000000A6,false,Rx,0,8,09,E0,09,E0,09,E0,09,E0
1500000,00000251,false,Rx,0,8,60,B7,5B,00,00,00,00,72
1500000,00000260,false,Rx,0,8,60,9A,D0,00,00,00,00,CA
1500000,00000316,false,Rx,0,8,00,01,00,00,00,00,00,01
1500000,00000544,false,Rx,0,8,B0,00,00,00,00,00,00,00
1500000,000004F1,false,Rx,0,8,F0,00,00,00,00,00,00,F0
1510000,00000018,false,Rx,0,8,46,49,00,00,00,00,00,8F
1510000,0000002C,false,Rx,0,8,70,90,6E,00,00,00,00,6E
1510000,00000050,false,Rx,0,8,00,01,00,00,00,00,00,01
1510000,00000251,false,Rx,0,8,70,B8,A1,00,00,00,00,C9
1510000,00000260,false,Rx,0,8,70,98,F8,00,00,00,00,00
1520000,00000018,false,Rx,0,8,46,43,02,00,00,00,00,8B
1520000,0000002C,false,Rx,0,8,80,8E,3A,00,00,00,00,48
1520000,00000050,false,Rx,0,8,00,01,00,00,00,00,00,01
1520000,000000A6,false,Rx,0,8,09,DB,09,DB,09,DB,09,DB
1520000,00000251,false,Rx,0,8,80,B8,08,00,00,00,00,40
1520000,00000260,false,Rx,0,8,80,97,BF,00,00,00,00,D6
1520000,00000316,false,Rx,0,8,00,01,00,00,00,00,00,01
1520000,00000544,false,Rx,0,8,C0,00,00,00,00,00,00,00
1530000,00000018,false,Rx,0,8,46,3D,00,00,00,00,00,83
1530000,0000002C,false,Rx,0,8,90,8C,B0,00,00,00,00,CC
1530000,00000050,false,Rx,0,8,00,01,00,00,00,00,00,01
1530000,00000251,false,Rx,0,8,90,B9,6A,00,00,00,00,B3
1530000,00000260,false,Rx,0,8,90,95,1C,00,00,00,00,41
1540000,00000018,false,Rx,0,8,46,36,01,00,00,00,00,7D
1540000,0000002C,false,Rx,0,8,A0,8B,DC,00,00,00,00,07
1540000,00000050,false,Rx,0,8,00,01,00,00,00,00,00,01
1540000,000000A6,false,Rx,0,8,09,D5,09,D5,09,D5,09,D5
1540000,00000251,false,Rx,0,8,A0,B9,49,00,00,00,00,A2
1540000,00000260,false,Rx,0,8,A0,93,51,00,00,00,00,84
1540000,00000316,false,Rx,0,8,00,01,00,00,00,00,00,01
1540000,00000544,false,Rx,0,8,D0,00,00,00,00,00,00,00
1550000,00000018,false,Rx,0,8,46,30,01,00,00,00,00,77
1550000,0000002C,false,Rx,0,8,B0,89,38,00,00,00,00,71
1550000,00000050,false,Rx,0,8,00,01,00,00,00,00,00,01
1550000,00000251,false,Rx,0,8,B0,BA,CB,00,00,00,00,35
1550000,00000260,false,Rx,0,8,B0,91,21,00,00,00,00,62
1560000,00000018,false,Rx,0,8,46,2A,00,00,00,00,00,70
1560000,0000002C,false,Rx,0,8,C0,87,91,00,00,00,00,D8
1560000,00000050,false,Rx,0,8,00,01,00,00,00,00,00,01
1560000,000000A6,false,Rx,0,8,09,D0,09,D0,09,D0,09,D0
1560000,00000251,false,Rx,0,8,C0,BA,27,00,00,00,00,A1
1560000,00000260,false,Rx,0,8,C0,90,9F,00,00,00,00,EF
1560000,00000316,false,Rx,0,8,00,01,00,00,00,00,00,01
1560000,00000544,false,Rx,0,8,E0,00,00,00,00,00,00,00
1570000,00000018,false,Rx,0,8,46,24,00,00,00,00,00,6A
1570000,0000002C,false,Rx,0,8,D0,85,F9,00,00,00,00,4E
1570000,00000050,false,Rx,0,8,00,01,00,00,00,00,00,01
1570000,00000251,false,Rx,0,8,D0,BB,99,00,00,00,00,24
1570000,00000260,false,Rx,0,8,D0,8E,CE,00,00,00,00,2C
1580000,00000018,false,Rx,0,8,46,1D,00,00,00,00,00,63
1580000,0000002C,false,Rx,0,8,E0,83,9D,00,00,00,00,00
1580000,00000050,false,Rx,0,8,00,01,00,00,00,00,00,01
1580000,000000A6,false,Rx,0,8,09,C9,09,C9,09,C9,09,C9
1580000,00000251,false,Rx,0,8,E0,BB,53,00,00,00,00,EE
1580000,00000260,false,Rx,0,8,E0,8C,45,00,00,00,00,B1
1580000,00000316,false,Rx,0,8,00,01,00,00,00,00,00,01
1580000,00000544,false,Rx,0,8,F0,00,00,00,00,00,00,00
1590000,00000018,false,Rx,0,8,46,17,01,00,00,00,00,5E
1590000,0000002C,false,Rx,0,8,F0,81,17,00,00,00,00,88
1590000,00000050,false,Rx,0,8,00,01,00,00,00,00,00,01
1590000,00000251,false,Rx,0,8,F0,BB,7B,00,00,00,00,26
1590000,00000260,false,Rx,0,8,F0,8A,0E,00,00,00,00,88
1600000,00000018,false,Rx,0,8,46,11,00,00,00,00,00,57
1600000,0000002C,false,Rx,0,8,00,7F,70,00,00,00,00,EF
1600000,00000050,false,Rx,0,8,00,01,00,00,00,00,00,01
1600000,000000A6,false,Rx,0,8,09,C3,09,C3,09,C3,09,C3
1600000,00000251,false,Rx,0,8,00,BB,C7,00,00,00,00,82
1600000,00000260,false,Rx,0,8,00,88,58,00,00,00,00,E0
1600000,00000316,false,Rx,0,8,00,01,00,00,00,00,00,01
1600000,00000544,false,Rx,0,8,00,00,00,00,00,00,00,00
1600000,000004F1,false,Rx,0,8,00,00,00,00,00,00,00,00
1610000,00000018,false,Rx,0,8,46,0B,00,00,00,00,00,51
1610000,0000002C,false,Rx,0,8,10,7E,CA,00,00,00,00,58
1610000,00000050,false,Rx,0,8,00,01,00,00,00,00,00,01
1610000,00000251,false,Rx,0,8,10,BB,A9,00,00,00,00,74
1610000,00000260,false,Rx,0,8,10,86,62,00,00,00,00,F8
1620000,00000018,false,Rx,0,8,46,05,02,00,00,00,00,4D
1620000,0000002C,false,Rx,0,8,20,7C,1C,00,00,00,00,B8
1620000,00000050,false,Rx,0,8,00,01,00,00,00,00,00,01
1620000,000000A6,false,Rx,0,8,09,BC,09,BC,09,BC,09,BC
1620000,00000251,false,Rx,0,8,20,BB,C4,00,00,00,00,9F
1620000,00000260,false,Rx,0,8,20,85,66,00,00,00,00,0B
1620000,00000316,false,Rx,0,8,00,01,00,00,00,00,00,01
1620000,00000544,false,Rx,0,8,10,00,00,00,00,00,00,00
1630000,00000018,false,Rx,0,8,45,FF,00,00,00,00,00,44
1630000,0000002C,false,Rx,0,8,30,7A,03,00,00,00,00,AD
1630000,00000050,false,Rx,0,8,00,01,00,00,00,00,00,01
1630000,00000251,false,Rx,0,8,30,BB,47,00,00,00,00,32
1630000,00000260,false,Rx,0,8,30,83,1D,00,00,00,00,D0
1640000,00000018,false,Rx,0,8,45,F9,01,00,00,00,00,3F
1640000,0000002C,false,Rx,0,8,40,78,68,00,00,00,00,20
1640000,00000050,false,Rx,0,8,00,01,00,00,00,00,00,01
1640000,000000A6,false,Rx,0,8,09,B4,09,B4,09,B4,09,B4
1640000,00000251,false,Rx,0,8,40,BB,28,00,00,00,00,23
1640000,00000260,false,Rx,0,8,40,81,7F,00,00,00,00,40
1640000,00000316,false,Rx,0,8,00,01,00,00,00,00,00,01
1640000,00000544,false,Rx,0,8,20,00,00,00,00,00,00,00
1650000,00000018,false,Rx,0,8,45,F3,02,00,00,00,00,3A
1650000,0000002C,false,Rx,0,8,50,76,9A,00,00,00,00,60
1650000,00000050,false,Rx,0,8,00,01,00,00,00,00,00,01
1650000,00000251,false,Rx,0,8,50,BB,B1,00,00,00,00,BC
1650000,00000260,false,Rx,0,8,50,7F,10,00,00,00,00,DF
1660000,00000018,false,Rx,0,8,45,ED,03,00,00,00,00,35
1660000,0000002C,false,Rx,0,8,60,74,6C,00,00,00,00,40
1660000,00000050,false,Rx,0,8,00,01,00,00,00,00,00,01
1660000,000000A6,false,Rx,0,8,09,AC,09,AC,09,AC,09,AC
1660000,00000251,false,Rx,0,8,60,BB,1B,00,00,00,00,36
1660000,00000260,false,Rx,0,8,60,7D,E9,00,00,00,00,C6
1660000,00000316,false,Rx,0,8,00,01,00,00,00,00,00,01
1660000,00000544,false,Rx,0,8,30,00,00,00,00,00,00,00
1670000,00000018,false,Rx,0,8,45,E7,01,00,00,00,00,2D
1670000,0000002C,false,Rx,0,8,70,72,46,00,00,00,00,28
1670000,00000050,false,Rx,0,8,00,01,00,00,00,00,00,01
1670000,00000251,false,Rx,0,8,70,BB,32,00,00,00,00,5D
1670000,00000260,false,Rx,0,8,70,7B,19,00,00,00,00,04
1680000,00000018,false,Rx,0,8,45,E1,01,00,00,00,00,27
1680000,0000002C,false,Rx,0,8,80,70,82,00,00,00,00,72
1680000,00000050,false,Rx,0,8,00,01,00,00,00,00,00,01
1680000,000000A6,false,Rx,0,8,09,A4,09,A4,09,A4,09,A4
1680000,00000251,false,Rx,0,8,80,BB,DF,00,00,00,00,1A
1680000,00000260,false,Rx,0,8,80,79,B8,00,00,00,00,B1
1680000,00000316,false,Rx,0,8,00,01,00,00,00,00,00,01
1680000,00000544,false,Rx,0,8,40,00,00,00,00,00,00,00
1690000,00000018,false,Rx,0,8,45,DB,03,00,00,00,00,23
1690000,0000002C,false,Rx,0,8,90,6F,94,00,00,00,00,93
1690000,00000050,false,Rx,0,8,00,01,00,00,00,00,00,01
1690000,00000251,false,Rx,0,8,90,BA,76,00,00,00,00,C0
1690000,00000260,false,Rx,0,8,90,77,65,00,00,00,00,6C
1700000,00000018,false,Rx,0,8,45,D5,01,00,00,00,00,1B
1700000,0000002C,false,Rx,0,8,A0,6D,A7,00,00,00,00,B4
1700000,00000050,false,Rx,0,8,00,01,00,00,00,00,00,01
1700000,000000A6,false,Rx,0,8,09,9C,09,9C,09,9C,09,9C
1700000,00000251,false,Rx,0,8,A0,BA,26,00,00,00,00,80
1700000,00000260,false,Rx,0,8,A0,76,8C,00,00,00,00,A2
1700000,00000316,false,Rx,0,8,00,01,00,00,00,00,00,01
1700000,00000544,false,Rx,0,8,50,00,00,00,00,00,00,00
1700000,000004F1,false,Rx,0,8,10,00,00,00,00,00,00,10
1710000,00000018,false,Rx,0,8,45,D0,03,00,00,00,00,18
1710000,0000002C,false,Rx,0,8,B0,6B,3D,00,00,00,00,58
1710000,00000050,false,Rx,0,8,00,01,00,00,00,00,00,01
1710000,00000251,false,Rx,0,8,B0,B9,AE,00,00,00,00,17
1710000,00000260,false,Rx,0,8,B0,74,BC,00,00,00,00,E0
1720000,00000018,false,Rx,0,8,45,CA,03,00,00,00,00,12
1720000,0000002C,false,Rx,0,8,C0,69,03,00,00,00,00,2C
1720000,00000050,false,Rx,0,8,00,01,00,00,00,00,00,01
1720000,000000A6,false,Rx,0,8,09,93,09,93,09,93,09,93
1720000,00000251,false,Rx,0,8,C0,B9,CB,00,00,00,00,44
1720000,00000260,false,Rx,0,8,C0,72,ED,00,00,00,00,1F
1720000,00000316,false,Rx,0,8,00,01,00,00,00,00,00,01
1720000,00000544,false,Rx,0,8,60,00,00,00,00,00,00,00
1730000,00000018,false,Rx,0,8,45,C5,01,00,00,00,00,0B
1730000,0000002C,false,Rx,0,8,D0,68,FE,00,00,00,00,36
1730000,00000050,false,Rx,0,8,00,01,00,00,00,00,00,01
1730000,00000251,false,Rx,0,8,D0,B8,A7,00,00,00,00,2F
1730000,00000260,false,Rx,0,8,D0,70,CB,00,00,00,00,0B
1740000,00000018,false,Rx,0,8,45,BF,00,00,00,00,00,04
1740000,0000002C,false,Rx,0,8,E0,66,DC,00,00,00,00,22
1740000,00000050,false,Rx,0,8,00,01,00,00,00,00,00,01
1740000,000000A6,false,Rx,0,8,09,8A,09,8A,09,8A,09,8A
1740000,00000251,false,Rx,0,8,E0,B8,0F,00,00,00,00,A7
1740000,00000260,false,Rx,0,8,E0,6E,3F,00,00,00,00,8D
1740000,00000316,false,Rx,0,8,00,01,00,00,00,00,00,01
1740000,00000544,false,Rx,0,8,70,00,00,00,00,00,00,00
1750000,00000018,false,Rx,0,8,45,BA,00,00,00,00,00,FF
1750000,0000002C,false,Rx,0,8,F0,64,59,00,00,00,00,AD
1750000,00000050,false,Rx,0,8,00,01,00,00,00,00,00,01
1750000,00000251,false,Rx,0,8,F0,B7,8B,00,00,00,00,32
1750000,00000260,false,Rx,0,8,F0,6C,0F,00,00,00,00,6B
1760000,00000018,false,Rx,0,8,45,B4,03,00,00,00,00,FC
1760000,0000002C,false,Rx,0,8,00,63,42,00,00,00,00,A5
1760000,00000050,false,Rx,0,8,00,01,00,00,00,00,00,01
1760000,000000A6,false,Rx,0,8,09,81,09,81,09,81,09,81
1760000,00000251,false,Rx,0,8,00,B6,E6,00,00,00,00,9C
1760000,00000260,false,Rx,0,8,00,6B,7B,00,00,00,00,E6
1760000,00000316,false,Rx,0,8,00,01,00,00,00,00,00,01
1760000,00000544,false,Rx,0,8,80,00,00,00,00,00,00,00
1770000,00000018,false,Rx,0,8,45,AF,02,00,00,00,00,F6
1770000,0000002C,false,Rx,0,8,10,61,C2,00,00,00,00,33
1770000,00000050,false,Rx,0,8,00,01,00,00,00,00,00,01
1770000,00000251,false,Rx,0,8,10,B5,FB,00,00,00,00,C0
1770000,00000260,false,Rx,0,8,10,69,BE,00,00,00,00,37
1780000,00000018,false,Rx,0,8,45,A9,03,00,00,00,00,F1
1780000,0000002C,false,Rx,0,8,20,5F,75,00,00,00,00,F4
1780000,00000050,false,Rx,0,8,00,01,00,00,00,00,00,01
1780000,000000A6,false,Rx,0,8,09,77,09,77,09,77,09,77
1780000,00000251,false,Rx,0,8,20,B4,74,00,00,00,00,48
1780000,00000260,false,Rx,0,8,20,67,FA,00,00,00,00,81
1780000,00000316,false,Rx,0,8,00,01,00,00,00,00,00,01
1780000,00000544,false,Rx,0,8,90,00,00,00,00,00,00,00
1790000,00000018,false,Rx,0,8,45,A4,03,00,00,00,00,EC
1790000,0000002C,false,Rx,0,8,30,5E,B5,00,00,00,00,43
1790000,00000050,false,Rx,0,8,00,01,00,00,00,00,00,01
1790000,00000251,false,Rx,0,8,30,B4,B6,00,00,00,00,9A
1790000,00000260,false,Rx,0,8,30,65,E4,00,00,00,00,79
1800000,00000018,false,Rx,0,8,45,9F,03,00,00,00,00,E7
1800000,0000002C,false,Rx,0,8,40,5C,24,00,00,00,00,C0
1800000,00000050,false,Rx,0,8,00,01,00,00,00,00,00,01
1800000,000000A6,false,Rx,0,8,09,6D,09,6D,09,6D,09,6D
1800000,00000251,false,Rx,0,8,40,B3,C0,00,00,00,00,B3
1800000,00000260,false,Rx,0,8,40,64,5A,00,00,00,00,FE
1800000,00000316,false,Rx,0,8,00,01,00,00,00,00,00,01
1800000,00000544,false,Rx,0,8,A0,00,00,00,00,00,00,00
1800000,000004F1,false,Rx,0,8,20,00,00,00,00,00,00,20
1810000,00000018,false,Rx,0,8,45,9A,00,00,00,00,00,DF
1810000,0000002C,false,Rx,0,8,50,5B,CB,00,00,00,00,76
1810000,00000050,false,Rx,0,8,00,01,00,00,00,00,00,01
1810000,00000251,false,Rx,0,8,50,B2,DD,00,00,00,00,DF
1810000,00000260,false,Rx,0,8,50,62,F2,00,00,00,00,A4
1820000,00000018,false,Rx,0,8,45,95,00,00,00,00,00,DA
1820000,0000002C,false,Rx,0,8,60,59,15,00,00,00,00,CE
1820000,00000050,false,Rx,0,8,00,01,00,00,00,00,00,01
1820000,000000A6,false,Rx,0,8,09,62,09,62,09,62,09,62
1820000,00000251,false,Rx,0,8,60,B1,5F,00,00,00,00,70
1820000,00000260,false,Rx,0,8,60,60,B3,00,00,00,00,73
1820000,00000316,false,Rx,0,8,00,01,00,00,00,00,00,01
1820000,00000544,false,Rx,0,8,B0,00,00,00,00,00,00,00
1830000,00000018,false,Rx,0,8,45,90,00,00,00,00,00,D5
1830000,0000002C,false,Rx,0,8,70,58,DF,00,00,00,00,A7
1830000,00000050,false,Rx,0,8,00,01,00,00,00,00,00,01
1830000,00000251,false,Rx,0,8,70,AF,C2,00,00,00,00,E1
1830000,00000260,false,Rx,0,8,70,5F,B0,00,00,00,00,7F
1840000,00000018,false,Rx,0,8,45,8B,03,00,00,00,00,D3
1840000,0000002C,false,Rx,0,8,80,56,09,00,00,00,00,DF
1840000,00000050,false,Rx,0,8,00,01,00,00,00,00,00,01
1840000,000000A6,false,Rx,0,8,09,58,09,58,09,58,09,58
1840000,00000251,false,Rx,0,8,80,AE,2B,00,00,00,00,59
1840000,00000260,false,Rx,0,8,80,5D,53,00,00,00,00,30
1840000,00000316,false,Rx,0,8,00,01,00,00,00,00,00,01
1840000,00000544,false,Rx,0,8,C0,00,00,00,00,00,00,00
1850000,00000018,false,Rx,0,8,45,87,02,00,00,00,00,CE
1850000,0000002C,false,Rx,0,8,90,55,EB,00,00,00,00,D0
1850000,00000050,false,Rx,0,8,00,01,00,00,00,00,00,01
1850000,00000251,false,Rx,0,8,90,AD,97,00,00,00,00,D4
1850000,00000260,false,Rx,0,8,90,5C,84,00,00,00,00,70
1860000,00000018,false,Rx,0,8,45,82,00,00,00,00,00,C7
1860000,0000002C,false,Rx,0,8,A0,54,27,00,00,00,00,1B
1860000,00000050,false,Rx,0,8,00,01,00,00,00,00,00,01
1860000,000000A6,false,Rx,0,8,09,4C,09,4C,09,4C,09,4C
1860000,00000251,false,Rx,0,8,A0,AC,7E,00,00,00,00,CA
1860000,00000260,false,Rx,0,8,A0,5A,2E,00,00,00,00,28
1860000,00000316,false,Rx,0,8,00,01,00,00,00,00,00,01
1860000,00000544,false,Rx,0,8,D0,00,00,00,00,00,00,00
1870000,00000018,false,Rx,0,8,45,7E,01,00,00,00,00,C4
1870000,0000002C,false,Rx,0,8,B0,52,A0,00,00,00,00,A2
1870000,00000050,false,Rx,0,8,00,01,00,00,00,00,00,01
1870000,00000251,false,Rx,0,8,B0,AA,25,00,00,00,00,7F
1870000,00000260,false,Rx,0,8,B0,59,91,00,00,00,00,9A
1880000,00000018,false,Rx,0,8,45,79,01,00,00,00,00,BF
1880000,0000002C,false,Rx,0,8,C0,51,DB,00,00,00,00,EC
1880000,00000050,false,Rx,0,8,00,01,00,00,00,00,00,01
1880000,000000A6,false,Rx,0,8,09,41,09,41,09,41,09,41
1880000,00000251,false,Rx,0,8,C0,A9,2A,00,00,00,00,93
1880000,00000260,false,Rx,0,8,C0,57,0E,00,00,00,00,25
1880000,00000316,false,Rx,0,8,00,01,00,00,00,00,00,01
1880000,00000544,false,Rx,0,8,E0,00,00,00,00,00,00,00
1890000,00000018,false,Rx,0,8,45,75,01,00,00,00,00,BB
1890000,0000002C,false,Rx,0,8,D0,50,CF,00,00,00,00,EF
1890000,00000050,false,Rx,0,8,00,01,00,00,00,00,00,01
1890000,00000251,false,Rx,0,8,D0,A8,89,00,00,00,00,01
1890000,00000260,false,Rx,0,8,D0,56,C5,00,00,00,00,EB
1900000,00000018,false,Rx,0,8,45,71,03,00,00,00,00,B9
1900000,0000002C,false,Rx,0,8,E0,4F,D5,00,00,00,00,04
1900000,00000050,false,Rx,0,8,00,01,00,00,00,00,00,01
1900000,000000A6,false,Rx,0,8,09,36,09,36,09,36,09,36
1900000,00000251,false,Rx,0,8,E0,A6,4E,00,00,00,00,D4
1900000,00000260,false,Rx,0,8,E0,55,19,00,00,00,00,4E
1900000,00000316,false,Rx,0,8,00,01,00,00,00,00,00,01
1900000,00000544,false,Rx,0,8,F0,00,00,00,00,00,00,00
1900000,000004F1,false,Rx,0,8,30,00,00,00,00,00,00,30
1910000,00000018,false,Rx,0,8,45,6C,01,00,00,00,00,B2
1910000,0000002C,false,Rx,0,8,F0,4E,94,00,00,00,00,D2
1910000,00000050,false,Rx,0,8,00,01,00,00,00,00,00,01
1910000,00000251,false,Rx,0,8,F0,A5,C2,00,00,00,00,57
1910000,00000260,false,Rx,0,8,F0,53,53,00,00,00,00,96
1920000,00000018,false,Rx,0,8,45,68,03,00,00,00,00,B0
1920000,0000002C,false,Rx,0,8,00,4D,3A,00,00,00,00,87
1920000,00000050,false,Rx,0,8,00,01,00,00,00,00,00,01
1920000,000000A6,false,Rx,0,8,09,2A,09,2A,09,2A,09,2A
1920000,00000251,false,Rx,0,8,00,A3,4E,00,00,00,00,F1
1920000,00000260,false,Rx,0,8,00,52,6D,00,00,00,00,BF
1920000,00000316,false,Rx,0,8,00,01,00,00,00,00,00,01
1920000,00000544,false,Rx,0,8,00,00,00,00,00,00,00,00
1930000,00000018,false,Rx,0,8,45,64,01,00,00,00,00,AA
1930000,0000002C,false,Rx,0,8,10,4C,CF,00,00,00,00,2B
1930000,00000050,false,Rx,0,8,00,01,00,00,00,00,00,01
1930000,00000251,false,Rx,0,8,10,A2,C7,00,00,00,00,79
1930000,00000260,false,Rx,0,8,10,51,71,00,00,00,00,D2
1940000,00000018,false,Rx,0,8,45,61,02,00,00,00,00,A8
1940000,0000002C,false,Rx,0,8,20,4B,0A,00,00,00,00,75
1940000,00000050,false,Rx,0,8,00,01,00,00,00,00,00,01
1940000,000000A6,false,Rx,0,8,09,1E,09,1E,09,1E,09,1E
1940000,00000251,false,Rx,0,8,20,A0,A2,00,00,00,00,62
1940000,00000260,false,Rx,0,8,20,50,73,00,00,00,00,E3
1940000,00000316,false,Rx,0,8,00,01,00,00,00,00,00,01
1940000,00000544,false,Rx,0,8,10,00,00,00,00,00,00,00
1950000,00000018,false,Rx,0,8,45,5D,03,00,00,00,00,A5
1950000,0000002C,false,Rx,0,8,30,4A,A6,00,00,00,00,20
1950000,00000050,false,Rx,0,8,00,01,00,00,00,00,00,01
1950000,00000251,false,Rx,0,8,30,9F,B8,00,00,00,00,87
1950000,00000260,false,Rx,0,8,30,4F,69,00,00,00,00,E8
1960000,00000018,false,Rx,0,8,45,59,01,00,00,00,00,9F
1960000,0000002C,false,Rx,0,8,40,49,57,00,00,00,00,E0
1960000,00000050,false,Rx,0,8,00,01,00,00,00,00,00,01
1960000,000000A6,false,Rx,0,8,09,11,09,11,09,11,09,11
1960000,00000251,false,Rx,0,8,40,9D,36,00,00,00,00,13
1960000,00000260,false,Rx,0,8,40,4E,89,00,00,00,00,17
1960000,00000316,false,Rx,0,8,00,01,00,00,00,00,00,01
1960000,00000544,false,Rx,0,8,20,00,00,00,00,00,00,00
1970000,00000018,false,Rx,0,8,45,56,00,00,00,00,00,9B
1970000,0000002C,false,Rx,0,8,50,48,EB,00,00,00,00,83
1970000,00000050,false,Rx,0,8,00,01,00,00,00,00,00,01
1970000,00000251,false,Rx,0,8,50,9B,2E,00,00,00,00,19
1970000,00000260,false,Rx,0,8,50,4D,D1,00,00,00,00,6E
1980000,00000018,false,Rx,0,8,45,52,03,00,00,00,00,9A
1980000,0000002C,false,Rx,0,8,60,48,B9,00,00,00,00,61
1980000,00000050,false,Rx,0,8,00,01,00,00,00,00,00,01
1980000,000000A6,false,Rx,0,8,09,05,09,05,09,05,09,05
1980000,00000251,false,Rx,0,8,60,9A,02,00,00,00,00,FC
1980000,00000260,false,Rx,0,8,60,4C,0A,00,00,00,00,B6
1980000,00000316,false,Rx,0,8,00,01,00,00,00,00,00,01
1980000,00000544,false,Rx,0,8,30,00,00,00,00,00,00,00
1990000,00000018,false,Rx,0,8,45,4F,00,00,00,00,00,94
1990000,0000002C,false,Rx,0,8,70,47,2D,00,00,00,00,E4
1990000,00000050,false,Rx,0,8,00,01,00,00,00,00,00,01
1990000,00000251,false,Rx,0,8,70,98,9D,00,00,00,00,A5
1990000,00000260,false,Rx,0,8,70,4B,04,00,00,00,00,BF
2000000,00000018,false,Rx,0,8,45,4C,00,00,00,00,00,91
2000000,0000002C,false,Rx,0,8,80,46,DF,00,00,00,00,A5
2000000,00000050,false,Rx,0,8,00,01,00,00,00,00,00,01
2000000,000000A6,false,Rx,0,8,08,F8,08,F8,08,F8,08,F8
2000000,00000251,false,Rx,0,8,80,96,E3,00,00,00,00,F9
2000000,00000260,false,Rx,0,8,80,4A,F2,00,00,00,00,BC
2000000,00000316,false,Rx,0,8,00,01,00,00,00,00,00,01
2000000,00000544,false,Rx,0,8,40,00,00,00,00,00,00,00
2000000,00000593,false,Rx,0,8,B2,B4,B3,B5,00,00,00,00
2000000,000004F1,false,Rx,0,8,40,00,00,00,00,00,00,40
2009999,00000018,false,Rx,0,8,45,49,00,00,00,00,00,8E
2009999,0000002C,false,Rx,0,8,90,46,36,00,00,00,00,0C
2009999,00000050,false,Rx,0,8,40,01,00,00,00,00,00,41
2009999,00000251,false,Rx,0,8,90,95,B8,00,00,00,00,DD
2009999,00000260,false,Rx,0,8,90,49,43,00,00,00,00,1C
2020000,00000018,false,Rx,0,8,45,46,00,00,00,00,00,8B
2020000,0000002C,false,Rx,0,8,A0,45,7C,00,00,00,00,61
2020000,00000050,false,Rx,0,8,40,01,00,00,00,00,00,41
2020000,000000A6,false,Rx,0,8,08,EB,08,EB,08,EB,08,EB
2020000,00000251,false,Rx,0,8,A0,93,8A,00,00,00,00,BD
2020000,00000260,false,Rx,0,8,A0,48,58,00,00,00,00,40
2020000,00000316,false,Rx,0,8,40,01,00,00,00,00,00,41
2020000,00000544,false,Rx,0,8,50,00,00,00,00,00,00,00
2029999,00000018,false,Rx,0,8,45,43,01,00,00,00,00,89
2029999,0000002C,false,Rx,0,8,B0,45,DF,00,00,00,00,D4
2029999,00000050,false,Rx,0,8,40,01,00,00,00,00,00,41
2029999,00000251,false,Rx,0,8,B0,91,34,00,00,00,00,75
2029999,00000260,false,Rx,0,8,B0,47,04,00,00,00,00,FB
2040000,00000018,false,Rx,0,8,45,40,01,00,00,00,00,86
2040000,0000002C,false,Rx,0,8,C0,45,CD,00,00,00,00,D2
2040000,00000050,false,Rx,0,8,40,01,00,00,00,00,00,41
2040000,000000A6,false,Rx,0,8,08,DD,08,DD,08,DD,08,DD
2040000,00000251,false,Rx,0,8,C0,8F,43,00,00,00,00,92
2040000,00000260,false,Rx,0,8,C0,47,72,00,00,00,00,79
2040000,00000316,false,Rx,0,8,40,01,00,00,00,00,00,41
2040000,00000544,false,Rx,0,8,60,00,00,00,00,00,00,00
2049999,00000018,false,Rx,0,8,45,3D,03,00,00,00,00,85
2049999,0000002C,false,Rx,0,8,D0,44,28,00,00,00,00,3C
2049999,00000050,false,Rx,0,8,40,01,00,00,00,00,00,41
2049999,00000251,false,Rx,0,8,D0,8D,2C,00,00,00,00,89
2049999,00000260,false,Rx,0,8,D0,46,81,00,00,00,00,97
2060000,00000018,false,Rx,0,8,45,3B,03,00,00,00,00,83
2060000,0000002C,false,Rx,0,8,E0,44,CA,00,00,00,00,EE
2060000,00000050,false,Rx,0,8,40,01,00,00,00,00,00,41
2060000,000000A6,false,Rx,0,8,08,D0,08,D0,08,D0,08,D0
2060000,00000251,false,Rx,0,8,E0,8C,5F,00,00,00,00,CB
2060000,00000260,false,Rx,0,8,E0,46,9C,00,00,00,00,C2
2060000,00000316,false,Rx,0,8,40,01,00,00,00,00,00,41
2060000,00000544,false,Rx,0,8,70,00,00,00,00,00,00,00
2069999,00000018,false,Rx,0,8,45,39,03,00,00,00,00,81
2069999,0000002C,false,Rx,0,8,F0,44,9E,00,00,00,00,D2
2069999,00000050,false,Rx,0,8,40,01,00,00,00,00,00,41
2069999,00000251,false,Rx,0,8,F0,8A,DC,00,00,00,00,56
2069999,00000260,false,Rx,0,8,F0,45,8C,00,00,00,00,C1
2080000,00000018,false,Rx,0,8,45,36,01,00,00,00,00,7C
2080000,0000002C,false,Rx,0,8,00,44,AD,00,00,00,00,F1
2080000,00000050,false,Rx,0,8,40,01,00,00,00,00,00,41
2080000,000000A6,false,Rx,0,8,08,C2,08,C2,08,C2,08,C2
2080000,00000251,false,Rx,0,8,00,88,E5,00,00,00,00,6D
2080000,00000260,false,Rx,0,8,00,45,D8,00,00,00,00,1D
2080000,00000316,false,Rx,0,8,40,01,00,00,00,00,00,41
2080000,00000544,false,Rx,0,8,80,00,00,00,00,00,00,00
2089999,00000018,false,Rx,0,8,45,34,03,00,00,00,00,7C
2089999,0000002C,false,Rx,0,8,10,44,71,00,00,00,00,C5
2089999,00000050,false,Rx,0,8,40,01,00,00,00,00,00,41
2089999,00000251,false,Rx,0,8,10,86,D0,00,00,00,00,66
2089999,00000260,false,Rx,0,8,10,44,C0,00,00,00,00,14
2100000,00000018,false,Rx,0,8,45,32,00,00,00,00,00,77
2100000,0000002C,false,Rx,0,8,20,44,AA,00,00,00,00,0E
2100000,00000050,false,Rx,0,8,40,01,00,00,00,00,00,41
2100000,000000A6,false,Rx,0,8,08,B4,08,B4,08,B4,08,B4
2100000,00000251,false,Rx,0,8,20,84,34,00,00,00,00,D8
2100000,00000260,false,Rx,0,8,20,44,B2,00,00,00,00,16
2100000,00000316,false,Rx,0,8,40,01,00,00,00,00,00,41
2100000,00000544,false,Rx,0,8,90,00,00,00,00,00,00,00
2100000,000004F1,false,Rx,0,8,50,00,00,00,00,00,00,50
2110000,00000018,false,Rx,0,8,45,30,01,00,00,00,00,76
2110000,0000002C,false,Rx,0,8,30,44,56,00,00,00,00,CA
2110000,00000050,false,Rx,0,8,40,01,00,00,00,00,00,41
2110000,00000251,false,Rx,0,8,30,82,0D,00,00,00,00,BF
2110000,00000260,false,Rx,0,8,30,44,EB,00,00,00,00,5F
2120000,00000018,false,Rx,0,8,45,2F,03,00,00,00,00,77
2120000,0000002C,false,Rx,0,8,40,44,27,00,00,00,00,AB
2120000,00000050,false,Rx,0,8,40,01,00,00,00,00,00,41
2120000,000000A6,false,Rx,0,8,08,A6,08,A6,08,A6,08,A6
2120000,00000251,false,Rx,0,8,40,80,2D,00,00,00,00,ED
2120000,00000260,false,Rx,0,8,40,44,81,00,00,00,00,05
2120000,00000316,false,Rx,0,8,40,01,00,00,00,00,00,41
2120000,00000544,false,Rx,0,8,A0,00,00,00,00,00,00,00
2130000,00000018,false,Rx,0,8,45,2D,00,00,00,00,00,72
2130000,0000002C,false,Rx,0,8,50,44,3A,00,00,00,00,CE
2130000,00000050,false,Rx,0,8,40,01,00,00,00,00,00,41
2130000,00000251,false,Rx,0,8,50,7E,B5,00,00,00,00,83
2130000,00000260,false,Rx,0,8,50,44,6F,00,00,00,00,03
2140000,00000018,false,Rx,0,8,45,2B,03,00,00,00,00,73
2140000,0000002C,false,Rx,0,8,60,44,63,00,00,00,00,07
2140000,00000050,false,Rx,0,8,40,01,00,00,00,00,00,41
2140000,000000A6,false,Rx,0,8,08,97,08,97,08,97,08,97
2140000,00000251,false,Rx,0,8,60,7D,2F,00,00,00,00,0C
2140000,00000260,false,Rx,0,8,60,44,EE,00,00,00,00,92
2140000,00000316,false,Rx,0,8,40,01,00,00,00,00,00,41
2140000,00000544,false,Rx,0,8,B0,00,00,00,00,00,00,00
2150000,00000018,false,Rx,0,8,45,2A,02,00,00,00,00,71
2150000,0000002C,false,Rx,0,8,70,44,B2,00,00,00,00,66
2150000,00000050,false,Rx,0,8,40,01,00,00,00,00,00,41
2150000,00000251,false,Rx,0,8,70,7B,A6,00,00,00,00,91
2150000,00000260,false,Rx,0,8,70,44,9A,00,00,00,00,4E
2160000,00000018,false,Rx,0,8,45,29,03,00,00,00,00,71
2160000,0000002C,false,Rx,0,8,80,45,B3,00,00,00,00,78
2160000,00000050,false,Rx,0,8,40,01,00,00,00,00,00,41
2160000,000000A6,false,Rx,0,8,08,89,08,89,08,89,08,89
2160000,00000251,false,Rx,0,8,80,79,C5,00,00,00,00,BE
2160000,00000260,false,Rx,0,8,80,44,CB,00,00,00,00,8F
2160000,00000316,false,Rx,0,8,40,01,00,00,00,00,00,41
2160000,00000544,false,Rx,0,8,C0,00,00,00,00,00,00,00
2170000,00000018,false,Rx,0,8,45,28,02,00,00,00,00,6F
2170000,0000002C,false,Rx,0,8,90,45,4B,00,00,00,00,20
2170000,00000050,false,Rx,0,8,40,01,00,00,00,00,00,41
2170000,00000251,false,Rx,0,8,90,77,06,00,00,00,00,0D
2170000,00000260,false,Rx,0,8,90,44,34,00,00,00,00,08
2180000,00000018,false,Rx,0,8,45,27,03,00,00,00,00,6F
2180000,0000002C,false,Rx,0,8,A0,45,78,00,00,00,00,5D
2180000,00000050,false,Rx,0,8,40,01,00,00,00,00,00,41
2180000,000000A6,false,Rx,0,8,08,7A,08,7A,08,7A,08,7A
2180000,00000251,false,Rx,0,8,A0,75,95,00,00,00,00,AA
2180000,00000260,false,Rx,0,8,A0,44,03,00,00,00,00,E7
2180000,00000316,false,Rx,0,8,40,01,00,00,00,00,00,41
2180000,00000544,false,Rx,0,8,D0,00,00,00,00,00,00,00
2190000,00000018,false,Rx,0,8,45,26,03,00,00,00,00,6E
2190000,0000002C,false,Rx,0,8,B0,46,34,00,00,00,00,2A
2190000,00000050,false,Rx,0,8,40,01,00,00,00,00,00,41
2190000,00000251,false,Rx,0,8,B0,73,D3,00,00,00,00,F6
2190000,00000260,false,Rx,0,8,B0,44,BF,00,00,00,00,B3
2200000,00000018,false,Rx,0,8,45,25,01,00,00,00,00,6B
2200000,0000002C,false,Rx,0,8,C0,46,4A,00,00,00,00,50
2200000,00000050,false,Rx,0,8,40,01,00,00,00,00,00,41
2200000,000000A6,false,Rx,0,8,08,6B,08,6B,08,6B,08,6B
2200000,00000251,false,Rx,0,8,C0,71,C6,00,00,00,00,F7
2200000,00000260,false,Rx,0,8,C0,44,90,00,00,00,00,94
2200000,00000316,false,Rx,0,8,40,01,00,00,00,00,00,41
2200000,00000544,false,Rx,0,8,E0,00,00,00,00,00,00,00
2200000,000004F1,false,Rx,0,8,60,00,00,00,00,00,00,60
2210000,00000018,false,Rx,0,8,45,25,01,00,00,00,00,6B
2210000,0000002C,false,Rx,0,8,D0,47,83,00,00,00,00,9A
2210000,00000050,false,Rx,0,8,40,01,00,00,00,00,00,41
2210000,00000251,false,Rx,0,8,D0,70,2B,00,00,00,00,6B
2210000,00000260,false,Rx,0,8,D0,45,98,00,00,00,00,AD
2220000,00000018,false,Rx,0,8,45,24,02,00,00,00,00,6B
2220000,0000002C,false,Rx,0,8,E0,48,65,00,00,00,00,8D
2220000,00000050,false,Rx,0,8,40,01,00,00,00,00,00,41
2220000,000000A6,false,Rx,0,8,08,5C,08,5C,08,5C,08,5C
2220000,00000251,false,Rx,0,8,E0,6E,7C,00,00,00,00,CA
2220000,00000260,false,Rx,0,8,E0,45,37,00,00,00,00,5C
2220000,00000316,false,Rx,0,8,40,01,00,00,00,00,00,41
2220000,00000544,false,Rx,0,8,F0,00,00,00,00,00,00,00
2230000,00000018,false,Rx,0,8,45,24,01,00,00,00,00,6A
2230000,0000002C,false,Rx,0,8,F0,48,58,00,00,00,00,90
2230000,00000050,false,Rx,0,8,40,01,00,00,00,00,00,41
2230000,00000251,false,Rx,0,8,F0,6C,56,00,00,00,00,B2
2230000,00000260,false,Rx,0,8,F0,46,F6,00,00,00,00,2C
2240000,00000018,false,Rx,0,8,45,24,00,00,00,00,00,69
2240000,0000002C,false,Rx,0,8,00,49,4E,00,00,00,00,97
2240000,00000050,false,Rx,0,8,40,01,00,00,00,00,00,41
2240000,000000A6,false,Rx,0,8,08,4D,08,4D,08,4D,08,4D
2240000,00000251,false,Rx,0,8,00,6A,C2,00,00,00,00,2C
2240000,00000260,false,Rx,0,8,00,46,20,00,00,00,00,66
2240000,00000316,false,Rx,0,8,40,01,00,00,00,00,00,41
2240000,00000544,false,Rx,0,8,00,00,00,00,00,00,00,00
2250000,00000018,false,Rx,0,8,45,24,00,00,00,00,00,69
2250000,0000002C,false,Rx,0,8,10,4A,26,00,00,00,00,80
2250000,00000050,false,Rx,0,8,40,01,00,00,00,00,00,41
2250000,00000251,false,Rx,0,8,10,68,56,00,00,00,00,CE
2250000,00000260,false,Rx,0,8,10,47,AC,00,00,00,00,03
2260000,00000018,false,Rx,0,8,45,24,02,00,00,00,00,6B
2260000,0000002C,false,Rx,0,8,20,4B,5A,00,00,00,00,C5
2260000,00000050,false,Rx,0,8,40,01,00,00,00,00,00,41
2260000,000000A6,false,Rx,0,8,08,3E,08,3E,08,3E,08,3E
2260000,00000251,false,Rx,0,8,20,67,47,00,00,00,00,CE
2260000,00000260,false,Rx,0,8,20,47,8D,00,00,00,00,F4
2260000,00000316,false,Rx,0,8,40,01,00,00,00,00,00,41
2260000,00000544,false,Rx,0,8,10,00,00,00,00,00,00,00
2270000,00000018,false,Rx,0,8,45,24,00,00,00,00,00,69
2270000,0000002C,false,Rx,0,8,30,4C,FC,00,00,00,00,78
2270000,00000050,false,Rx,0,8,40,01,00,00,00,00,00,41
2270000,00000251,false,Rx,0,8,30,65,89,00,00,00,00,1E
2270000,00000260,false,Rx,0,8,30,48,A6,00,00,00,00,1E
2280000,00000018,false,Rx,0,8,45,24,00,00,00,00,00,69
2280000,0000002C,false,Rx,0,8,40,4D,ED,00,00,00,00,7A
2280000,00000050,false,Rx,0,8,40,01,00,00,00,00,00,41
2280000,000000A6,false,Rx,0,8,08,2E,08,2E,08,2E,08,2E
2280000,00000251,false,Rx,0,8,40,63,9A,00,00,00,00,3D
2280000,00000260,false,Rx,0,8,40,49,8D,00,00,00,00,16
2280000,00000316,false,Rx,0,8,40,01,00,00,00,00,00,41
2280000,00000544,false,Rx,0,8,20,00,00,00,00,00,00,00
2290000,00000018,false,Rx,0,8,45,25,03,00,00,00,00,6D
2290000,0000002C,false,Rx,0,8,50,4E,E5,00,00,00,00,83
2290000,00000050,false,Rx,0,8,40,01,00,00,00,00,00,41
2290000,00000251,false,Rx,0,8,50,62,89,00,00,00,00,3B
2290000,00000260,false,Rx,0,8,50,49,85,00,00,00,00,1E
2300000,00000018,false,Rx,0,8,45,25,01,00,00,00,00,6B
2300000,0000002C,false,Rx,0,8,60,4F,A5,00,00,00,00,54
2300000,00000050,false,Rx,0,8,40,01,00,00,00,00,00,41
2300000,000000A6,false,Rx,0,8,08,1F,08,1F,08,1F,08,1F
2300000,00000251,false,Rx,0,8,60,60,FC,00,00,00,00,BC
2300000,00000260,false,Rx,0,8,60,4A,98,00,00,00,00,42
2300000,00000316,false,Rx,0,8,40,01,00,00,00,00,00,41
2300000,00000544,false,Rx,0,8,30,00,00,00,00,00,00,00
2300000,000004F1,false,Rx,0,8,70,00,00,00,00,00,00,70
2310000,00000018,false,Rx,0,8,45,26,00,00,00,00,00,6B
2310000,0000002C,false,Rx,0,8,70,50,A1,00,00,00,00,61
2310000,00000050,false,Rx,0,8,40,01,00,00,00,00,00,41
2310000,00000251,false,Rx,0,8,70,5E,4A,00,00,00,00,18
2310000,00000260,false,Rx,0,8,70,4B,60,00,00,00,00,1B
2320000,00000018,false,Rx,0,8,45,27,00,00,00,00,00,6C
2320000,0000002C,false,Rx,0,8,80,51,4D,00,00,00,00,1E
2320000,00000050,false,Rx,0,8,40,01,00,00,00,00,00,41
2320000,000000A6,false,Rx,0,8,08,0F,08,0F,08,0F,08,0F
2320000,00000251,false,Rx,0,8,80,5D,20,00,00,00,00,FD
2320000,00000260,false,Rx,0,8,80,4C,4C,00,00,00,00,18
2320000,00000316,false,Rx,0,8,40,01,00,00,00,00,00,41
2320000,00000544,false,Rx,0,8,40,00,00,00,00,00,00,00
2330000,00000018,false,Rx,0,8,45,28,01,00,00,00,00,6E
2330000,0000002C,false,Rx,0,8,90,53,E1,00,00,00,00,C4
2330000,00000050,false,Rx,0,8,40,01,00,00,00,00,00,41
2330000,00000251,false,Rx,0,8,90,5B,55,00,00,00,00,40
2330000,00000260,false,Rx,0,8,90,4D,7B,00,00,00,00,58
2340000,00000018,false,Rx,0,8,45,29,00,00,00,00,00,6E
2340000,0000002C,false,Rx,0,8,A0,54,22,00,00,00,00,16
2340000,00000050,false,Rx,0,8,40,01,00,00,00,00,00,41
2340000,000000A6,false,Rx,0,8,07,FF,07,FF,07,FF,07,FF
2340000,00000251,false,Rx,0,8,A0,5A,DE,00,00,00,00,D8
2340000,00000260,false,Rx,0,8,A0,4E,1D,00,00,00,00,0B
2340000,00000316,false,Rx,0,8,40,01,00,00,00,00,00,41
2340000,00000544,false,Rx,0,8,50,00,00,00,00,00,00,00
2350000,00000018,false,Rx,0,8,45,2A,00,00,00,00,00,6F
2350000,0000002C,false,Rx,0,8,B0,55,F0,00,00,00,00,F5
2350000,00000050,false,Rx,0,8,40,01,00,00,00,00,00,41
2350000,00000251,false,Rx,0,8,B0,58,8D,00,00,00,00,95
2350000,00000260,false,Rx,0,8,B0,4F,CE,00,00,00,00,CD
2360000,00000018,false,Rx,0,8,45,2B,01,00,00,00,00,71
2360000,0000002C,false,Rx,0,8,C0,57,E2,00,00,00,00,F9
2360000,00000050,false,Rx,0,8,40,01,00,00,00,00,00,41
2360000,000000A6,false,Rx,0,8,07,F0,07,F0,07,F0,07,F0
2360000,00000251,false,Rx,0,8,C0,57,D7,00,00,00,00,EE
2360000,00000260,false,Rx,0,8,C0,50,A3,00,00,00,00,B3
2360000,00000316,false,Rx,0,8,40,01,00,00,00,00,00,41
2360000,00000544,false,Rx,0,8,60,00,00,00,00,00,00,00
2370000,00000018,false,Rx,0,8,45,2D,03,00,00,00,00,75
2370000,0000002C,false,Rx,0,8,D0,58,9B,00,00,00,00,C3
2370000,00000050,false,Rx,0,8,40,01,00,00,00,00,00,41
2370000,00000251,false,Rx,0,8,D0,56,99,00,00,00,00,BF
2370000,00000260,false,Rx,0,8,D0,52,47,00,00,00,00,69
2380000,00000018,false,Rx,0,8,45,2F,00,00,00,00,00,74
2380000,0000002C,false,Rx,0,8,E0,59,8C,00,00,00,00,C5
2380000,00000050,false,Rx,0,8,40,01,00,00,00,00,00,41
2380000,000000A6,false,Rx,0,8,07,E0,07,E0,07,E0,07,E0
2380000,00000251,false,Rx,0,8,E0,54,F7,00,00,00,00,2B
2380000,00000260,false,Rx,0,8,E0,53,0D,00,00,00,00,40
2380000,00000316,false,Rx,0,8,40,01,00,00,00,00,00,41
2380000,00000544,false,Rx,0,8,70,00,00,00,00,00,00,00
2390000,00000018,false,Rx,0,8,45,30,01,00,00,00,00,76
2390000,0000002C,false,Rx,0,8,F0,5B,1C,00,00,00,00,67
2390000,00000050,false,Rx,0,8,40,01,00,00,00,00,00,41
2390000,00000251,false,Rx,0,8,F0,53,27,00,00,00,00,6A
2390000,00000260,false,Rx,0,8,F0,54,FE,00,00,00,00,42
2400000,00000018,false,Rx,0,8,45,32,00,00,00,00,00,77
2400000,0000002C,false,Rx,0,8,00,5C,B4,00,00,00,00,10
2400000,00000050,false,Rx,0,8,40,01,00,00,00,00,00,41
2400000,000000A6,false,Rx,0,8,07,D0,07,D0,07,D0,07,D0
2400000,00000251,false,Rx,0,8,00,52,B8,00,00,00,00,0A
2400000,00000260,false,Rx,0,8,00,56,97,00,00,00,00,ED
2400000,00000316,false,Rx,0,8,40,01,00,00,00,00,00,41
2400000,00000544,false,Rx,0,8,80,00,00,00,00,00,00,00
2400000,000004F1,false,Rx,0,8,80,00,00,00,00,00,00,80
2410000,00000018,false,Rx,0,8,45,34,00,00,00,00,00,79
2410000,0000002C,false,Rx,0,8,10,5E,25,00,00,00,00,93
2410000,00000050,false,Rx,0,8,40,01,00,00,00,00,00,41
2410000,00000251,false,Rx,0,8,10,51,80,00,00,00,00,E1
2410000,00000260,false,Rx,0,8,10,57,84,00,00,00,00,EB
2420000,00000018,false,Rx,0,8,45,36,03,00,00,00,00,7E
2420000,0000002C,false,Rx,0,8,20,5F,9E,00,00,00,00,1D
2420000,00000050,false,Rx,0,8,40,01,00,00,00,00,00,41
2420000,000000A6,false,Rx,0,8,07,C0,07,C0,07,C0,07,C0
2420000,00000251,false,Rx,0,8,20,4F,7E,00,00,00,00,ED
2420000,00000260,false,Rx,0,8,20,58,D6,00,00,00,00,4E
2420000,00000316,false,Rx,0,8,40,01,00,00,00,00,00,41
2420000,00000544,false,Rx,0,8,90,00,00,00,00,00,00,00
2430000,00000018,false,Rx,0,8,45,39,02,00,00,00,00,80
2430000,0000002C,false,Rx,0,8,30,61,EC,00,00,00,00,7D
2430000,00000050,false,Rx,0,8,40,01,00,00,00,00,00,41
2430000,00000251,false,Rx,0,8,30,4E,FD,00,00,00,00,7B
2430000,00000260,false,Rx,0,8,30,5A,CF,00,00,00,00,59
2440000,00000018,false,Rx,0,8,45,3B,02,00,00,00,00,82
2440000,0000002C,false,Rx,0,8,40,63,E7,00,00,00,00,8A
2440000,00000050,false,Rx,0,8,40,01,00,00,00,00,00,41
2440000,000000A6,false,Rx,0,8,07,B0,07,B0,07,B0,07,B0
2440000,00000251,false,Rx,0,8,40,4D,64,00,00,00,00,F1
2440000,00000260,false,Rx,0,8,40,5B,C6,00,00,00,00,61
2440000,00000316,false,Rx,0,8,40,01,00,00,00,00,00,41
2440000,00000544,false,Rx,0,8,A0,00,00,00,00,00,00,00
2450000,00000018,false,Rx,0,8,45,3D,01,00,00,00,00,83
2450000,0000002C,false,Rx,0,8,50,64,13,00,00,00,00,C7
2450000,00000050,false,Rx,0,8,40,01,00,00,00,00,00,41
2450000,00000251,false,Rx,0,8,50,4C,EA,00,00,00,00,86
2450000,00000260,false,Rx,0,8,50,5D,12,00,00,00,00,BF
2460000,00000018,false,Rx,0,8,45,40,02,00,00,00,00,87
2460000,0000002C,false,Rx,0,8,60,66,1D,00,00,00,00,E3
2460000,00000050,false,Rx,0,8,40,01,00,00,00,00,00,41
2460000,000000A6,false,Rx,0,8,07,A0,07,A0,07,A0,07,A0
2460000,00000251,false,Rx,0,8,60,4B,36,00,00,00,00,E1
2460000,00000260,false,Rx,0,8,60,5E,61,00,00,00,00,1F
2460000,00000316,false,Rx,0,8,40,01,00,00,00,00,00,41
2460000,00000544,false,Rx,0,8,B0,00,00,00,00,00,00,00
2470000,00000018,false,Rx,0,8,45,43,01,00,00,00,00,89
2470000,0000002C,false,Rx,0,8,70,68,BC,00,00,00,00,94
2470000,00000050,false,Rx,0,8,40,01,00,00,00,00,00,41
2470000,00000251,false,Rx,0,8,70,4A,45,00,00,00,00,FF
2470000,00000260,false,Rx,0,8,70,60,AF,00,00,00,00,7F
2480000,00000018,false,Rx,0,8,45,46,02,00,00,00,00,8D
2480000,0000002C,false,Rx,0,8,80,6A,92,00,00,00,00,7C
2480000,00000050,false,Rx,0,8,40,01,00,00,00,00,00,41
2480000,000000A6,false,Rx,0,8,07,90,07,90,07,90,07,90
2480000,00000251,false,Rx,0,8,80,4A,9B,00,00,00,00,65
2480000,00000260,false,Rx,0,8,80,61,71,00,00,00,00,52
2480000,00000316,false,Rx,0,8,40,01,00,00,00,00,00,41
2480000,00000544,false,Rx,0,8,C0,00,00,00,00,00,00,00
2490000,00000018,false,Rx,0,8,45,49,03,00,00,00,00,91
2490000,0000002C,false,Rx,0,8,90,6B,27,00,00,00,00,22
2490000,00000050,false,Rx,0,8,40,01,00,00,00,00,00,41
2490000,00000251,false,Rx,0,8,90,49,03,00,00,00,00,DC
2490000,00000260,false,Rx,0,8,90,63,F3,00,00,00,00,E6
2500000,00000018,false,Rx,0,8,45,4C,01,00,00,00,00,92
2500000,0000002C,false,Rx,0,8,A0,6D,2E,00,00,00,00,3B
2500000,00000050,false,Rx,0,8,40,01,00,00,00,00,00,41
2500000,000000A6,false,Rx,0,8,07,80,07,80,07,80,07,80
2500000,00000251,false,Rx,0,8,A0,48,CA,00,00,00,00,B2
2500000,00000260,false,Rx,0,8,A0,65,B7,00,00,00,00,BC
2500000,00000316,false,Rx,0,8,40,01,00,00,00,00,00,41
2500000,00000544,false,Rx,0,8,D0,00,00,00,00,00,00,00
2500000,000004F1,false,Rx,0,8,90,00,00,00,00,00,00,90
2510000,00000018,false,Rx,0,8,45,4F,02,00,00,00,00,96
2510000,0000002C,false,Rx,0,8,B0,6F,C4,00,00,00,00,E3
2510000,00000050,false,Rx,0,8,40,01,00,00,00,00,00,41
2510000,00000251,false,Rx,0,8,B0,47,AA,00,00,00,00,A1
2510000,00000260,false,Rx,0,8,B0,67,99,00,00,00,00,B0
2520000,00000018,false,Rx,0,8,45,52,03,00,00,00,00,9A
2520000,0000002C,false,Rx,0,8,C0,71,EC,00,00,00,00,1D
2520000,00000050,false,Rx,0,8,40,01,00,00,00,00,00,41
2520000,000000A6,false,Rx,0,8,07,6F,07,6F,07,6F,07,6F
2520000,00000251,false,Rx,0,8,C0,47,C2,00,00,00,00,C9
2520000,00000260,false,Rx,0,8,C0,68,57,00,00,00,00,7F
2520000,00000316,false,Rx,0,8,40,01,00,00,00,00,00,41
2520000,00000544,false,Rx,0,8,E0,00,00,00,00,00,00,00
2530000,00000018,false,Rx,0,8,45,56,02,00,00,00,00,9D
2530000,0000002C,false,Rx,0,8,D0,73,15,00,00,00,00,58
2530000,00000050,false,Rx,0,8,40,01,00,00,00,00,00,41
2530000,00000251,false,Rx,0,8,D0,46,A8,00,00,00,00,BE
2530000,00000260,false,Rx,0,8,D0,6A,5C,00,00,00,00,96
2540000,00000018,false,Rx,0,8,45,59,00,00,00,00,00,9E
2540000,0000002C,false,Rx,0,8,E0,74,E6,00,00,00,00,3A
2540000,00000050,false,Rx,0,8,40,01,00,00,00,00,00,41
2540000,000000A6,false,Rx,0,8,07,5F,07,5F,07,5F,07,5F
2540000,00000251,false,Rx,0,8,E0,46,E1,00,00,00,00,07
2540000,00000260,false,Rx,0,8,E0,6C,96,00,00,00,00,E2
2540000,00000316,false,Rx,0,8,40,01,00,00,00,00,00,41
2540000,00000544,false,Rx,0,8,F0,00,00,00,00,00,00,00
2550000,00000018,false,Rx,0,8,45,5D,00,00,00,00,00,A2
2550000,0000002C,false,Rx,0,8,F0,76,60,00,00,00,00,C6
2550000,00000050,false,Rx,0,8,40,01,00,00,00,00,00,41
2550000,00000251,false,Rx,0,8,F0,45,AB,00,00,00,00,E0
2550000,00000260,false,Rx,0,8,F0,6E,31,00,00,00,00,8F
2560000,00000018,false,Rx,0,8,45,61,03,00,00,00,00,A9
2560000,0000002C,false,Rx,0,8,00,78,A4,00,00,00,00,1C
2560000,00000050,false,Rx,0,8,40,01,00,00,00,00,00,41
2560000,000000A6,false,Rx,0,8,07,4F,07,4F,07,4F,07,4F
2560000,00000251,false,Rx,0,8,00,45,DC,00,00,00,00,21
2560000,00000260,false,Rx,0,8,00,6F,F1,00,00,00,00,60
2560000,00000316,false,Rx,0,8,40,01,00,00,00,00,00,41
2560000,00000544,false,Rx,0,8,00,00,00,00,00,00,00,00
2570000,00000018,false,Rx,0,8,45,64,00,00,00,00,00,A9
2570000,0000002C,false,Rx,0,8,10,7A,F3,00,00,00,00,7D
2570000,00000050,false,Rx,0,8,40,01,00,00,00,00,00,41
2570000,00000251,false,Rx,0,8,10,44,45,00,00,00,00,99
2570000,00000260,false,Rx,0,8,10,71,41,00,00,00,00,C2
2580000,00000018,false,Rx,0,8,45,68,00,00,00,00,00,AD
2580000,0000002C,false,Rx,0,8,20,7C,4D,00,00,00,00,E9
2580000,00000050,false,Rx,0,8,40,01,00,00,00,00,00,41
2580000,000000A6,false,Rx,0,8,07,3F,07,3F,07,3F,07,3F
2580000,00000251,false,Rx,0,8,20,44,99,00,00,00,00,FD
2580000,00000260,false,Rx,0,8,20,73,84,00,00,00,00,17
2580000,00000316,false,Rx,0,8,40,01,00,00,00,00,00,41
2580000,00000544,false,Rx,0,8,10,00,00,00,00,00,00,00
2590000,00000018,false,Rx,0,8,45,6C,01,00,00,00,00,B2
2590000,0000002C,false,Rx,0,8,30,7E,1F,00,00,00,00,CD
2590000,00000050,false,Rx,0,8,40,01,00,00,00,00,00,41
2590000,00000251,false,Rx,0,8,30,44,A4,00,00,00,00,18
2590000,00000260,false,Rx,0,8,30,75,5D,00,00,00,00,02
2600000,00000018,false,Rx,0,8,45,71,02,00,00,00,00,B8
2600000,0000002C,false,Rx,0,8,40,80,E6,00,00,00,00,A6
2600000,00000050,false,Rx,0,8,40,01,00,00,00,00,00,41
2600000,000000A6,false,Rx,0,8,07,2F,07,2F,07,2F,07,2F
2600000,00000251,false,Rx,0,8,40,44,66,00,00,00,00,EA
2600000,00000260,false,Rx,0,8,40,77,AB,00,00,00,00,62
2600000,00000316,false,Rx,0,8,40,01,00,00,00,00,00,41
2600000,00000544,false,Rx,0,8,20,00,00,00,00,00,00,00
2600000,000004F1,false,Rx,0,8,A0,00,00,00,00,00,00,A0
2610000,00000018,false,Rx,0,8,45,75,01,00,00,00,00,BB
2610000,0000002C,false,Rx,0,8,50,81,34,00,00,00,00,05
2610000,00000050,false,Rx,0,8,40,01,00,00,00,00,00,41
2610000,00000251,false,Rx,0,8,50,44,F5,00,00,00,00,89
2610000,00000260,false,Rx,0,8,50,79,2D,00,00,00,00,F6
2620000,00000018,false,Rx,0,8,45,79,02,00,00,00,00,C0
2620000,0000002C,false,Rx,0,8,60,83,AF,00,00,00,00,92
2620000,00000050,false,Rx,0,8,40,01,00,00,00,00,00,41
2620000,000000A6,false,Rx,0,8,07,1F,07,1F,07,1F,07,1F
2620000,00000251,false,Rx,0,8,60,44,A0,00,00,00,00,44
2620000,00000260,false,Rx,0,8,60,7A,71,00,00,00,00,4B
2620000,00000316,false,Rx,0,8,40,01,00,00,00,00,00,41
2620000,00000544,false,Rx,0,8,30,00,00,00,00,00,00,00
2630000,00000018,false,Rx,0,8,45,7E,00,00,00,00,00,C3
2630000,0000002C,false,Rx,0,8,70,85,2B,00,00,00,00,20
2630000,00000050,false,Rx,0,8,40,01,00,00,00,00,00,41
2630000,00000251,false,Rx,0,8,70,44,5A,00,00,00,00,0E
2630000,00000260,false,Rx,0,8,70,7C,B5,00,00,00,00,A1
2640000,00000018,false,Rx,0,8,45,82,01,00,00,00,00,C8
2640000,0000002C,false,Rx,0,8,80,87,58,00,00,00,00,5F
2640000,00000050,false,Rx,0,8,40,01,00,00,00,00,00,41
2640000,000000A6,false,Rx,0,8,07,0F,07,0F,07,0F,07,0F
2640000,00000251,false,Rx,0,8,80,44,CB,00,00,00,00,8F
2640000,00000260,false,Rx,0,8,80,7E,72,00,00,00,00,70
2640000,00000316,false,Rx,0,8,40,01,00,00,00,00,00,41
2640000,00000544,false,Rx,0,8,40,00,00,00,00,00,00,00
2650000,00000018,false,Rx,0,8,45,87,02,00,00,00,00,CE
2650000,0000002C,false,Rx,0,8,90,89,14,00,00,00,00,2D
2650000,00000050,false,Rx,0,8,40,01,00,00,00,00,00,41
2650000,00000251,false,Rx,0,8,90,44,A3,00,00,00,00,77
2650000,00000260,false,Rx,0,8,90,80,9D,00,00,00,00,AD
2660000,00000018,false,Rx,0,8,45,8B,02,00,00,00,00,D2
2660000,0000002C,false,Rx,0,8,A0,8B,7E,00,00,00,00,A9
2660000,00000050,false,Rx,0,8,40,01,00,00,00,00,00,41
2660000,000000A6,false,Rx,0,8,07,00,07,00,07,00,07,00
2660000,00000251,false,Rx,0,8,A0,44,95,00,00,00,00,79
2660000,00000260,false,Rx,0,8,A0,82,D7,00,00,00,00,F9
2660000,00000316,false,Rx,0,8,40,01,00,00,00,00,00,41
2660000,00000544,false,Rx,0,8,50,00,00,00,00,00,00,00
2670000,00000018,false,Rx,0,8,45,90,01,00,00,00,00,D6
2670000,0000002C,false,Rx,0,8,B0,8D,E0,00,00,00,00,1D
2670000,00000050,false,Rx,0,8,40,01,00,00,00,00,00,41
2670000,00000251,false,Rx,0,8,B0,44,FB,00,00,00,00,EF
2670000,00000260,false,Rx,0,8,B0,84,A9,00,00,00,00,DD
2680000,00000018,false,Rx,0,8,45,95,03,00,00,00,00,DD
2680000,0000002C,false,Rx,0,8,C0,8F,E0,00,00,00,00,2F
2680000,00000050,false,Rx,0,8,40,01,00,00,00,00,00,41
2680000,000000A6,false,Rx,0,8,06,F0,06,F0,06,F0,06,F0
2680000,00000251,false,Rx,0,8,C0,44,7C,00,00,00,00,80
2680000,00000260,false,Rx,0,8,C0,86,BE,00,00,00,00,04
2680000,00000316,false,Rx,0,8,40,01,00,00,00,00,00,41
2680000,00000544,false,Rx,0,8,60,00,00,00,00,00,00,00
2690000,00000018,false,Rx,0,8,45,9A,02,00,00,00,00,E1
2690000,0000002C,false,Rx,0,8,D0,90,51,00,00,00,00,B1
2690000,00000050,false,Rx,0,8,40,01,00,00,00,00,00,41
2690000,00000251,false,Rx,0,8,D0,45,A6,00,00,00,00,BB
2690000,00000260,false,Rx,0,8,D0,88,85,00,00,00,00,DD
2700000,00000018,false,Rx,0,8,45,9F,00,00,00,00,00,E4
2700000,0000002C,false,Rx,0,8,E0,92,BA,00,00,00,00,2C
2700000,00000050,false,Rx,0,8,40,01,00,00,00,00,00,41
2700000,000000A6,false,Rx,0,8,06,E0,06,E0,06,E0,06,E0
2700000,00000251,false,Rx,0,8,E0,45,C0,00,00,00,00,E5
2700000,00000260,false,Rx,0,8,E0,89,96,00,00,00,00,FF
2700000,00000316,false,Rx,0,8,40,01,00,00,00,00,00,41
2700000,00000544,false,Rx,0,8,70,00,00,00,00,00,00,00
2700000,000004F1,false,Rx,0,8,B0,00,00,00,00,00,00,B0
2710000,00000018,false,Rx,0,8,45,A4,02,00,00,00,00,EB
2710000,0000002C,false,Rx,0,8,F0,94,BE,00,00,00,00,42
2710000,00000050,false,Rx,0,8,40,01,00,00,00,00,00,41
2710000,00000251,false,Rx,0,8,F0,46,8F,00,00,00,00,C5
2710000,00000260,false,Rx,0,8,F0,8B,ED,00,00,00,00,68
2720000,00000018,false,Rx,0,8,45,A9,00,00,00,00,00,EE
2720000,0000002C,false,Rx,0,8,00,96,90,00,00,00,00,26
2720000,00000050,false,Rx,0,8,40,01,00,00,00,00,00,41
2720000,000000A6,false,Rx,0,8,06,D1,06,D1,06,D1,06,D1
2720000,00000251,false,Rx,0,8,00,46,C9,00,00,00,00,0F
2720000,00000260,false,Rx,0,8,00,8D,3C,00,00,00,00,C9
2720000,00000316,false,Rx,0,8,40,01,00,00,00,00,00,41
2720000,00000544,false,Rx,0,8,80,00,00,00,00,00,00,00
2730000,00000018,false,Rx,0,8,45,AF,01,00,00,00,00,F5
2730000,0000002C,false,Rx,0,8,10,97,C6,00,00,00,00,6D
2730000,00000050,false,Rx,0,8,40,01,00,00,00,00,00,41
2730000,00000251,false,Rx,0,8,10,47,BA,00,00,00,00,11
2730000,00000260,false,Rx,0,8,10,8F,F0,00,00,00,00,8F
2740000,00000018,false,Rx,0,8,45,B4,02,00,00,00,00,FB
2740000,0000002C,false,Rx,0,8,20,99,D1,00,00,00,00,8A
2740000,00000050,false,Rx,0,8,40,01,00,00,00,00,00,41
2740000,000000A6,false,Rx,0,8,06,C1,06,C1,06,C1,06,C1
2740000,00000251,false,Rx,0,8,20,47,3A,00,00,00,00,A1
2740000,00000260,false,Rx,0,8,20,91,1B,00,00,00,00,CC
2740000,00000316,false,Rx,0,8,40,01,00,00,00,00,00,41
2740000,00000544,false,Rx,0,8,90,00,00,00,00,00,00,00
2750000,00000018,false,Rx,0,8,45,BA,00,00,00,00,00,FF
2750000,0000002C,false,Rx,0,8,30,9B,AD,00,00,00,00,78
2750000,00000050,false,Rx,0,8,40,01,00,00,00,00,00,41
2750000,00000251,false,Rx,0,8,30,48,66,00,00,00,00,DE
2750000,00000260,false,Rx,0,8,30,93,24,00,00,00,00,E7
2760000,00000018,false,Rx,0,8,45,BF,00,00,00,00,00,04
2760000,0000002C,false,Rx,0,8,40,9C,1A,00,00,00,00,F6
2760000,00000050,false,Rx,0,8,40,01,00,00,00,00,00,41
2760000,000000A6,false,Rx,0,8,06,B2,06,B2,06,B2,06,B2
2760000,00000251,false,Rx,0,8,40,49,5C,00,00,00,00,E5
2760000,00000260,false,Rx,0,8,40,94,F1,00,00,00,00,C5
2760000,00000316,false,Rx,0,8,40,01,00,00,00,00,00,41
2760000,00000544,false,Rx,0,8,A0,00,00,00,00,00,00,00
2770000,00000018,false,Rx,0,8,45,C5,01,00,00,00,00,0B
2770000,0000002C,false,Rx,0,8,50,9E,AB,00,00,00,00,99
2770000,00000050,false,Rx,0,8,40,01,00,00,00,00,00,41
2770000,00000251,false,Rx,0,8,50,4A,0D,00,00,00,00,A7
2770000,00000260,false,Rx,0,8,50,96,63,00,00,00,00,49
2780000,00000018,false,Rx,0,8,45,CA,02,00,00,00,00,11
2780000,0000002C,false,Rx,0,8,60,A0,21,00,00,00,00,21
2780000,00000050,false,Rx,0,8,40,01,00,00,00,00,00,41
2780000,000000A6,false,Rx,0,8,06,A3,06,A3,06,A3,06,A3
2780000,00000251,false,Rx,0,8,60,4B,EC,00,00,00,00,97
2780000,00000260,false,Rx,0,8,60,98,3D,00,00,00,00,35
2780000,00000316,false,Rx,0,8,40,01,00,00,00,00,00,41
2780000,00000544,false,Rx,0,8,B0,00,00,00,00,00,00,00
2790000,00000018,false,Rx,0,8,45,D0,02,00,00,00,00,17
2790000,0000002C,false,Rx,0,8,70,A1,A8,00,00,00,00,B9
2790000,00000050,false,Rx,0,8,40,01,00,00,00,00,00,41
2790000,00000251,false,Rx,0,8,70,4B,6B,00,00,00,00,26
2790000,00000260,false,Rx,0,8,70,9A,C3,00,00,00,00,CD
2800000,00000018,false,Rx,0,8,45,D5,01,00,00,00,00,1B
2800000,0000002C,false,Rx,0,8,80,A3,30,00,00,00,00,53
2800000,00000050,false,Rx,0,8,40,01,00,00,00,00,00,41
2800000,000000A6,false,Rx,0,8,06,94,06,94,06,94,06,94
2800000,00000251,false,Rx,0,8,80,4C,E0,00,00,00,00,AC
2800000,00000260,false,Rx,0,8,80,9B,98,00,00,00,00,B3
2800000,00000316,false,Rx,0,8,40,01,00,00,00,00,00,41
2800000,00000544,false,Rx,0,8,C0,00,00,00,00,00,00,00
2800000,000004F1,false,Rx,0,8,C0,00,00,00,00,00,00,C0
2810000,00000018,false,Rx,0,8,45,DB,02,00,00,00,00,22
2810000,0000002C,false,Rx,0,8,90,A4,C5,00,00,00,00,F9
2810000,00000050,false,Rx,0,8,40,01,00,00,00,00,00,41
2810000,00000251,false,Rx,0,8,90,4D,95,00,00,00,00,72
2810000,00000260,false,Rx,0,8,90,9D,D3,00,00,00,00,00
2820000,00000018,false,Rx,0,8,45,E1,01,00,00,00,00,27
2820000,0000002C,false,Rx,0,8,A0,A6,91,00,00,00,00,D7
2820000,00000050,false,Rx,0,8,40,01,00,00,00,00,00,41
2820000,000000A6,false,Rx,0,8,06,85,06,85,06,85,06,85
2820000,00000251,false,Rx,0,8,A0,4E,23,00,00,00,00,11
2820000,00000260,false,Rx,0,8,A0,9F,1B,00,00,00,00,5A
2820000,00000316,false,Rx,0,8,40,01,00,00,00,00,00,41
2820000,00000544,false,Rx,0,8,D0,00,00,00,00,00,00,00
2830000,00000018,false,Rx,0,8,45,E7,02,00,00,00,00,2E
2830000,0000002C,false,Rx,0,8,B0,A7,81,00,00,00,00,D8
2830000,00000050,false,Rx,0,8,40,01,00,00,00,00,00,41
2830000,00000251,false,Rx,0,8,B0,50,D1,00,00,00,00,D1
2830000,00000260,false,Rx,0,8,B0,A0,4D,00,00,00,00,9D
2840000,00000018,false,Rx,0,8,45,ED,03,00,00,00,00,35
2840000,0000002C,false,Rx,0,8,C0,A9,4C,00,00,00,00,B5
2840000,00000050,false,Rx,0,8,40,01,00,00,00,00,00,41
2840000,000000A6,false,Rx,0,8,06,76,06,76,06,76,06,76
2840000,00000251,false,Rx,0,8,C0,51,FF,00,00,00,00,10
2840000,00000260,false,Rx,0,8,C0,A2,46,00,00,00,00,A8
2840000,00000316,false,Rx,0,8,40,01,00,00,00,00,00,41
2840000,00000544,false,Rx,0,8,E0,00,00,00,00,00,00,00
2850000,00000018,false,Rx,0,8,45,F3,02,00,00,00,00,3A
2850000,0000002C,false,Rx,0,8,D0,AA,AA,00,00,00,00,24
2850000,00000050,false,Rx,0,8,40,01,00,00,00,00,00,41
2850000,00000251,false,Rx,0,8,D0,52,47,00,00,00,00,69
2850000,00000260,false,Rx,0,8,D0,A3,66,00,00,00,00,D9
2860000,00000018,false,Rx,0,8,45,F9,00,00,00,00,00,3E
2860000,0000002C,false,Rx,0,8,E0,AB,29,00,00,00,00,B4
2860000,00000050,false,Rx,0,8,40,01,00,00,00,00,00,41
2860000,000000A6,false,Rx,0,8,06,68,06,68,06,68,06,68
2860000,00000251,false,Rx,0,8,E0,53,9B,00,00,00,00,CE
2860000,00000260,false,Rx,0,8,E0,A5,AF,00,00,00,00,34
2860000,00000316,false,Rx,0,8,40,01,00,00,00,00,00,41
2860000,00000544,false,Rx,0,8,F0,00,00,00,00,00,00,00
2870000,00000018,false,Rx,0,8,45,FF,00,00,00,00,00,44
2870000,0000002C,false,Rx,0,8,F0,AD,48,00,00,00,00,E5
2870000,00000050,false,Rx,0,8,40,01,00,00,00,00,00,41
2870000,00000251,false,Rx,0,8,F0,55,7B,00,00,00,00,C0
2870000,00000260,false,Rx,0,8,F0,A6,D1,00,00,00,00,67
2880000,00000018,false,Rx,0,8,46,05,03,00,00,00,00,4E
2880000,0000002C,false,Rx,0,8,00,AE,B3,00,00,00,00,61
2880000,00000050,false,Rx,0,8,40,01,00,00,00,00,00,41
2880000,000000A6,false,Rx,0,8,06,59,06,59,06,59,06,59
2880000,00000251,false,Rx,0,8,00,56,81,00,00,00,00,D7
2880000,00000260,false,Rx,0,8,00,A8,EA,00,00,00,00,92
2880000,00000316,false,Rx,0,8,40,01,00,00,00,00,00,41
2880000,00000544,false,Rx,0,8,00,00,00,00,00,00,00,00
2890000,00000018,false,Rx,0,8,46,0B,02,00,00,00,00,53
2890000,0000002C,false,Rx,0,8,10,AF,9E,00,00,00,00,5D
2890000,00000050,false,Rx,0,8,40,01,00,00,00,00,00,41
2890000,00000251,false,Rx,0,8,10,57,4E,00,00,00,00,B5
2890000,00000260,false,Rx,0,8,10,A9,49,00,00,00,00,02
2900000,00000018,false,Rx,0,8,46,11,00,00,00,00,00,57
2900000,0000002C,false,Rx,0,8,20,B0,C8,00,00,00,00,98
2900000,00000050,false,Rx,0,8,40,01,00,00,00,00,00,41
2900000,000000A6,false,Rx,0,8,06,4B,06,4B,06,4B,06,4B
2900000,00000251,false,Rx,0,8,20,59,D8,00,00,00,00,51
2900000,00000260,false,Rx,0,8,20,AA,A1,00,00,00,00,6B
2900000,00000316,false,Rx,0,8,40,01,00,00,00,00,00,41
2900000,00000544,false,Rx,0,8,10,00,00,00,00,00,00,00
2900000,000004F1,false,Rx,0,8,D0,00,00,00,00,00,00,D0
2910000,00000018,false,Rx,0,8,46,17,00,00,00,00,00,5D
2910000,0000002C,false,Rx,0,8,30,B1,42,00,00,00,00,23
2910000,00000050,false,Rx,0,8,40,01,00,00,00,00,00,41
2910000,00000251,false,Rx,0,8,30,5A,C1,00,00,00,00,4B
2910000,00000260,false,Rx,0,8,30,AC,5C,00,00,00,00,38
2920000,00000018,false,Rx,0,8,46,1D,02,00,00,00,00,65
2920000,0000002C,false,Rx,0,8,40,B2,2B,00,00,00,00,1D
2920000,00000050,false,Rx,0,8,40,01,00,00,00,00,00,41
2920000,000000A6,false,Rx,0,8,06,3D,06,3D,06,3D,06,3D
2920000,00000251,false,Rx,0,8,40,5C,25,00,00,00,00,C1
2920000,00000260,false,Rx,0,8,40,AD,29,00,00,00,00,16
2920000,00000316,false,Rx,0,8,40,01,00,00,00,00,00,41
2920000,00000544,false,Rx,0,8,20,00,00,00,00,00,00,00
2930000,00000018,false,Rx,0,8,46,24,01,00,00,00,00,6B
2930000,0000002C,false,Rx,0,8,50,B3,9E,00,00,00,00,A1
2930000,00000050,false,Rx,0,8,40,01,00,00,00,00,00,41
2930000,00000251,false,Rx,0,8,50,5D,E5,00,00,00,00,92
2930000,00000260,false,Rx,0,8,50,AE,F9,00,00,00,00,F7
2940000,00000018,false,Rx,0,8,46,2A,02,00,00,00,00,72
2940000,0000002C,false,Rx,0,8,60,B4,C0,00,00,00,00,D4
2940000,00000050,false,Rx,0,8,40,01,00,00,00,00,00,41
2940000,000000A6,false,Rx,0,8,06,2F,06,2F,06,2F,06,2F
2940000,00000251,false,Rx,0,8,60,5F,F5,00,00,00,00,B4
2940000,00000260,false,Rx,0,8,60,AF,AA,00,00,00,00,B9
2940000,00000316,false,Rx,0,8,40,01,00,00,00,00,00,41
2940000,00000544,false,Rx,0,8,30,00,00,00,00,00,00,00
2950000,00000018,false,Rx,0,8,46,30,01,00,00,00,00,77
2950000,0000002C,false,Rx,0,8,70,B5,A8,00,00,00,00,CD
2950000,00000050,false,Rx,0,8,40,01,00,00,00,00,00,41
2950000,00000251,false,Rx,0,8,70,60,CD,00,00,00,00,9D
2950000,00000260,false,Rx,0,8,70,B0,5A,00,00,00,00,7A
2960000,00000018,false,Rx,0,8,46,36,03,00,00,00,00,7F
2960000,0000002C,false,Rx,0,8,80,B6,41,00,00,00,00,77
2960000,00000050,false,Rx,0,8,40,01,00,00,00,00,00,41
2960000,000000A6,false,Rx,0,8,06,22,06,22,06,22,06,22
2960000,00000251,false,Rx,0,8,80,62,D6,00,00,00,00,B8
2960000,00000260,false,Rx,0,8,80,B1,A0,00,00,00,00,D1
2960000,00000316,false,Rx,0,8,40,01,00,00,00,00,00,41
2960000,00000544,false,Rx,0,8,40,00,00,00,00,00,00,00
2970000,00000018,false,Rx,0,8,46,3D,03,00,00,00,00,86
2970000,0000002C,false,Rx,0,8,90,B7,2F,00,00,00,00,76
2970000,00000050,false,Rx,0,8,40,01,00,00,00,00,00,41
2970000,00000251,false,Rx,0,8,90,64,12,00,00,00,00,06
2970000,00000260,false,Rx,0,8,90,B2,1D,00,00,00,00,5F
2980000,00000018,false,Rx,0,8,46,43,00,00,00,00,00,89
2980000,0000002C,false,Rx,0,8,A0,B7,D8,00,00,00,00,2F
2980000,00000050,false,Rx,0,8,40,01,00,00,00,00,00,41
2980000,000000A6,false,Rx,0,8,06,14,06,14,06,14,06,14
2980000,00000251,false,Rx,0,8,A0,65,B8,00,00,00,00,BD
2980000,00000260,false,Rx,0,8,A0,B3,02,00,00,00,00,55
2980000,00000316,false,Rx,0,8,40,01,00,00,00,00,00,41
2980000,00000544,false,Rx,0,8,50,00,00,00,00,00,00,00
2990000,00000018,false,Rx,0,8,46,49,00,00,00,00,00,8F
2990000,0000002C,false,Rx,0,8,B0,B8,B9,00,00,00,00,21
2990000,00000050,false,Rx,0,8,40,01,00,00,00,00,00,41
2990000,00000251,false,Rx,0,8,B0,67,2B,00,00,00,00,42
2990000,00000260,false,Rx,0,8,B0,B4,E7,00,00,00,00,4B
3000000,00000018,false,Rx,0,8,46,50,00,00,00,00,00,96
3000000,0000002C,false,Rx,0,8,C0,B9,09,00,00,00,00,82
3000000,00000050,false,Rx,0,8,40,01,00,00,00,00,00,41
3000000,000000A6,false,Rx,0,8,06,07,06,07,06,07,06,07
3000000,00000251,false,Rx,0,8,C0,69,37,00,00,00,00,60
3000000,00000260,false,Rx,0,8,C0,B5,8C,00,00,00,00,01
3000000,00000316,false,Rx,0,8,40,01,00,00,00,00,00,41
3000000,00000544,false,Rx,0,8,60,00,00,00,00,00,00,00
3000000,00000593,false,Rx,0,8,B2,B4,B3,B5,00,00,00,00
3000000,000004F1,false,Rx,0,8,E0,00,00,00,00,00,00,E0
3010000,00000018,false,Rx,0,8,46,56,01,00,00,00,00,9D
3010000,0000002C,false,Rx,0,8,D0,B9,B9,00,00,00,00,42
3010000,00000050,false,Rx,0,8,40,01,00,00,00,00,00,41
3010000,00000251,false,Rx,0,8,D0,6A,7F,00,00,00,00,B9
3010000,00000260,false,Rx,0,8,D0,B6,6B,00,00,00,00,F1
3020000,00000018,false,Rx,0,8,46,5C,00,00,00,00,00,A2
3020000,0000002C,false,Rx,0,8,E0,BA,9E,00,00,00,00,38
3020000,00000050,false,Rx,0,8,40,01,00,00,00,00,00,41
3020000,000000A6,false,Rx,0,8,05,FA,05,FA,05,FA,05,FA
3020000,00000251,false,Rx,0,8,E0,6C,B5,00,00,00,00,01
3020000,00000260,false,Rx,0,8,E0,B7,56,00,00,00,00,ED
3020000,00000316,false,Rx,0,8,40,01,00,00,00,00,00,41
3020000,00000544,false,Rx,0,8,70,00,00,00,00,00,00,00
3030000,00000018,false,Rx,0,8,46,62,02,00,00,00,00,AA
3030000,0000002C,false,Rx,0,8,F0,BA,5C,00,00,00,00,06
3030000,00000050,false,Rx,0,8,40,01,00,00,00,00,00,41
3030000,00000251,false,Rx,0,8,F0,6E,55,00,00,00,00,B3
3030000,00000260,false,Rx,0,8,F0,B8,51,00,00,00,00,F9
3040000,00000018,false,Rx,0,8,46,69,01,00,00,00,00,B0
3040000,0000002C,false,Rx,0,8,00,BA,6D,00,00,00,00,27
3040000,00000050,false,Rx,0,8,40,01,00,00,00,00,00,41
3040000,000000A6,false,Rx,0,8,05,EE,05,EE,05,EE,05,EE
3040000,00000251,false,Rx,0,8,00,70,16,00,00,00,00,86
3040000,00000260,false,Rx,0,8,00,B8,FA,00,00,00,00,B2
3040000,00000316,false,Rx,0,8,40,01,00,00,00,00,00,41
3040000,00000544,false,Rx,0,8,80,00,00,00,00,00,00,00
3050000,00000018,false,Rx,0,8,46,6F,03,00,00,00,00,B8
3050000,0000002C,false,Rx,0,8,10,BB,AE,00,00,00,00,79
3050000,00000050,false,Rx,0,8,40,01,00,00,00,00,00,41
3050000,00000251,false,Rx,0,8,10,72,CC,00,00,00,00,4E
3050000,00000260,false,Rx,0,8,10,B9,2D,00,00,00,00,F6
3060000,00000018,false,Rx,0,8,46,75,01,00,00,00,00,BC
3060000,0000002C,false,Rx,0,8,20,BB,F8,00,00,00,00,D3
3060000,00000050,false,Rx,0,8,40,01,00,00,00,00,00,41
3060000,000000A6,false,Rx,0,8,05,E1,05,E1,05,E1,05,E1
3060000,00000251,false,Rx,0,8,20,73,A9,00,00,00,00,3C
3060000,00000260,false,Rx,0,8,20,B9,42,00,00,00,00,1B
3060000,00000316,false,Rx,0,8,40,01,00,00,00,00,00,41
3060000,00000544,false,Rx,0,8,90,00,00,00,00,00,00,00
3070000,00000018,false,Rx,0,8,46,7B,00,00,00,00,00,C1
3070000,0000002C,false,Rx,0,8,30,BB,62,00,00,00,00,4D
3070000,00000050,false,Rx,0,8,40,01,00,00,00,00,00,41
3070000,00000251,false,Rx,0,8,30,75,DC,00,00,00,00,81
3070000,00000260,false,Rx,0,8,30,BA,DE,00,00,00,00,C8
3080000,00000018,false,Rx,0,8,46,82,02,00,00,00,00,CA
3080000,0000002C,false,Rx,0,8,40,BB,73,00,00,00,00,6E
3080000,00000050,false,Rx,0,8,40,01,00,00,00,00,00,41
3080000,000000A6,false,Rx,0,8,05,D5,05,D5,05,D5,05,D5
3080000,00000251,false,Rx,0,8,40,77,36,00,00,00,00,ED
3080000,00000260,false,Rx,0,8,40,BA,DB,00,00,00,00,D5
3080000,00000316,false,Rx,0,8,40,01,00,00,00,00,00,41
3080000,00000544,false,Rx,0,8,A0,00,00,00,00,00,00,00
3090000,00000018,false,Rx,0,8,46,88,02,00,00,00,00,D0
3090000,0000002C,false,Rx,0,8,50,BB,46,00,00,00,00,51
3090000,00000050,false,Rx,0,8,40,01,00,00,00,00,00,41
3090000,00000251,false,Rx,0,8,50,79,05,00,00,00,00,CE
3090000,00000260,false,Rx,0,8,50,BB,CE,00,00,00,00,D9
3100000,00000018,false,Rx,0,8,46,8E,00,00,00,00,00,D4
3100000,0000002C,false,Rx,0,8,60,BB,4F,00,00,00,00,6A
3100000,00000050,false,Rx,0,8,40,01,00,00,00,00,00,41
3100000,000000A6,false,Rx,0,8,05,C9,05,C9,05,C9,05,C9
3100000,00000251,false,Rx,0,8,60,7B,32,00,00,00,00,0D
3100000,00000260,false,Rx,0,8,60,BB,DB,00,00,00,00,F6
3100000,00000316,false,Rx,0,8,40,01,00,00,00,00,00,41
3100000,00000544,false,Rx,0,8,B0,00,00,00,00,00,00,00
3100000,000004F1,false,Rx,0,8,F0,00,00,00,00,00,00,F0
3110000,00000018,false,Rx,0,8,46,94,02,00,00,00,00,DC
3110000,0000002C,false,Rx,0,8,70,BB,27,00,00,00,00,52
3110000,00000050,false,Rx,0,8,40,01,00,00,00,00,00,41
3110000,00000251,false,Rx,0,8,70,7D,84,00,00,00,00,71
3110000,00000260,false,Rx,0,8,70,BB,F4,00,00,00,00,1F
3120000,00000018,false,Rx,0,8,46,9A,01,00,00,00,00,E1
3120000,0000002C,false,Rx,0,8,80,BB,97,00,00,00,00,D2
3120000,00000050,false,Rx,0,8,40,01,00,00,00,00,00,41
3120000,000000A6,false,Rx,0,8,05,BE,05,BE,05,BE,05,BE
3120000,00000251,false,Rx,0,8,80,7F,71,00,00,00,00,70
3120000,00000260,false,Rx,0,8,80,BB,C4,00,00,00,00,FF
3120000,00000316,false,Rx,0,8,40,01,00,00,00,00,00,41
3120000,00000544,false,Rx,0,8,C0,00,00,00,00,00,00,00
3130000,00000018,false,Rx,0,8,46,A0,01,00,00,00,00,E7
3130000,0000002C,false,Rx,0,8,90,BB,33,00,00,00,00,7E
3130000,00000050,false,Rx,0,8,40,01,00,00,00,00,00,41
3130000,00000251,false,Rx,0,8,90,81,71,00,00,00,00,82
3130000,00000260,false,Rx,0,8,90,BB,02,00,00,00,00,4D
3140000,00000018,false,Rx,0,8,46,A6,00,00,00,00,00,EC
3140000,0000002C,false,Rx,0,8,A0,BB,13,00,00,00,00,6E
3140000,00000050,false,Rx,0,8,40,01,00,00,00,00,00,41
3140000,000000A6,false,Rx,0,8,05,B3,05,B3,05,B3,05,B3
3140000,00000251,false,Rx,0,8,A0,82,E4,00,00,00,00,06
3140000,00000260,false,Rx,0,8,A0,BB,13,00,00,00,00,6E
3140000,00000316,false,Rx,0,8,40,01,00,00,00,00,00,41
3140000,00000544,false,Rx,0,8,D0,00,00,00,00,00,00,00
3150000,00000018,false,Rx,0,8,46,AC,02,00,00,00,00,F4
3150000,0000002C,false,Rx,0,8,B0,BB,AC,00,00,00,00,17
3150000,00000050,false,Rx,0,8,40,01,00,00,00,00,00,41
3150000,00000251,false,Rx,0,8,B0,84,BF,00,00,00,00,F3
3150000,00000260,false,Rx,0,8,B0,BB,66,00,00,00,00,D1
3160000,00000018,false,Rx,0,8,46,B2,03,00,00,00,00,FB
3160000,0000002C,false,Rx,0,8,C0,BA,43,00,00,00,00,BD
3160000,00000050,false,Rx,0,8,40,01,00,00,00,00,00,41
3160000,000000A6,false,Rx,0,8,05,A7,05,A7,05,A7,05,A7
3160000,00000251,false,Rx,0,8,C0,86,C8,00,00,00,00,0E
3160000,00000260,false,Rx,0,8,C0,BB,BF,00,00,00,00,3A
3160000,00000316,false,Rx,0,8,40,01,00,00,00,00,00,41
3160000,00000544,false,Rx,0,8,E0,00,00,00,00,00,00,00
3170000,00000018,false,Rx,0,8,46,B8,01,00,00,00,00,FF
3170000,0000002C,false,Rx,0,8,D0,BA,C0,00,00,00,00,4A
3170000,00000050,false,Rx,0,8,40,01,00,00,00,00,00,41
3170000,00000251,false,Rx,0,8,D0,88,ED,00,00,00,00,45
3170000,00000260,false,Rx,0,8,D0,BB,07,00,00,00,00,92
3180000,00000018,false,Rx,0,8,46,BE,01,00,00,00,00,05
3180000,0000002C,false,Rx,0,8,E0,BA,4E,00,00,00,00,E8
3180000,00000050,false,Rx,0,8,40,01,00,00,00,00,00,41
3180000,000000A6,false,Rx,0,8,05,9D,05,9D,05,9D,05,9D
3180000,00000251,false,Rx,0,8,E0,8A,4D,00,00,00,00,B7
3180000,00000260,false,Rx,0,8,E0,BB,A4,00,00,00,00,3F
3180000,00000316,false,Rx,0,8,40,01,00,00,00,00,00,41
3180000,00000544,false,Rx,0,8,F0,00,00,00,00,00,00,00
3190000,00000018,false,Rx,0,8,46,C4,01,00,00,00,00,0B
3190000,0000002C,false,Rx,0,8,F0,B9,53,00,00,00,00,FC
3190000,00000050,false,Rx,0,8,40,01,00,00,00,00,00,41
3190000,00000251,false,Rx,0,8,F0,8C,B0,00,00,00,00,2C
3190000,00000260,false,Rx,0,8,F0,BB,61,00,00,00,00,0C
3200000,00000018,false,Rx,0,8,46,CA,01,00,00,00,00,11
3200000,0000002C,false,Rx,0,8,00,B9,5C,00,00,00,00,15
3200000,00000050,false,Rx,0,8,40,01,00,00,00,00,00,41
3200000,000000A6,false,Rx,0,8,05,92,05,92,05,92,05,92
3200000,00000251,false,Rx,0,8,00,8E,0C,00,00,00,00,9A
3200000,00000260,false,Rx,0,8,00,BB,09,00,00,00,00,C4
3200000,00000316,false,Rx,0,8,40,01,00,00,00,00,00,41
3200000,00000544,false,Rx,0,8,00,00,00,00,00,00,00,00
3200000,000004F1,false,Rx,0,8,00,00,00,00,00,00,00,00
3210000,00000018,false,Rx,0,8,46,CF,03,00,00,00,00,18
3210000,0000002C,false,Rx,0,8,10,B8,54,00,00,00,00,1C
3210000,00000050,false,Rx,0,8,40,01,00,00,00,00,00,41
3210000,00000251,false,Rx,0,8,10,8F,F7,00,00,00,00,96
3210000,00000260,false,Rx,0,8,10,BA,02,00,00,00,00,CC
3220000,00000018,false,Rx,0,8,46,D5,00,00,00,00,00,1B
3220000,0000002C,false,Rx,0,8,20,B7,E0,00,00,00,00,B7
3220000,00000050,false,Rx,0,8,40,01,00,00,00,00,00,41
3220000,000000A6,false,Rx,0,8,05,88,05,88,05,88,05,88
3220000,00000251,false,Rx,0,8,20,91,35,00,00,00,00,E6
3220000,00000260,false,Rx,0,8,20,BA,7F,00,00,00,00,59
3220000,00000316,false,Rx,0,8,40,01,00,00,00,00,00,41
3220000,00000544,false,Rx,0,8,10,00,00,00,00,00,00,00
3230000,00000018,false,Rx,0,8,46,DA,01,00,00,00,00,21
3230000,0000002C,false,Rx,0,8,30,B7,16,00,00,00,00,FD
3230000,00000050,false,Rx,0,8,40,01,00,00,00,00,00,41
3230000,00000251,false,Rx,0,8,30,93,97,00,00,00,00,5A
3230000,00000260,false,Rx,0,8,30,B9,73,00,00,00,00,5C
3240000,00000018,false,Rx,0,8,46,E0,02,00,00,00,00,28
3240000,0000002C,false,Rx,0,8,40,B6,D2,00,00,00,00,C8
3240000,00000050,false,Rx,0,8,40,01,00,00,00,00,00,41
3240000,000000A6,false,Rx,0,8,05,7E,05,7E,05,7E,05,7E
3240000,00000251,false,Rx,0,8,40,95,D4,00,00,00,00,A9
3240000,00000260,false,Rx,0,8,40,B9,B0,00,00,00,00,A9
3240000,00000316,false,Rx,0,8,40,01,00,00,00,00,00,41
3240000,00000544,false,Rx,0,8,20,00,00,00,00,00,00,00
3250000,00000018,false,Rx,0,8,46,E6,03,00,00,00,00,2F
3250000,0000002C,false,Rx,0,8,50,B5,BA,00,00,00,00,BF
3250000,00000050,false,Rx,0,8,40,01,00,00,00,00,00,41
3250000,00000251,false,Rx,0,8,50,97,2B,00,00,00,00,12
3250000,00000260,false,Rx,0,8,50,B8,9F,00,00,00,00,A7
3260000,00000018,false,Rx,0,8,46,EB,01,00,00,00,00,32
3260000,0000002C,false,Rx,0,8,60,B4,79,00,00,00,00,8D
3260000,00000050,false,Rx,0,8,40,01,00,00,00,00,00,41
3260000,000000A6,false,Rx,0,8,05,75,05,75,05,75,05,75
3260000,00000251,false,Rx,0,8,60,98,3B,00,00,00,00,33
3260000,00000260,false,Rx,0,8,60,B8,42,00,00,00,00,5A
3260000,00000316,false,Rx,0,8,40,01,00,00,00,00,00,41
3260000,00000544,false,Rx,0,8,30,00,00,00,00,00,00,00
3270000,00000018,false,Rx,0,8,46,F0,02,00,00,00,00,38
3270000,0000002C,false,Rx,0,8,70,B3,E3,00,00,00,00,06
3270000,00000050,false,Rx,0,8,40,01,00,00,00,00,00,41
3270000,00000251,false,Rx,0,8,70,9A,48,00,00,00,00,52
3270000,00000260,false,Rx,0,8,70,B7,34,00,00,00,00,5B
3280000,00000018,false,Rx,0,8,46,F6,01,00,00,00,00,3D
3280000,0000002C,false,Rx,0,8,80,B2,91,00,00,00,00,C3
3280000,00000050,false,Rx,0,8,40,01,00,00,00,00,00,41
3280000,000000A6,false,Rx,0,8,05,6C,05,6C,05,6C,05,6C
3280000,00000251,false,Rx,0,8,80,9C,B2,00,00,00,00,CE
3280000,00000260,false,Rx,0,8,80,B6,C4,00,00,00,00,FA
3280000,00000316,false,Rx,0,8,40,01,00,00,00,00,00,41
3280000,00000544,false,Rx,0,8,40,00,00,00,00,00,00,00
3290000,00000018,false,Rx,0,8,46,FB,00,00,00,00,00,41
3290000,0000002C,false,Rx,0,8,90,B1,E5,00,00,00,00,26
3290000,00000050,false,Rx,0,8,40,01,00,00,00,00,00,41
3290000,00000251,false,Rx,0,8,90,9D,9F,00,00,00,00,CC
3290000,00000260,false,Rx,0,8,90,B6,9C,00,00,00,00,E2
3300000,00000018,false,Rx,0,8,47,00,03,00,00,00,00,4A
3300000,0000002C,false,Rx,0,8,A0,B0,77,00,00,00,00,C7
3300000,00000050,false,Rx,0,8,40,01,00,00,00,00,00,41
3300000,000000A6,false,Rx,0,8,05,63,05,63,05,63,05,63
3300000,00000251,false,Rx,0,8,A0,9F,AF,00,00,00,00,EE
3300000,00000260,false,Rx,0,8,A0,B5,55,00,00,00,00,AA
3300000,00000316,false,Rx,0,8,40,01,00,00,00,00,00,41
3300000,00000544,false,Rx,0,8,50,00,00,00,00,00,00,00
3300000,000004F1,false,Rx,0,8,10,00,00,00,00,00,00,10
3310000,00000018,false,Rx,0,8,47,05,00,00,00,00,00,4C
3310000,0000002C,false,Rx,0,8,B0,AF,7A,00,00,00,00,D9
3310000,00000050,false,Rx,0,8,40,01,00,00,00,00,00,41
3310000,00000251,false,Rx,0,8,B0,A1,E9,00,00,00,00,3A
3310000,00000260,false,Rx,0,8,B0,B4,21,00,00,00,00,85
3320000,00000018,false,Rx,0,8,47,0A,03,00,00,00,00,54
3320000,0000002C,false,Rx,0,8,C0,AE,9E,00,00,00,00,0C
3320000,00000050,false,Rx,0,8,40,01,00,00,00,00,00,41
3320000,000000A6,false,Rx,0,8,05,5B,05,5B,05,5B,05,5B
3320000,00000251,false,Rx,0,8,C0,A2,69,00,00,00,00,CB
3320000,00000260,false,Rx,0,8,C0,B3,17,00,00,00,00,8A
3320000,00000316,false,Rx,0,8,40,01,00,00,00,00,00,41
3320000,00000544,false,Rx,0,8,60,00,00,00,00,00,00,00
3330000,00000018,false,Rx,0,8,47,0F,01,00,00,00,00,57
3330000,0000002C,false,Rx,0,8,D0,AC,F0,00,00,00,00,6C
3330000,00000050,false,Rx,0,8,40,01,00,00,00,00,00,41
3330000,00000251,false,Rx,0,8,D0,A4,F7,00,00,00,00,6B
3330000,00000260,false,Rx,0,8,D0,B2,98,00,00,00,00,1A
3340000,00000018,false,Rx,0,8,47,14,01,00,00,00,00,5C
3340000,0000002C,false,Rx,0,8,E0,AB,63,00,00,00,00,EE
3340000,00000050,false,Rx,0,8,40,01,00,00,00,00,00,41
3340000,000000A6,false,Rx,0,8,05,53,05,53,05,53,05,53
3340000,00000251,false,Rx,0,8,E0,A5,B2,00,00,00,00,37
3340000,00000260,false,Rx,0,8,E0,B1,94,00,00,00,00,25
3340000,00000316,false,Rx,0,8,40,01,00,00,00,00,00,41
3340000,00000544,false,Rx,0,8,70,00,00,00,00,00,00,00
3350000,00000018,false,Rx,0,8,47,18,03,00,00,00,00,62
3350000,0000002C,false,Rx,0,8,F0,AA,BC,00,00,00,00,56
3350000,00000050,false,Rx,0,8,40,01,00,00,00,00,00,41
3350000,00000251,false,Rx,0,8,F0,A7,F3,00,00,00,00,8A
3350000,00000260,false,Rx,0,8,F0,B0,E9,00,00,00,00,89
3360000,00000018,false,Rx,0,8,47,1D,02,00,00,00,00,66
3360000,0000002C,false,Rx,0,8,00,A8,E1,00,00,00,00,89
3360000,00000050,false,Rx,0,8,40,01,00,00,00,00,00,41
3360000,000000A6,false,Rx,0,8,05,4B,05,4B,05,4B,05,4B
3360000,00000251,false,Rx,0,8,00,A8,31,00,00,00,00,D9
3360000,00000260,false,Rx,0,8,00,AF,AC,00,00,00,00,5B
3360000,00000316,false,Rx,0,8,40,01,00,00,00,00,00,41
3360000,00000544,false,Rx,0,8,80,00,00,00,00,00,00,00
3370000,00000018,false,Rx,0,8,47,21,02,00,00,00,00,6A
3370000,0000002C,false,Rx,0,8,10,A7,EC,00,00,00,00,A3
3370000,00000050,false,Rx,0,8,40,01,00,00,00,00,00,41
3370000,00000251,false,Rx,0,8,10,A9,E0,00,00,00,00,99
3370000,00000260,false,Rx,0,8,10,AD,DE,00,00,00,00,9B
3380000,00000018,false,Rx,0,8,47,26,01,00,00,00,00,6E
3380000,0000002C,false,Rx,0,8,20,A6,90,00,00,00,00,56
3380000,00000050,false,Rx,0,8,40,01,00,00,00,00,00,41
3380000,000000A6,false,Rx,0,8,05,43,05,43,05,43,05,43
3380000,00000251,false,Rx,0,8,20,AB,E7,00,00,00,00,B2
3380000,00000260,false,Rx,0,8,20,AC,44,00,00,00,00,10
3380000,00000316,false,Rx,0,8,40,01,00,00,00,00,00,41
3380000,00000544,false,Rx,0,8,90,00,00,00,00,00,00,00
3390000,00000018,false,Rx,0,8,47,2A,01,00,00,00,00,72
3390000,0000002C,false,Rx,0,8,30,A4,C3,00,00,00,00,97
3390000,00000050,false,Rx,0,8,40,01,00,00,00,00,00,41
3390000,00000251,false,Rx,0,8,30,AC,A3,00,00,00,00,7F
3390000,00000260,false,Rx,0,8,30,AB,AF,00,00,00,00,8A
3400000,00000018,false,Rx,0,8,47,2E,00,00,00,00,00,75
3400000,0000002C,false,Rx,0,8,40,A3,D6,00,00,00,00,B9
3400000,00000050,false,Rx,0,8,40,01,00,00,00,00,00,41
3400000,000000A6,false,Rx,0,8,05,3C,05,3C,05,3C,05,3C
3400000,00000251,false,Rx,0,8,40,AD,22,00,00,00,00,0F
3400000,00000260,false,Rx,0,8,40,A9,FA,00,00,00,00,E3
3400000,00000316,false,Rx,0,8,40,01,00,00,00,00,00,41
3400000,00000544,false,Rx,0,8,A0,00,00,00,00,00,00,00
3400000,000004F1,false,Rx,0,8,20,00,00,00,00,00,00,20
3410000,00000018,false,Rx,0,8,47,33,01,00,00,00,00,7B
3410000,0000002C,false,Rx,0,8,50,A1,52,00,00,00,00,43
3410000,00000050,false,Rx,0,8,40,01,00,00,00,00,00,41
3410000,00000251,false,Rx,0,8,50,AE,99,00,00,00,00,97
3410000,00000260,false,Rx,0,8,50,A8,B7,00,00,00,00,AF
3420000,00000018,false,Rx,0,8,47,37,03,00,00,00,00,81
3420000,0000002C,false,Rx,0,8,60,A0,66,00,00,00,00,66
3420000,00000050,false,Rx,0,8,40,01,00,00,00,00,00,41
3420000,000000A6,false,Rx,0,8,05,36,05,36,05,36,05,36
3420000,00000251,false,Rx,0,8,60,B0,16,00,00,00,00,26
3420000,00000260,false,Rx,0,8,60,A7,60,00,00,00,00,67
3420000,00000316,false,Rx,0,8,40,01,00,00,00,00,00,41
3420000,00000544,false,Rx,0,8,B0,00,00,00,00,00,00,00
3430000,00000018,false,Rx,0,8,47,3B,02,00,00,00,00,84
3430000,0000002C,false,Rx,0,8,70,9E,46,00,00,00,00,54
3430000,00000050,false,Rx,0,8,40,01,00,00,00,00,00,41
3430000,00000251,false,Rx,0,8,70,B1,3A,00,00,00,00,5B
3430000,00000260,false,Rx,0,8,70,A5,54,00,00,00,00,69
3440000,00000018,false,Rx,0,8,47,3E,02,00,00,00,00,87
3440000,0000002C,false,Rx,0,8,80,9C,80,00,00,00,00,9C
3440000,00000050,false,Rx,0,8,40,01,00,00,00,00,00,41
3440000,000000A6,false,Rx,0,8,05,2F,05,2F,05,2F,05,2F
3440000,00000251,false,Rx,0,8,80,B2,0B,00,00,00,00,3D
3440000,00000260,false,Rx,0,8,80,A4,CE,00,00,00,00,F2
3440000,00000316,false,Rx,0,8,40,01,00,00,00,00,00,41
3440000,00000544,false,Rx,0,8,C0,00,00,00,00,00,00,00
3450000,00000018,false,Rx,0,8,47,42,00,00,00,00,00,89
3450000,0000002C,false,Rx,0,8,90,9B,1A,00,00,00,00,45
3450000,00000050,false,Rx,0,8,40,01,00,00,00,00,00,41
3450000,00000251,false,Rx,0,8,90,B3,AF,00,00,00,00,F2
3450000,00000260,false,Rx,0,8,90,A2,09,00,00,00,00,3B
3460000,00000018,false,Rx,0,8,47,46,02,00,00,00,00,8F
3460000,0000002C,false,Rx,0,8,A0,99,F6,00,00,00,00,2F
3460000,00000050,false,Rx,0,8,40,01,00,00,00,00,00,41
3460000,000000A6,false,Rx,0,8,05,2A,05,2A,05,2A,05,2A
3460000,00000251,false,Rx,0,8,A0,B4,37,00,00,00,00,8B
3460000,00000260,false,Rx,0,8,A0,A1,74,00,00,00,00,B5
3460000,00000316,false,Rx,0,8,40,01,00,00,00,00,00,41
3460000,00000544,false,Rx,0,8,D0,00,00,00,00,00,00,00
3470000,00000018,false,Rx,0,8,47,49,02,00,00,00,00,92
3470000,0000002C,false,Rx,0,8,B0,97,BE,00,00,00,00,05
3470000,00000050,false,Rx,0,8,40,01,00,00,00,00,00,41
3470000,00000251,false,Rx,0,8,B0,B5,54,00,00,00,00,B9
3470000,00000260,false,Rx,0,8,B0,9F,72,00,00,00,00,C1
3480000,00000018,false,Rx,0,8,47,4D,03,00,00,00,00,97
3480000,0000002C,false,Rx,0,8,C0,95,34,00,00,00,00,89
3480000,00000050,false,Rx,0,8,40,01,00,00,00,00,00,41
3480000,000000A6,false,Rx,0,8,05,24,05,24,05,24,05,24
3480000,00000251,false,Rx,0,8,C0,B5,7C,00,00,00,00,F1
3480000,00000260,false,Rx,0,8,C0,9E,43,00,00,00,00,A1
3480000,00000316,false,Rx,0,8,40,01,00,00,00,00,00,41
3480000,00000544,false,Rx,0,8,E0,00,00,00,00,00,00,00
3490000,00000018,false,Rx,0,8,47,50,02,00,00,00,00,99
3490000,0000002C,false,Rx,0,8,D0,94,3F,00,00,00,00,A3
3490000,00000050,false,Rx,0,8,40,01,00,00,00,00,00,41
3490000,00000251,false,Rx,0,8,D0,B6,59,00,00,00,00,DF
3490000,00000260,false,Rx,0,8,D0,9C,6C,00,00,00,00,D8
3500000,00000018,false,Rx,0,8,47,53,00,00,00,00,00,9A
3500000,0000002C,false,Rx,0,8,E0,92,91,00,00,00,00,03
3500000,00000050,false,Rx,0,8,40,01,00,00,00,00,00,41
3500000,000000A6,false,Rx,0,8,05,1F,05,1F,05,1F,05,1F
3500000,00000251,false,Rx,0,8,E0,B7,51,00,00,00,00,E8
3500000,00000260,false,Rx,0,8,E0,9A,0B,00,00,00,00,85
3500000,00000316,false,Rx,0,8,40,01,00,00,00,00,00,41
3500000,00000544,false,Rx,0,8,F0,00,00,00,00,00,00,00
3500000,000004F1,false,Rx,0,8,30,00,00,00,00,00,00,30
3510000,00000018,false,Rx,0,8,47,56,00,00,00,00,00,9D
3510000,0000002C,false,Rx,0,8,F0,90,2A,00,00,00,00,AA
3510000,00000050,false,Rx,0,8,40,01,00,00,00,00,00,41
3510000,00000251,false,Rx,0,8,F0,B8,A9,00,00,00,00,51
3510000,00000260,false,Rx,0,8,F0,98,56,00,00,00,00,DE
3520000,00000018,false,Rx,0,8,47,59,02,00,00,00,00,A2
3520000,0000002C,false,Rx,0,8,00,8E,52,00,00,00,00,E0
3520000,00000050,false,Rx,0,8,40,01,00,00,00,00,00,41
3520000,000000A6,false,Rx,0,8,05,1A,05,1A,05,1A,05,1A
3520000,00000251,false,Rx,0,8,00,B8,DA,00,00,00,00,92
3520000,00000260,false,Rx,0,8,00,97,3F,00,00,00,00,D6
3520000,00000316,false,Rx,0,8,40,01,00,00,00,00,00,41
3520000,00000544,false,Rx,0,8,00,00,00,00,00,00,00,00
3530000,00000018,false,Rx,0,8,47,5C,01,00,00,00,00,A4
3530000,0000002C,false,Rx,0,8,10,8C,8B,00,00,00,00,27
3530000,00000050,false,Rx,0,8,40,01,00,00,00,00,00,41
3530000,00000251,false,Rx,0,8,10,B9,EC,00,00,00,00,B5
3530000,00000260,false,Rx,0,8,10,95,BB,00,00,00,00,60
3540000,00000018,false,Rx,0,8,47,5F,02,00,00,00,00,A8
3540000,0000002C,false,Rx,0,8,20,8B,E6,00,00,00,00,91
3540000,00000050,false,Rx,0,8,40,01,00,00,00,00,00,41
3540000,000000A6,false,Rx,0,8,05,16,05,16,05,16,05,16
3540000,00000251,false,Rx,0,8,20,B9,76,00,00,00,00,4F
3540000,00000260,false,Rx,0,8,20,93,13,00,00,00,00,C6
3540000,00000316,false,Rx,0,8,40,01,00,00,00,00,00,41
3540000,00000544,false,Rx,0,8,10,00,00,00,00,00,00,00
3550000,00000018,false,Rx,0,8,47,62,00,00,00,00,00,A9
3550000,0000002C,false,Rx,0,8,30,89,4B,00,00,00,00,04
3550000,00000050,false,Rx,0,8,40,01,00,00,00,00,00,41
3550000,00000251,false,Rx,0,8,30,BA,CF,00,00,00,00,B9
3550000,00000260,false,Rx,0,8,30,91,C0,00,00,00,00,81
3560000,00000018,false,Rx,0,8,47,64,00,00,00,00,00,AB
3560000,0000002C,false,Rx,0,8,40,87,DF,00,00,00,00,A6
3560000,00000050,false,Rx,0,8,40,01,00,00,00,00,00,41
3560000,000000A6,false,Rx,0,8,05,12,05,12,05,12,05,12
3560000,00000251,false,Rx,0,8,40,BA,5E,00,00,00,00,58
3560000,00000260,false,Rx,0,8,40,90,82,00,00,00,00,52
3560000,00000316,false,Rx,0,8,40,01,00,00,00,00,00,41
3560000,00000544,false,Rx,0,8,20,00,00,00,00,00,00,00
3570000,00000018,false,Rx,0,8,47,66,03,00,00,00,00,B0
3570000,0000002C,false,Rx,0,8,50,85,2E,00,00,00,00,03
3570000,00000050,false,Rx,0,8,40,01,00,00,00,00,00,41
3570000,00000251,false,Rx,0,8,50,BB,5F,00,00,00,00,6A
3570000,00000260,false,Rx,0,8,50,8E,18,00,00,00,00,F6
3580000,00000018,false,Rx,0,8,47,69,02,00,00,00,00,B2
3580000,0000002C,false,Rx,0,8,60,83,71,00,00,00,00,54
3580000,00000050,false,Rx,0,8,40,01,00,00,00,00,00,41
3580000,000000A6,false,Rx,0,8,05,0E,05,0E,05,0E,05,0E
3580000,00000251,false,Rx,0,8,60,BB,DD,00,00,00,00,F8
3580000,00000260,false,Rx,0,8,60,8C,18,00,00,00,00,04
3580000,00000316,false,Rx,0,8,40,01,00,00,00,00,00,41
3580000,00000544,false,Rx,0,8,30,00,00,00,00,00,00,00
3590000,00000018,false,Rx,0,8,47,6B,02,00,00,00,00,B4
3590000,0000002C,false,Rx,0,8,70,81,E6,00,00,00,00,D7
3590000,00000050,false,Rx,0,8,40,01,00,00,00,00,00,41
3590000,00000251,false,Rx,0,8,70,BB,CA,00,00,00,00,F5
3590000,00000260,false,Rx,0,8,70,8A,37,00,00,00,00,31
3600000,00000018,false,Rx,0,8,47,6D,03,00,00,00,00,B7
3600000,0000002C,false,Rx,0,8,80,7F,B2,00,00,00,00,B1
3600000,00000050,false,Rx,0,8,40,01,00,00,00,00,00,41
3600000,000000A6,false,Rx,0,8,05,0B,05,0B,05,0B,05,0B
3600000,00000251,false,Rx,0,8,80,BB,0E,00,00,00,00,49
3600000,00000260,false,Rx,0,8,80,88,0A,00,00,00,00,12
3600000,00000316,false,Rx,0,8,40,01,00,00,00,00,00,41
3600000,00000544,false,Rx,0,8,40,00,00,00,00,00,00,00
3600000,000004F1,false,Rx,0,8,40,00,00,00,00,00,00,40
3610000,00000018,false,Rx,0,8,47,6F,00,00,00,00,00,B6
3610000,0000002C,false,Rx,0,8,90,7E,0D,00,00,00,00,1B
3610000,00000050,false,Rx,0,8,40,01,00,00,00,00,00,41
3610000,00000251,false,Rx,0,8,90,BB,65,00,00,00,00,B0
3610000,00000260,false,Rx,0,8,90,86,18,00,00,00,00,2E
3620000,00000018,false,Rx,0,8,47,70,03,00,00,00,00,BA
3620000,0000002C,false,Rx,0,8,A0,7C,D4,00,00,00,00,F0
3620000,00000050,false,Rx,0,8,40,01,00,00,00,00,00,41
3620000,000000A6,false,Rx,0,8,05,08,05,08,05,08,05,08
3620000,00000251,false,Rx,0,8,A0,BB,E6,00,00,00,00,41
3620000,00000260,false,Rx,0,8,A0,85,3B,00,00,00,00,60
3620000,00000316,false,Rx,0,8,40,01,00,00,00,00,00,41
3620000,00000544,false,Rx,0,8,50,00,00,00,00,00,00,00
3630000,00000018,false,Rx,0,8,47,72,01,00,00,00,00,BA
3630000,0000002C,false,Rx,0,8,B0,7A,1B,00,00,00,00,45
3630000,00000050,false,Rx,0,8,40,01,00,00,00,00,00,41
3630000,00000251,false,Rx,0,8,B0,BB,DB,00,00,00,00,46
3630000,00000260,false,Rx,0,8,B0,83,D5,00,00,00,00,08
3640000,00000018,false,Rx,0,8,47,74,02,00,00,00,00,BD
3640000,0000002C,false,Rx,0,8,C0,78,CA,00,00,00,00,02
3640000,00000050,false,Rx,0,8,40,01,00,00,00,00,00,41
3640000,000000A6,false,Rx,0,8,05,06,05,06,05,06,05,06
3640000,00000251,false,Rx,0,8,C0,BB,C7,00,00,00,00,42
3640000,00000260,false,Rx,0,8,C0,81,E3,00,00,00,00,24
3640000,00000316,false,Rx,0,8,40,01,00,00,00,00,00,41
3640000,00000544,false,Rx,0,8,60,00,00,00,00,00,00,00
3650000,00000018,false,Rx,0,8,47,75,00,00,00,00,00,BC
3650000,0000002C,false,Rx,0,8,D0,76,BF,00,00,00,00,05
3650000,00000050,false,Rx,0,8,40,01,00,00,00,00,00,41
3650000,00000251,false,Rx,0,8,D0,BB,02,00,00,00,00,8D
3650000,00000260,false,Rx,0,8,D0,7F,C2,00,00,00,00,11
3660000,00000018,false,Rx,0,8,47,76,03,00,00,00,00,C0
3660000,0000002C,false,Rx,0,8,E0,74,78,00,00,00,00,CC
3660000,00000050,false,Rx,0,8,40,01,00,00,00,00,00,41
3660000,000000A6,false,Rx,0,8,05,04,05,04,05,04,05,04
3660000,00000251,false,Rx,0,8,E0,BB,6D,00,00,00,00,08
3660000,00000260,false,Rx,0,8,E0,7D,3F,00,00,00,00,9C
3660000,00000316,false,Rx,0,8,40,01,00,00,00,00,00,41
3660000,00000544,false,Rx,0,8,70,00,00,00,00,00,00,00
3670000,00000018,false,Rx,0,8,47,77,00,00,00,00,00,BE
3670000,0000002C,false,Rx,0,8,F0,72,C5,00,00,00,00,27
3670000,00000050,false,Rx,0,8,40,01,00,00,00,00,00,41
3670000,00000251,false,Rx,0,8,F0,BB,69,00,00,00,00,14
3670000,00000260,false,Rx,0,8,F0,7B,81,00,00,00,00,EC
3680000,00000018,false,Rx,0,8,47,78,01,00,00,00,00,C0
3680000,0000002C,false,Rx,0,8,00,70,29,00,00,00,00,99
3680000,00000050,false,Rx,0,8,40,01,00,00,00,00,00,41
3680000,000000A6,false,Rx,0,8,05,02,05,02,05,02,05,02
3680000,00000251,false,Rx,0,8,00,BB,8E,00,00,00,00,49
3680000,00000260,false,Rx,0,8,00,79,F2,00,00,00,00,6B
3680000,00000316,false,Rx,0,8,40,01,00,00,00,00,00,41
3680000,00000544,false,Rx,0,8,80,00,00,00,00,00,00,00
3690000,00000018,false,Rx,0,8,47,79,02,00,00,00,00,C2
3690000,0000002C,false,Rx,0,8,10,6F,BF,00,00,00,00,3E
3690000,00000050,false,Rx,0,8,40,01,00,00,00,00,00,41
3690000,00000251,false,Rx,0,8,10,BA,20,00,00,00,00,EA
3690000,00000260,false,Rx,0,8,10,77,4E,00,00,00,00,D5
3700000,00000018,false,Rx,0,8,47,7A,03,00,00,00,00,C4
3700000,0000002C,false,Rx,0,8,20,6D,72,00,00,00,00,FF
3700000,00000050,false,Rx,0,8,40,01,00,00,00,00,00,41
3700000,000000A6,false,Rx,0,8,05,01,05,01,05,01,05,01
3700000,00000251,false,Rx,0,8,20,BA,34,00,00,00,00,0E
3700000,00000260,false,Rx,0,8,20,76,69,00,00,00,00,FF
3700000,00000316,false,Rx,0,8,40,01,00,00,00,00,00,41
3700000,00000544,false,Rx,0,8,90,00,00,00,00,00,00,00
3700000,000004F1,false,Rx,0,8,50,00,00,00,00,00,00,50
3710000,00000018,false,Rx,0,8,47,7A,00,00,00,00,00,C1
3710000,0000002C,false,Rx,0,8,30,6B,0E,00,00,00,00,A9
3710000,00000050,false,Rx,0,8,40,01,00,00,00,00,00,41
3710000,00000251,false,Rx,0,8,30,B9,5F,00,00,00,00,48
3710000,00000260,false,Rx,0,8,30,74,04,00,00,00,00,A8
3720000,00000018,false,Rx,0,8,47,7B,02,00,00,00,00,C4
3720000,0000002C,false,Rx,0,8,40,69,A3,00,00,00,00,4C
3720000,00000050,false,Rx,0,8,40,01,00,00,00,00,00,41
3720000,000000A6,false,Rx,0,8,05,00,05,00,05,00,05,00
3720000,00000251,false,Rx,0,8,40,B9,BB,00,00,00,00,B4
3720000,00000260,false,Rx,0,8,40,72,9A,00,00,00,00,4C
3720000,00000316,false,Rx,0,8,40,01,00,00,00,00,00,41
3720000,00000544,false,Rx,0,8,A0,00,00,00,00,00,00,00
3730000,00000018,false,Rx,0,8,47,7B,02,00,00,00,00,C4
3730000,0000002C,false,Rx,0,8,50,68,32,00,00,00,00,EA
3730000,00000050,false,Rx,0,8,40,01,00,00,00,00,00,41
3730000,00000251,false,Rx,0,8,50,B8,A6,00,00,00,00,AE
3730000,00000260,false,Rx,0,8,50,70,D7,00,00,00,00,97
3740000,00000018,false,Rx,0,8,47,7B,00,00,00,00,00,C2
3740000,0000002C,false,Rx,0,8,60,66,AB,00,00,00,00,71
3740000,00000050,false,Rx,0,8,40,01,00,00,00,00,00,41
3740000,000000A6,false,Rx,0,8,05,00,05,00,05,00,05,00
3740000,00000251,false,Rx,0,8,60,B8,64,00,00,00,00,7C
3740000,00000260,false,Rx,0,8,60,6E,33,00,00,00,00,01
3740000,00000316,false,Rx,0,8,40,01,00,00,00,00,00,41
3740000,00000544,false,Rx,0,8,B0,00,00,00,00,00,00,00
3750000,00000018,false,Rx,0,8,47,7C,02,00,00,00,00,C5
3750000,0000002C,false,Rx,0,8,70,64,4A,00,00,00,00,1E
3750000,00000050,false,Rx,0,8,40,01,00,00,00,00,00,41
3750000,00000251,false,Rx,0,8,70,B7,EA,00,00,00,00,11
3750000,00000260,false,Rx,0,8,70,6C,8A,00,00,00,00,66
3760000,00000018,false,Rx,0,8,47,7B,02,00,00,00,00,C4
3760000,0000002C,false,Rx,0,8,80,63,46,00,00,00,00,29
3760000,00000050,false,Rx,0,8,40,01,00,00,00,00,00,41
3760000,000000A6,false,Rx,0,8,05,00,05,00,05,00,05,00
3760000,00000251,false,Rx,0,8,80,B6,3A,00,00,00,00,70
3760000,00000260,false,Rx,0,8,80,6B,46,00,00,00,00,31
3760000,00000316,false,Rx,0,8,40,01,00,00,00,00,00,41
3760000,00000544,false,Rx,0,8,C0,00,00,00,00,00,00,00
3770000,00000018,false,Rx,0,8,47,7B,03,00,00,00,00,C5
3770000,0000002C,false,Rx,0,8,90,61,13,00,00,00,00,04
3770000,00000050,false,Rx,0,8,40,01,00,00,00,00,00,41
3770000,00000251,false,Rx,0,8,90,B5,86,00,00,00,00,CB
3770000,00000260,false,Rx,0,8,90,69,D6,00,00,00,00,CF
3780000,00000018,false,Rx,0,8,47,7B,02,00,00,00,00,C4
3780000,0000002C,false,Rx,0,8,A0,5F,92,00,00,00,00,91
3780000,00000050,false,Rx,0,8,40,01,00,00,00,00,00,41
3780000,000000A6,false,Rx,0,8,05,00,05,00,05,00,05,00
3780000,00000251,false,Rx,0,8,A0,B4,FA,00,00,00,00,4E
3780000,00000260,false,Rx,0,8,A0,67,35,00,00,00,00,3C
3780000,00000316,false,Rx,0,8,40,01,00,00,00,00,00,41
3780000,00000544,false,Rx,0,8,D0,00,00,00,00,00,00,00
3790000,00000018,false,Rx,0,8,47,7A,03,00,00,00,00,C4
3790000,0000002C,false,Rx,0,8,B0,5E,F1,00,00,00,00,FF
3790000,00000050,false,Rx,0,8,40,01,00,00,00,00,00,41
3790000,00000251,false,Rx,0,8,B0,B4,A0,00,00,00,00,04
3790000,00000260,false,Rx,0,8,B0,65,3C,00,00,00,00,51
3800000,00000018,false,Rx,0,8,47,7A,02,00,00,00,00,C3
3800000,0000002C,false,Rx,0,8,C0,5C,47,00,00,00,00,63
3800000,00000050,false,Rx,0,8,40,01,00,00,00,00,00,41
3800000,000000A6,false,Rx,0,8,05,01,05,01,05,01,05,01
3800000,00000251,false,Rx,0,8,C0,B3,C6,00,00,00,00,39
3800000,00000260,false,Rx,0,8,C0,64,90,00,00,00,00,B4
3800000,00000316,false,Rx,0,8,40,01,00,00,00,00,00,41
3800000,00000544,false,Rx,0,8,E0,00,00,00,00,00,00,00
3800000,000004F1,false,Rx,0,8,60,00,00,00,00,00,00,60
3810000,00000018,false,Rx,0,8,47,79,01,00,00,00,00,C1
3810000,0000002C,false,Rx,0,8,D0,5B,F0,00,00,00,00,1B
3810000,00000050,false,Rx,0,8,40,01,00,00,00,00,00,41
3810000,00000251,false,Rx,0,8,D0,B2,C8,00,00,00,00,4A
3810000,00000260,false,Rx,0,8,D0,62,3A,00,00,00,00,6C
3820000,00000018,false,Rx,0,8,47,78,01,00,00,00,00,C0
3820000,0000002C,false,Rx,0,8,E0,59,E5,00,00,00,00,1E
3820000,00000050,false,Rx,0,8,40,01,00,00,00,00,00,41
3820000,000000A6,false,Rx,0,8,05,02,05,02,05,02,05,02
3820000,00000251,false,Rx,0,8,E0,B1,3A,00,00,00,00,CB
3820000,00000260,false,Rx,0,8,E0,60,36,00,00,00,00,76
3820000,00000316,false,Rx,0,8,40,01,00,00,00,00,00,41
3820000,00000544,false,Rx,0,8,F0,00,00,00,00,00,00,00
3830000,00000018,false,Rx,0,8,47,77,03,00,00,00,00,C1
3830000,0000002C,false,Rx,0,8,F0,58,02,00,00,00,00,4A
3830000,00000050,false,Rx,0,8,40,01,00,00,00,00,00,41
3830000,00000251,false,Rx,0,8,F0,AF,B2,00,00,00,00,51
3830000,00000260,false,Rx,0,8,F0,5F,FE,00,00,00,00,4D
3840000,00000018,false,Rx,0,8,47,76,03,00,00,00,00,C0
3840000,0000002C,false,Rx,0,8,00,56,28,00,00,00,00,7E
3840000,00000050,false,Rx,0,8,40,01,00,00,00,00,00,41
3840000,000000A6,false,Rx,0,8,05,04,05,04,05,04,05,04
3840000,00000251,false,Rx,0,8,00,AE,B4,00,00,00,00,62
3840000,00000260,false,Rx,0,8,00,5D,65,00,00,00,00,C2
3840000,00000316,false,Rx,0,8,40,01,00,00,00,00,00,41
3840000,00000544,false,Rx,0,8,00,00,00,00,00,00,00,00
3850000,00000018,false,Rx,0,8,47,75,01,00,00,00,00,BD
3850000,0000002C,false,Rx,0,8,10,55,09,00,00,00,00,6E
3850000,00000050,false,Rx,0,8,40,01,00,00,00,00,00,41
3850000,00000251,false,Rx,0,8,10,AD,EA,00,00,00,00,A7
3850000,00000260,false,Rx,0,8,10,5C,66,00,00,00,00,D2
3860000,00000018,false,Rx,0,8,47,74,02,00,00,00,00,BD
3860000,0000002C,false,Rx,0,8,20,54,83,00,00,00,00,F7
3860000,00000050,false,Rx,0,8,40,01,00,00,00,00,00,41
3860000,000000A6,false,Rx,0,8,05,06,05,06,05,06,05,06
3860000,00000251,false,Rx,0,8,20,AC,58,00,00,00,00,24
3860000,00000260,false,Rx,0,8,20,5A,86,00,00,00,00,00
3860000,00000316,false,Rx,0,8,40,01,00,00,00,00,00,41
3860000,00000544,false,Rx,0,8,10,00,00,00,00,00,00,00
3870000,00000018,false,Rx,0,8,47,72,03,00,00,00,00,BC
3870000,0000002C,false,Rx,0,8,30,52,6E,00,00,00,00,F0
3870000,00000050,false,Rx,0,8,40,01,00,00,00,00,00,41
3870000,00000251,false,Rx,0,8,30,AA,98,00,00,00,00,72
3870000,00000260,false,Rx,0,8,30,59,67,00,00,00,00,F0
3880000,00000018,false,Rx,0,8,47,70,00,00,00,00,00,B7
3880000,0000002C,false,Rx,0,8,40,51,4C,00,00,00,00,DD
3880000,00000050,false,Rx,0,8,40,01,00,00,00,00,00,41
3880000,000000A6,false,Rx,0,8,05,08,05,08,05,08,05,08
3880000,00000251,false,Rx,0,8,40,A9,2B,00,00,00,00,14
3880000,00000260,false,Rx,0,8,40,57,B7,00,00,00,00,4E
3880000,00000316,false,Rx,0,8,40,01,00,00,00,00,00,41
3880000,00000544,false,Rx,0,8,20,00,00,00,00,00,00,00
3890000,00000018,false,Rx,0,8,47,6F,02,00,00,00,00,B8
3890000,0000002C,false,Rx,0,8,50,50,D8,00,00,00,00,78
3890000,00000050,false,Rx,0,8,40,01,00,00,00,00,00,41
3890000,00000251,false,Rx,0,8,50,A8,44,00,00,00,00,3C
3890000,00000260,false,Rx,0,8,50,56,D1,00,00,00,00,77
3900000,00000018,false,Rx,0,8,47,6D,02,00,00,00,00,B6
3900000,0000002C,false,Rx,0,8,60,4F,38,00,00,00,00,E7
3900000,00000050,false,Rx,0,8,40,01,00,00,00,00,00,41
3900000,000000A6,false,Rx,0,8,05,0B,05,0B,05,0B,05,0B
3900000,00000251,false,Rx,0,8,60,A6,A0,00,00,00,00,A6
3900000,00000260,false,Rx,0,8,60,55,97,00,00,00,00,4C
3900000,00000316,false,Rx,0,8,40,01,00,00,00,00,00,41
3900000,00000544,false,Rx,0,8,30,00,00,00,00,00,00,00
3900000,000004F1,false,Rx,0,8,70,00,00,00,00,00,00,70
3910000,00000018,false,Rx,0,8,47,6B,01,00,00,00,00,B3
3910000,0000002C,false,Rx,0,8,70,4E,93,00,00,00,00,51
3910000,00000050,false,Rx,0,8,40,01,00,00,00,00,00,41
3910000,00000251,false,Rx,0,8,70,A5,3C,00,00,00,00,51
3910000,00000260,false,Rx,0,8,70,53,52,00,00,00,00,15
3920000,00000018,false,Rx,0,8,47,69,03,00,00,00,00,B3
3920000,0000002C,false,Rx,0,8,80,4D,79,00,00,00,00,46
3920000,00000050,false,Rx,0,8,40,01,00,00,00,00,00,41
3920000,000000A6,false,Rx,0,8,05,0E,05,0E,05,0E,05,0E
3920000,00000251,false,Rx,0,8,80,A3,7A,00,00,00,00,9D
3920000,00000260,false,Rx,0,8,80,52,14,00,00,00,00,E6
3920000,00000316,false,Rx,0,8,40,01,00,00,00,00,00,41
3920000,00000544,false,Rx,0,8,40,00,00,00,00,00,00,00
3930000,00000018,false,Rx,0,8,47,66,02,00,00,00,00,AF
3930000,0000002C,false,Rx,0,8,90,4C,9A,00,00,00,00,76
3930000,00000050,false,Rx,0,8,40,01,00,00,00,00,00,41
3930000,00000251,false,Rx,0,8,90,A2,9C,00,00,00,00,CE
3930000,00000260,false,Rx,0,8,90,51,FE,00,00,00,00,DF
3940000,00000018,false,Rx,0,8,47,64,03,00,00,00,00,AE
3940000,0000002C,false,Rx,0,8,A0,4B,3E,00,00,00,00,29
3940000,00000050,false,Rx,0,8,40,01,00,00,00,00,00,41
3940000,000000A6,false,Rx,0,8,05,12,05,12,05,12,05,12
3940000,00000251,false,Rx,0,8,A0,A0,3B,00,00,00,00,7B
3940000,00000260,false,Rx,0,8,A0,50,6A,00,00,00,00,5A
3940000,00000316,false,Rx,0,8,40,01,00,00,00,00,00,41
3940000,00000544,false,Rx,0,8,50,00,00,00,00,00,00,00
3950000,00000018,false,Rx,0,8,47,62,03,00,00,00,00,AC
3950000,0000002C,false,Rx,0,8,B0,4A,18,00,00,00,00,12
3950000,00000050,false,Rx,0,8,40,01,00,00,00,00,00,41
3950000,00000251,false,Rx,0,8,B0,9F,5D,00,00,00,00,AC
3950000,00000260,false,Rx,0,8,B0,4F,F6,00,00,00,00,F5
3960000,00000018,false,Rx,0,8,47,5F,03,00,00,00,00,A9
3960000,0000002C,false,Rx,0,8,C0,49,7A,00,00,00,00,83
3960000,00000050,false,Rx,0,8,40,01,00,00,00,00,00,41
3960000,000000A6,false,Rx,0,8,05,16,05,16,05,16,05,16
3960000,00000251,false,Rx,0,8,C0,9D,BF,00,00,00,00,1C
3960000,00000260,false,Rx,0,8,C0,4E,A9,00,00,00,00,B7
3960000,00000316,false,Rx,0,8,40,01,00,00,00,00,00,41
3960000,00000544,false,Rx,0,8,60,00,00,00,00,00,00,00
3970000,00000018,false,Rx,0,8,47,5C,01,00,00,00,00,A4
3970000,0000002C,false,Rx,0,8,D0,48,D6,00,00,00,00,EE
3970000,00000050,false,Rx,0,8,40,01,00,00,00,00,00,41
3970000,00000251,false,Rx,0,8,D0,9B,48,00,00,00,00,B3
3970000,00000260,false,Rx,0,8,D0,4D,78,00,00,00,00,95
3980000,00000018,false,Rx,0,8,47,59,03,00,00,00,00,A3
3980000,0000002C,false,Rx,0,8,E0,48,EA,00,00,00,00,12
3980000,00000050,false,Rx,0,8,40,01,00,00,00,00,00,41
3980000,000000A6,false,Rx,0,8,05,1A,05,1A,05,1A,05,1A
3980000,00000251,false,Rx,0,8,E0,9A,C6,00,00,00,00,40
3980000,00000260,false,Rx,0,8,E0,4C,01,00,00,00,00,2D
3980000,00000316,false,Rx,0,8,40,01,00,00,00,00,00,41
3980000,00000544,false,Rx,0,8,70,00,00,00,00,00,00,00
3990000,00000018,false,Rx,0,8,47,56,01,00,00,00,00,9E
3990000,0000002C,false,Rx,0,8,F0,47,20,00,00,00,00,57
3990000,00000050,false,Rx,0,8,40,01,00,00,00,00,00,41
3990000,00000251,false,Rx,0,8,F0,98,D6,00,00,00,00,5E
3990000,00000260,false,Rx,0,8,F0,4B,06,00,00,00,00,41
4000000,00000018,false,Rx,0,8,47,53,00,00,00,00,00,9A
4000000,0000002C,false,Rx,0,8,00,46,38,00,00,00,00,7E
4000000,00000050,false,Rx,0,8,40,01,00,00,00,00,00,41
4000000,000000A6,false,Rx,0,8,05,1F,05,1F,05,1F,05,1F
4000000,00000251,false,Rx,0,8,00,96,46,00,00,00,00,DC
4000000,00000260,false,Rx,0,8,00,4A,2D,00,00,00,00,77
4000000,00000316,false,Rx,0,8,40,01,00,00,00,00,00,41
4000000,00000544,false,Rx,0,8,80,00,00,00,00,00,00,00
4000000,00000593,false,Rx,0,8,B2,B4,B3,B5,00,00,00,00
4000000,000004F1,false,Rx,0,8,80,00,00,00,00,00,00,80
4010000,00000018,false,Rx,0,8,47,50,02,00,00,00,00,99
4010000,0000002C,false,Rx,0,8,10,46,FF,00,00,00,00,55
4010000,00000050,false,Rx,0,8,40,01,00,00,00,00,00,41
4010000,00000251,false,Rx,0,8,10,95,C4,00,00,00,00,69
4010000,00000260,false,Rx,0,8,10,49,38,00,00,00,00,91
4019999,00000018,false,Rx,0,8,47,4D,02,00,00,00,00,96
4019999,0000002C,false,Rx,0,8,20,45,08,00,00,00,00,6D
4019999,00000050,false,Rx,0,8,40,01,00,00,00,00,00,41
4019999,000000A6,false,Rx,0,8,05,24,05,24,05,24,05,24
4019999,00000251,false,Rx,0,8,20,93,D8,00,00,00,00,8B
4019999,00000260,false,Rx,0,8,20,48,FC,00,00,00,00,64
4019999,00000316,false,Rx,0,8,40,01,00,00,00,00,00,41
4019999,00000544,false,Rx,0,8,90,00,00,00,00,00,00,00
4030000,00000018,false,Rx,0,8,47,49,00,00,00,00,00,90
4030000,0000002C,false,Rx,0,8,30,45,7B,00,00,00,00,F0
4030000,00000050,false,Rx,0,8,40,01,00,00,00,00,00,41
4030000,00000251,false,Rx,0,8,30,91,5F,00,00,00,00,20
4030000,00000260,false,Rx,0,8,30,47,4C,00,00,00,00,C3
4040000,00000018,false,Rx,0,8,47,46,01,00,00,00,00,8E
4040000,0000002C,false,Rx,0,8,40,45,49,00,00,00,00,CE
4040000,00000050,false,Rx,0,8,40,01,00,00,00,00,00,41
4040000,000000A6,false,Rx,0,8,05,2A,05,2A,05,2A,05,2A
4040000,00000251,false,Rx,0,8,40,8F,F9,00,00,00,00,C8
4040000,00000260,false,Rx,0,8,40,47,2E,00,00,00,00,B5
4040000,00000316,false,Rx,0,8,40,01,00,00,00,00,00,41
4040000,00000544,false,Rx,0,8,A0,00,00,00,00,00,00,00
4050000,00000018,false,Rx,0,8,47,42,02,00,00,00,00,8B
4050000,0000002C,false,Rx,0,8,50,44,95,00,00,00,00,29
4050000,00000050,false,Rx,0,8,40,01,00,00,00,00,00,41
4050000,00000251,false,Rx,0,8,50,8D,58,00,00,00,00,35
4050000,00000260,false,Rx,0,8,50,46,26,00,00,00,00,BC
4059999,00000018,false,Rx,0,8,47,3E,01,00,00,00,00,86
4059999,0000002C,false,Rx,0,8,60,44,DB,00,00,00,00,7F
4059999,00000050,false,Rx,0,8,40,01,00,00,00,00,00,41
4059999,000000A6,false,Rx,0,8,05,2F,05,2F,05,2F,05,2F
4059999,00000251,false,Rx,0,8,60,8C,55,00,00,00,00,41
4059999,00000260,false,Rx,0,8,60,46,33,00,00,00,00,D9
4059999,00000316,false,Rx,0,8,40,01,00,00,00,00,00,41
4059999,00000544,false,Rx,0,8,B0,00,00,00,00,00,00,00
4070000,00000018,false,Rx,0,8,47,3B,01,00,00,00,00,83
4070000,0000002C,false,Rx,0,8,70,44,00,00,00,00,00,B4
4070000,00000050,false,Rx,0,8,40,01,00,00,00,00,00,41
4070000,00000251,false,Rx,0,8,70,8A,FA,00,00,00,00,F4
4070000,00000260,false,Rx,0,8,70,45,83,00,00,00,00,38
4080000,00000018,false,Rx,0,8,47,37,01,00,00,00,00,7F
4080000,0000002C,false,Rx,0,8,80,44,B4,00,00,00,00,78
4080000,00000050,false,Rx,0,8,40,01,00,00,00,00,00,41
4080000,000000A6,false,Rx,0,8,05,36,05,36,05,36,05,36
4080000,00000251,false,Rx,0,8,80,88,93,00,00,00,00,9B
4080000,00000260,false,Rx,0,8,80,45,76,00,00,00,00,3B
4080000,00000316,false,Rx,0,8,40,01,00,00,00,00,00,41
4080000,00000544,false,Rx,0,8,C0,00,00,00,00,00,00,00
4090000,00000018,false,Rx,0,8,47,33,00,00,00,00,00,7A
4090000,0000002C,false,Rx,0,8,90,44,7B,00,00,00,00,4F
4090000,00000050,false,Rx,0,8,40,01,00,00,00,00,00,41
4090000,00000251,false,Rx,0,8,90,86,47,00,00,00,00,5D
4090000,00000260,false,Rx,0,8,90,44,E9,00,00,00,00,BD
4099999,00000018,false,Rx,0,8,47,2E,00,00,00,00,00,75
4099999,0000002C,false,Rx,0,8,A0,44,D5,00,00,00,00,B9
4099999,00000050,false,Rx,0,8,40,01,00,00,00,00,00,41
4099999,000000A6,false,Rx,0,8,05,3C,05,3C,05,3C,05,3C
4099999,00000251,false,Rx,0,8,A0,84,5F,00,00,00,00,83
4099999,00000260,false,Rx,0,8,A0,44,97,00,00,00,00,7B
4099999,00000316,false,Rx,0,8,40,01,00,00,00,00,00,41
4099999,00000544,false,Rx,0,8,D0,00,00,00,00,00,00,00
4099999,000004F1,false,Rx,0,8,90,00,00,00,00,00,00,90
4110000,00000018,false,Rx,0,8,47,2A,01,00,00,00,00,72
4110000,0000002C,false,Rx,0,8,B0,44,5F,00,00,00,00,53
4110000,00000050,false,Rx,0,8,40,01,00,00,00,00,00,41
4110000,00000251,false,Rx,0,8,B0,82,A1,00,00,00,00,D3
4110000,00000260,false,Rx,0,8,B0,44,87,00,00,00,00,7B
4120000,00000018,false,Rx,0,8,47,26,03,00,00,00,00,70
4120000,0000002C,false,Rx,0,8,C0,44,2B,00,00,00,00,2F
4120000,00000050,false,Rx,0,8,40,01,00,00,00,00,00,41
4120000,000000A6,false,Rx,0,8,05,43,05,43,05,43,05,43
4120000,00000251,false,Rx,0,8,C0,80,E6,00,00,00,00,26
4120000,00000260,false,Rx,0,8,C0,44,ED,00,00,00,00,F1
4120000,00000316,false,Rx,0,8,40,01,00,00,00,00,00,41
4120000,00000544,false,Rx,0,8,E0,00,00,00,00,00,00,00
4130000,00000018,false,Rx,0,8,47,21,00,00,00,00,00,68
4130000,0000002C,false,Rx,0,8,D0,44,B8,00,00,00,00,CC
4130000,00000050,false,Rx,0,8,40,01,00,00,00,00,00,41
4130000,00000251,false,Rx,0,8,D0,7E,1B,00,00,00,00,69
4130000,00000260,false,Rx,0,8,D0,44,19,00,00,00,00,2D
4139999,00000018,false,Rx,0,8,47,1D,03,00,00,00,00,67
4139999,0000002C,false,Rx,0,8,E0,44,22,00,00,00,00,46
4139999,00000050,false,Rx,0,8,40,01,00,00,00,00,00,41
4139999,000000A6,false,Rx,0,8,05,4B,05,4B,05,4B,05,4B
4139999,00000251,false,Rx,0,8,E0,7D,B7,00,00,00,00,14
4139999,00000260,false,Rx,0,8,E0,44,33,00,00,00,00,57
4139999,00000316,false,Rx,0,8,40,01,00,00,00,00,00,41
4139999,00000544,false,Rx,0,8,F0,00,00,00,00,00,00,00
4150000,00000018,false,Rx,0,8,47,18,03,00,00,00,00,62
4150000,0000002C,false,Rx,0,8,F0,44,0A,00,00,00,00,3E
4150000,00000050,false,Rx,0,8,40,01,00,00,00,00,00,41
4150000,00000251,false,Rx,0,8,F0,7B,04,00,00,00,00,6F
4150000,00000260,false,Rx,0,8,F0,44,59,00,00,00,00,8D
4160000,00000018,false,Rx,0,8,47,14,01,00,00,00,00,5C
4160000,0000002C,false,Rx,0,8,00,45,C7,00,00,00,00,0C
4160000,00000050,false,Rx,0,8,40,01,00,00,00,00,00,41
4160000,000000A6,false,Rx,0,8,05,53,05,53,05,53,05,53
4160000,00000251,false,Rx,0,8,00,79,F8,00,00,00,00,71
4160000,00000260,false,Rx,0,8,00,44,14,00,00,00,00,58
4160000,00000316,false,Rx,0,8,40,01,00,00,00,00,00,41
4160000,00000544,false,Rx,0,8,00,00,00,00,00,00,00,00
4170000,00000018,false,Rx,0,8,47,0F,03,00,00,00,00,59
4170000,0000002C,false,Rx,0,8,10,45,F0,00,00,00,00,45
4170000,00000050,false,Rx,0,8,40,01,00,00,00,00,00,41
4170000,00000251,false,Rx,0,8,10,77,45,00,00,00,00,CC
4170000,00000260,false,Rx,0,8,10,44,94,00,00,00,00,E8
4179999,00000018,false,Rx,0,8,47,0A,03,00,00,00,00,54
4179999,0000002C,false,Rx,0,8,20,45,16,00,00,00,00,7B
4179999,00000050,false,Rx,0,8,40,01,00,00,00,00,00,41
4179999,000000A6,false,Rx,0,8,05,5B,05,5B,05,5B,05,5B
4179999,00000251,false,Rx,0,8,20,75,63,00,00,00,00,F8
4179999,00000260,false,Rx,0,8,20,44,B8,00,00,00,00,1C
4179999,00000316,false,Rx,0,8,40,01,00,00,00,00,00,41
4179999,00000544,false,Rx,0,8,10,00,00,00,00,00,00,00
4190000,00000018,false,Rx,0,8,47,05,03,00,00,00,00,4F
4190000,0000002C,false,Rx,0,8,30,46,C6,00,00,00,00,3C
4190000,00000050,false,Rx,0,8,40,01,00,00,00,00,00,41
4190000,00000251,false,Rx,0,8,30,73,C4,00,00,00,00,67
4190000,00000260,false,Rx,0,8,30,44,A0,00,00,00,00,14
4200000,00000018,false,Rx,0,8,47,00,01,00,00,00,00,48
4200000,0000002C,false,Rx,0,8,40,46,BF,00,00,00,00,45
4200000,00000050,false,Rx,0,8,40,01,00,00,00,00,00,41
4200000,000000A6,false,Rx,0,8,05,63,05,63,05,63,05,63
4200000,00000251,false,Rx,0,8,40,71,FD,00,00,00,00,AE
4200000,00000260,false,Rx,0,8,40,44,DA,00,00,00,00,5E
4200000,00000316,false,Rx,0,8,40,01,00,00,00,00,00,41
4200000,00000544,false,Rx,0,8,20,00,00,00,00,00,00,00
4200000,000004F1,false,Rx,0,8,A0,00,00,00,00,00,00,A0
4210000,00000018,false,Rx,0,8,46,FB,01,00,00,00,00,42
4210000,0000002C,false,Rx,0,8,50,47,81,00,00,00,00,18
4210000,00000050,false,Rx,0,8,40,01,00,00,00,00,00,41
4210000,00000251,false,Rx,0,8,50,70,D1,00,00,00,00,91
4210000,00000260,false,Rx,0,8,50,45,3B,00,00,00,00,D0
4220000,00000018,false,Rx,0,8,46,F6,00,00,00,00,00,3C
4220000,0000002C,false,Rx,0,8,60,48,08,00,00,00,00,B0
4220000,00000050,false,Rx,0,8,40,01,00,00,00,00,00,41
4220000,000000A6,false,Rx,0,8,05,6C,05,6C,05,6C,05,6C
4220000,00000251,false,Rx,0,8,60,6E,FB,00,00,00,00,C9
4220000,00000260,false,Rx,0,8,60,45,30,00,00,00,00,D5
4220000,00000316,false,Rx,0,8,40,01,00,00,00,00,00,41
4220000,00000544,false,Rx,0,8,30,00,00,00,00,00,00,00
4230000,00000018,false,Rx,0,8,46,F0,00,00,00,00,00,36
4230000,0000002C,false,Rx,0,8,70,48,B6,00,00,00,00,6E
4230000,00000050,false,Rx,0,8,40,01,00,00,00,00,00,41
4230000,00000251,false,Rx,0,8,70,6C,D4,00,00,00,00,B0
4230000,00000260,false,Rx,0,8,70,46,17,00,00,00,00,CD
4240000,00000018,false,Rx,0,8,46,EB,03,00,00,00,00,34
4240000,0000002C,false,Rx,0,8,80,49,22,00,00,00,00,EB
4240000,00000050,false,Rx,0,8,40,01,00,00,00,00,00,41
4240000,000000A6,false,Rx,0,8,05,75,05,75,05,75,05,75
4240000,00000251,false,Rx,0,8,80,6A,E3,00,00,00,00,CD
4240000,00000260,false,Rx,0,8,80,46,04,00,00,00,00,CA
4240000,00000316,false,Rx,0,8,40,01,00,00,00,00,00,41
4240000,00000544,false,Rx,0,8,40,00,00,00,00,00,00,00
4250000,00000018,false,Rx,0,8,46,E6,01,00,00,00,00,2D
4250000,0000002C,false,Rx,0,8,90,4A,B0,00,00,00,00,8A
4250000,00000050,false,Rx,0,8,40,01,00,00,00,00,00,41
4250000,00000251,false,Rx,0,8,90,68,FA,00,00,00,00,F2
4250000,00000260,false,Rx,0,8,90,47,46,00,00,00,00,1D
4260000,00000018,false,Rx,0,8,46,E0,01,00,00,00,00,27
4260000,0000002C,false,Rx,0,8,A0,4B,7B,00,00,00,00,66
4260000,00000050,false,Rx,0,8,40,01,00,00,00,00,00,41
4260000,000000A6,false,Rx,0,8,05,7E,05,7E,05,7E,05,7E
4260000,00000251,false,Rx,0,8,A0,67,55,00,00,00,00,5C
4260000,00000260,false,Rx,0,8,A0,47,57,00,00,00,00,3E
4260000,00000316,false,Rx,0,8,40,01,00,00,00,00,00,41
4260000,00000544,false,Rx,0,8,50,00,00,00,00,00,00,00
4270000,00000018,false,Rx,0,8,46,DA,03,00,00,00,00,23
4270000,0000002C,false,Rx,0,8,B0,4C,35,00,00,00,00,31
4270000,00000050,false,Rx,0,8,40,01,00,00,00,00,00,41
4270000,00000251,false,Rx,0,8,B0,65,2A,00,00,00,00,3F
4270000,00000260,false,Rx,0,8,B0,48,A8,00,00,00,00,A0
4280000,00000018,false,Rx,0,8,46,D5,00,00,00,00,00,1B
4280000,0000002C,false,Rx,0,8,C0,4D,AA,00,00,00,00,B7
4280000,00000050,false,Rx,0,8,40,01,00,00,00,00,00,41
4280000,000000A6,false,Rx,0,8,05,88,05,88,05,88,05,88
4280000,00000251,false,Rx,0,8,C0,63,0F,00,00,00,00,32
4280000,00000260,false,Rx,0,8,C0,49,B7,00,00,00,00,C0
4280000,00000316,false,Rx,0,8,40,01,00,00,00,00,00,41
4280000,00000544,false,Rx,0,8,60,00,00,00,00,00,00,00
4290000,00000018,false,Rx,0,8,46,CF,01,00,00,00,00,16
4290000,0000002C,false,Rx,0,8,D0,4E,44,00,00,00,00,62
4290000,00000050,false,Rx,0,8,40,01,00,00,00,00,00,41
4290000,00000251,false,Rx,0,8,D0,62,70,00,00,00,00,A2
4290000,00000260,false,Rx,0,8,D0,49,E0,00,00,00,00,F9
4300000,00000018,false,Rx,0,8,46,CA,00,00,00,00,00,10
4300000,0000002C,false,Rx,0,8,E0,4F,16,00,00,00,00,45
4300000,00000050,false,Rx,0,8,40,01,00,00,00,00,00,41
4300000,000000A6,false,Rx,0,8,05,92,05,92,05,92,05,92
4300000,00000251,false,Rx,0,8,E0,60,95,00,00,00,00,D5
4300000,00000260,false,Rx,0,8,E0,4A,89,00,00,00,00,B3
4300000,00000316,false,Rx,0,8,40,01,00,00,00,00,00,41
4300000,00000544,false,Rx,0,8,70,00,00,00,00,00,00,00
4300000,000004F1,false,Rx,0,8,B0,00,00,00,00,00,00,B0
4310000,00000018,false,Rx,0,8,46,C4,03,00,00,00,00,0D
4310000,0000002C,false,Rx,0,8,F0,50,B4,00,00,00,00,F4
4310000,00000050,false,Rx,0,8,40,01,00,00,00,00,00,41
4310000,00000251,false,Rx,0,8,F0,5E,10,00,00,00,00,5E
4310000,00000260,false,Rx,0,8,F0,4B,2F,00,00,00,00,6A
4320000,00000018,false,Rx,0,8,46,BE,01,00,00,00,00,05
4320000,0000002C,false,Rx,0,8,00,51,AD,00,00,00,00,FE
4320000,00000050,false,Rx,0,8,40,01,00,00,00,00,00,41
4320000,000000A6,false,Rx,0,8,05,9D,05,9D,05,9D,05,9D
4320000,00000251,false,Rx,0,8,00,5D,8C,00,00,00,00,E9
4320000,00000260,false,Rx,0,8,00,4C,BE,00,00,00,00,0A
4320000,00000316,false,Rx,0,8,40,01,00,00,00,00,00,41
4320000,00000544,false,Rx,0,8,80,00,00,00,00,00,00,00
4330000,00000018,false,Rx,0,8,46,B8,03,00,00,00,00,01
4330000,0000002C,false,Rx,0,8,10,53,59,00,00,00,00,BC
4330000,00000050,false,Rx,0,8,40,01,00,00,00,00,00,41
4330000,00000251,false,Rx,0,8,10,5B,73,00,00,00,00,DE
4330000,00000260,false,Rx,0,8,10,4D,AF,00,00,00,00,0C
4340000,00000018,false,Rx,0,8,46,B2,02,00,00,00,00,FA
4340000,0000002C,false,Rx,0,8,20,54,ED,00,00,00,00,61
4340000,00000050,false,Rx,0,8,40,01,00,00,00,00,00,41
4340000,000000A6,false,Rx,0,8,05,A7,05,A7,05,A7,05,A7
4340000,00000251,false,Rx,0,8,20,5A,93,00,00,00,00,0D
4340000,00000260,false,Rx,0,8,20,4E,5D,00,00,00,00,CB
4340000,00000316,false,Rx,0,8,40,01,00,00,00,00,00,41
4340000,00000544,false,Rx,0,8,90,00,00,00,00,00,00,00
4350000,00000018,false,Rx,0,8,46,AC,03,00,00,00,00,F5
4350000,0000002C,false,Rx,0,8,30,55,F5,00,00,00,00,7A
4350000,00000050,false,Rx,0,8,40,01,00,00,00,00,00,41
4350000,00000251,false,Rx,0,8,30,58,56,00,00,00,00,DE
4350000,00000260,false,Rx,0,8,30,4F,3A,00,00,00,00,B9
4360000,00000018,false,Rx,0,8,46,A6,03,00,00,00,00,EF
4360000,0000002C,false,Rx,0,8,40,57,5D,00,00,00,00,F4
4360000,00000050,false,Rx,0,8,40,01,00,00,00,00,00,41
4360000,000000A6,false,Rx,0,8,05,B3,05,B3,05,B3,05,B3
4360000,00000251,false,Rx,0,8,40,57,EA,00,00,00,00,81
4360000,00000260,false,Rx,0,8,40,50,CD,00,00,00,00,5D
4360000,00000316,false,Rx,0,8,40,01,00,00,00,00,00,41
4360000,00000544,false,Rx,0,8,A0,00,00,00,00,00,00,00
4370000,00000018,false,Rx,0,8,46,A0,03,00,00,00,00,E9
4370000,0000002C,false,Rx,0,8,50,58,45,00,00,00,00,ED
4370000,00000050,false,Rx,0,8,40,01,00,00,00,00,00,41
4370000,00000251,false,Rx,0,8,50,56,FD,00,00,00,00,A3
4370000,00000260,false,Rx,0,8,50,52,CC,00,00,00,00,6E
4380000,00000018,false,Rx,0,8,46,9A,01,00,00,00,00,E1
4380000,0000002C,false,Rx,0,8,60,59,20,00,00,00,00,D9
4380000,00000050,false,Rx,0,8,40,01,00,00,00,00,00,41
4380000,000000A6,false,Rx,0,8,05,BE,05,BE,05,BE,05,BE
4380000,00000251,false,Rx,0,8,60,54,39,00,00,00,00,ED
4380000,00000260,false,Rx,0,8,60,53,E9,00,00,00,00,9C
4380000,00000316,false,Rx,0,8,40,01,00,00,00,00,00,41
4380000,00000544,false,Rx,0,8,B0,00,00,00,00,00,00,00
4390000,00000018,false,Rx,0,8,46,94,03,00,00,00,00,DD
4390000,0000002C,false,Rx,0,8,70,5B,EA,00,00,00,00,B5
4390000,00000050,false,Rx,0,8,40,01,00,00,00,00,00,41
4390000,00000251,false,Rx,0,8,70,53,3A,00,00,00,00,FD
4390000,00000260,false,Rx,0,8,70,54,8B,00,00,00,00,4F
4400000,00000018,false,Rx,0,8,46,8E,03,00,00,00,00,D7
4400000,0000002C,false,Rx,0,8,80,5C,12,00,00,00,00,EE
4400000,00000050,false,Rx,0,8,40,01,00,00,00,00,00,41
4400000,000000A6,false,Rx,0,8,05,C9,05,C9,05,C9,05,C9
4400000,00000251,false,Rx,0,8,80,52,89,00,00,00,00,5B
4400000,00000260,false,Rx,0,8,80,56,C5,00,00,00,00,9B
4400000,00000316,false,Rx,0,8,40,01,00,00,00,00,00,41
4400000,00000544,false,Rx,0,8,C0,00,00,00,00,00,00,00
4400000,000004F1,false,Rx,0,8,C0,00,00,00,00,00,00,C0
4410000,00000018,false,Rx,0,8,46,88,02,00,00,00,00,D0
4410000,0000002C,false,Rx,0,8,90,5E,96,00,00,00,00,84
4410000,00000050,false,Rx,0,8,40,01,00,00,00,00,00,41
4410000,00000251,false,Rx,0,8,90,51,BB,00,00,00,00,9C
4410000,00000260,false,Rx,0,8,90,57,F4,00,00,00,00,DB
4420000,00000018,false,Rx,0,8,46,82,01,00,00,00,00,C9
4420000,0000002C,false,Rx,0,8,A0,5F,67,00,00,00,00,66
4420000,00000050,false,Rx,0,8,40,01,00,00,00,00,00,41
4420000,000000A6,false,Rx,0,8,05,D5,05,D5,05,D5,05,D5
4420000,00000251,false,Rx,0,8,A0,4F,15,00,00,00,00,04
4420000,00000260,false,Rx,0,8,A0,58,D7,00,00,00,00,CF
4420000,00000316,false,Rx,0,8,40,01,00,00,00,00,00,41
4420000,00000544,false,Rx,0,8,D0,00,00,00,00,00,00,00
4430000,00000018,false,Rx,0,8,46,7B,02,00,00,00,00,C3
4430000,0000002C,false,Rx,0,8,B0,61,16,00,00,00,00,27
4430000,00000050,false,Rx,0,8,40,01,00,00,00,00,00,41
4430000,00000251,false,Rx,0,8,B0,4E,E1,00,00,00,00,DF
4430000,00000260,false,Rx,0,8,B0,5A,55,00,00,00,00,5F
4440000,00000018,false,Rx,0,8,46,75,03,00,00,00,00,BE
4440000,0000002C,false,Rx,0,8,C0,63,66,00,00,00,00,89
4440000,00000050,false,Rx,0,8,40,01,00,00,00,00,00,41
4440000,000000A6,false,Rx,0,8,05,E1,05,E1,05,E1,05,E1
4440000,00000251,false,Rx,0,8,C0,4D,6F,00,00,00,00,7C
4440000,00000260,false,Rx,0,8,C0,5B,39,00,00,00,00,54
4440000,00000316,false,Rx,0,8,40,01,00,00,00,00,00,41
4440000,00000544,false,Rx,0,8,E0,00,00,00,00,00,00,00
4450000,00000018,false,Rx,0,8,46,6F,01,00,00,00,00,B6
4450000,0000002C,false,Rx,0,8,D0,64,15,00,00,00,00,49
4450000,00000050,false,Rx,0,8,40,01,00,00,00,00,00,41
4450000,00000251,false,Rx,0,8,D0,4C,D9,00,00,00,00,F5
4450000,00000260,false,Rx,0,8,D0,5D,43,00,00,00,00,70
4460000,00000018,false,Rx,0,8,46,69,02,00,00,00,00,B1
4460000,0000002C,false,Rx,0,8,E0,66,A1,00,00,00,00,E7
4460000,00000050,false,Rx,0,8,40,01,00,00,00,00,00,41
4460000,000000A6,false,Rx,0,8,05,EE,05,EE,05,EE,05,EE
4460000,00000251,false,Rx,0,8,E0,4B,34,00,00,00,00,5F
4460000,00000260,false,Rx,0,8,E0,5E,1E,00,00,00,00,5C
4460000,00000316,false,Rx,0,8,40,01,00,00,00,00,00,41
4460000,00000544,false,Rx,0,8,F0,00,00,00,00,00,00,00
4470000,00000018,false,Rx,0,8,46,62,03,00,00,00,00,AB
4470000,0000002C,false,Rx,0,8,F0,68,9E,00,00,00,00,F6
4470000,00000050,false,Rx,0,8,40,01,00,00,00,00,00,41
4470000,00000251,false,Rx,0,8,F0,4A,7E,00,00,00,00,B8
4470000,00000260,false,Rx,0,8,F0,60,51,00,00,00,00,A1
4480000,00000018,false,Rx,0,8,46,5C,00,00,00,00,00,A2
4480000,0000002C,false,Rx,0,8,00,6A,CB,00,00,00,00,35
4480000,00000050,false,Rx,0,8,40,01,00,00,00,00,00,41
4480000,000000A6,false,Rx,0,8,05,FA,05,FA,05,FA,05,FA
4480000,00000251,false,Rx,0,8,00,4A,98,00,00,00,00,E2
4480000,00000260,false,Rx,0,8,00,61,35,00,00,00,00,96
4480000,00000316,false,Rx,0,8,40,01,00,00,00,00,00,41
4480000,00000544,false,Rx,0,8,00,00,00,00,00,00,00,00
4490000,00000018,false,Rx,0,8,46,56,02,00,00,00,00,9E
4490000,0000002C,false,Rx,0,8,10,6B,F2,00,00,00,00,6D
4490000,00000050,false,Rx,0,8,40,01,00,00,00,00,00,41
4490000,00000251,false,Rx,0,8,10,49,10,00,00,00,00,69
4490000,00000260,false,Rx,0,8,10,63,D5,00,00,00,00,48
4500000,00000018,false,Rx,0,8,46,50,01,00,00,00,00,97
4500000,0000002C,false,Rx,0,8,20,6D,81,00,00,00,00,0E
4500000,00000050,false,Rx,0,8,40,01,00,00,00,00,00,41
4500000,000000A6,false,Rx,0,8,06,07,06,07,06,07,06,07
4500000,00000251,false,Rx,0,8,20,48,E6,00,00,00,00,4E
4500000,00000260,false,Rx,0,8,20,65,F7,00,00,00,00,7C
4500000,00000316,false,Rx,0,8,40,01,00,00,00,00,00,41
4500000,00000544,false,Rx,0,8,10,00,00,00,00,00,00,00
4500000,000004F1,false,Rx,0,8,D0,00,00,00,00,00,00,D0
4510000,00000018,false,Rx,0,8,46,49,02,00,00,00,00,91
4510000,0000002C,false,Rx,0,8,30,6F,12,00,00,00,00,B1
4510000,00000050,false,Rx,0,8,40,01,00,00,00,00,00,41
4510000,00000251,false,Rx,0,8,30,47,86,00,00,00,00,FD
4510000,00000260,false,Rx,0,8,30,67,E0,00,00,00,00,77
4520000,00000018,false,Rx,0,8,46,43,02,00,00,00,00,8B
4520000,0000002C,false,Rx,0,8,40,71,61,00,00,00,00,12
4520000,00000050,false,Rx,0,8,40,01,00,00,00,00,00,41
4520000,000000A6,false,Rx,0,8,06,14,06,14,06,14,06,14
4520000,00000251,false,Rx,0,8,40,47,B2,00,00,00,00,39
4520000,00000260,false,Rx,0,8,40,68,5C,00,00,00,00,04
4520000,00000316,false,Rx,0,8,40,01,00,00,00,00,00,41
4520000,00000544,false,Rx,0,8,20,00,00,00,00,00,00,00
4530000,00000018,false,Rx,0,8,46,3D,02,00,00,00,00,85
4530000,0000002C,false,Rx,0,8,50,73,92,00,00,00,00,55
4530000,00000050,false,Rx,0,8,40,01,00,00,00,00,00,41
4530000,00000251,false,Rx,0,8,50,46,2C,00,00,00,00,C2
4530000,00000260,false,Rx,0,8,50,6A,C2,00,00,00,00,7C
4540000,00000018,false,Rx,0,8,46,36,00,00,00,00,00,7C
4540000,0000002C,false,Rx,0,8,60,74,B6,00,00,00,00,8A
4540000,00000050,false,Rx,0,8,40,01,00,00,00,00,00,41
4540000,000000A6,false,Rx,0,8,06,22,06,22,06,22,06,22
4540000,00000251,false,Rx,0,8,60,46,E0,00,00,00,00,86
4540000,00000260,false,Rx,0,8,60,6C,B7,00,00,00,00,83
4540000,00000316,false,Rx,0,8,40,01,00,00,00,00,00,41
4540000,00000544,false,Rx,0,8,30,00,00,00,00,00,00,00
4550000,00000018,false,Rx,0,8,46,30,01,00,00,00,00,77
4550000,0000002C,false,Rx,0,8,70,76,18,00,00,00,00,FE
4550000,00000050,false,Rx,0,8,40,01,00,00,00,00,00,41
4550000,00000251,false,Rx,0,8,70,45,3C,00,00,00,00,F1
4550000,00000260,false,Rx,0,8,70,6E,0E,00,00,00,00,EC
4560000,00000018,false,Rx,0,8,46,2A,01,00,00,00,00,71
4560000,0000002C,false,Rx,0,8,80,78,A9,00,00,00,00,A1
4560000,00000050,false,Rx,0,8,40,01,00,00,00,00,00,41
4560000,000000A6,false,Rx,0,8,06,2F,06,2F,06,2F,06,2F
4560000,00000251,false,Rx,0,8,80,45,79,00,00,00,00,3E
4560000,00000260,false,Rx,0,8,80,6F,42,00,00,00,00,31
4560000,00000316,false,Rx,0,8,40,01,00,00,00,00,00,41
4560000,00000544,false,Rx,0,8,40,00,00,00,00,00,00,00
4570000,00000018,false,Rx,0,8,46,24,01,00,00,00,00,6B
4570000,0000002C,false,Rx,0,8,90,7A,8B,00,00,00,00,95
4570000,00000050,false,Rx,0,8,40,01,00,00,00,00,00,41
4570000,00000251,false,Rx,0,8,90,44,6B,00,00,00,00,3F
4570000,00000260,false,Rx,0,8,90,71,F7,00,00,00,00,F8
4580000,00000018,false,Rx,0,8,46,1D,03,00,00,00,00,66
4580000,0000002C,false,Rx,0,8,A0,7C,3F,00,00,00,00,5B
4580000,00000050,false,Rx,0,8,40,01,00,00,00,00,00,41
4580000,000000A6,false,Rx,0,8,06,3D,06,3D,06,3D,06,3D
4580000,00000251,false,Rx,0,8,A0,44,B3,00,00,00,00,97
4580000,00000260,false,Rx,0,8,A0,73,F9,00,00,00,00,0C
4580000,00000316,false,Rx,0,8,40,01,00,00,00,00,00,41
4580000,00000544,false,Rx,0,8,50,00,00,00,00,00,00,00
4590000,00000018,false,Rx,0,8,46,17,01,00,00,00,00,5E
4590000,0000002C,false,Rx,0,8,B0,7E,BC,00,00,00,00,EA
4590000,00000050,false,Rx,0,8,40,01,00,00,00,00,00,41
4590000,00000251,false,Rx,0,8,B0,44,DB,00,00,00,00,CF
4590000,00000260,false,Rx,0,8,B0,75,39,00,00,00,00,5E
4600000,00000018,false,Rx,0,8,46,11,01,00,00,00,00,58
4600000,0000002C,false,Rx,0,8,C0,80,DF,00,00,00,00,1F
4600000,00000050,false,Rx,0,8,40,01,00,00,00,00,00,41
4600000,000000A6,false,Rx,0,8,06,4B,06,4B,06,4B,06,4B
4600000,00000251,false,Rx,0,8,C0,44,54,00,00,00,00,58
4600000,00000260,false,Rx,0,8,C0,77,D2,00,00,00,00,09
4600000,00000316,false,Rx,0,8,40,01,00,00,00,00,00,41
4600000,00000544,false,Rx,0,8,60,00,00,00,00,00,00,00
4600000,000004F1,false,Rx,0,8,E0,00,00,00,00,00,00,E0
4610000,00000018,false,Rx,0,8,46,0B,00,00,00,00,00,51
4610000,0000002C,false,Rx,0,8,D0,81,CC,00,00,00,00,1D
4610000,00000050,false,Rx,0,8,40,01,00,00,00,00,00,41
4610000,00000251,false,Rx,0,8,D0,44,47,00,00,00,00,5B
4610000,00000260,false,Rx,0,8,D0,79,E1,00,00,00,00,2A
4620000,00000018,false,Rx,0,8,46,05,03,00,00,00,00,4E
4620000,0000002C,false,Rx,0,8,E0,83,E1,00,00,00,00,44
4620000,00000050,false,Rx,0,8,40,01,00,00,00,00,00,41
4620000,000000A6,false,Rx,0,8,06,59,06,59,06,59,06,59
4620000,00000251,false,Rx,0,8,E0,44,69,00,00,00,00,8D
4620000,00000260,false,Rx,0,8,E0,7A,17,00,00,00,00,71
4620000,00000316,false,Rx,0,8,40,01,00,00,00,00,00,41
4620000,00000544,false,Rx,0,8,70,00,00,00,00,00,00,00
4630000,00000018,false,Rx,0,8,45,FF,03,00,00,00,00,47
4630000,0000002C,false,Rx,0,8,F0,85,C5,00,00,00,00,3A
4630000,00000050,false,Rx,0,8,40,01,00,00,00,00,00,41
4630000,00000251,false,Rx,0,8,F0,44,69,00,00,00,00,9D
4630000,00000260,false,Rx,0,8,F0,7C,20,00,00,00,00,8C
4640000,00000018,false,Rx,0,8,45,F9,02,00,00,00,00,40
4640000,0000002C,false,Rx,0,8,00,87,AD,00,00,00,00,34
4640000,00000050,false,Rx,0,8,40,01,00,00,00,00,00,41
4640000,000000A6,false,Rx,0,8,06,68,06,68,06,68,06,68
4640000,00000251,false,Rx,0,8,00,44,1E,00,00,00,00,62
4640000,00000260,false,Rx,0,8,00,7E,85,00,00,00,00,03
4640000,00000316,false,Rx,0,8,40,01,00,00,00,00,00,41
4640000,00000544,false,Rx,0,8,80,00,00,00,00,00,00,00
4650000,00000018,false,Rx,0,8,45,F3,03,00,00,00,00,3B
4650000,0000002C,false,Rx,0,8,10,89,5F,00,00,00,00,F8
4650000,00000050,false,Rx,0,8,40,01,00,00,00,00,00,41
4650000,00000251,false,Rx,0,8,10,44,B3,00,00,00,00,07
4650000,00000260,false,Rx,0,8,10,80,A0,00,00,00,00,30
4660000,00000018,false,Rx,0,8,45,ED,03,00,00,00,00,35
4660000,0000002C,false,Rx,0,8,20,8B,FE,00,00,00,00,A9
4660000,00000050,false,Rx,0,8,40,01,00,00,00,00,00,41
4660000,000000A6,false,Rx,0,8,06,76,06,76,06,76,06,76
4660000,00000251,false,Rx,0,8,20,44,8F,00,00,00,00,F3
4660000,00000260,false,Rx,0,8,20,82,06,00,00,00,00,A8
4660000,00000316,false,Rx,0,8,40,01,00,00,00,00,00,41
4660000,00000544,false,Rx,0,8,90,00,00,00,00,00,00,00
4670000,00000018,false,Rx,0,8,45,E7,00,00,00,00,00,2C
4670000,0000002C,false,Rx,0,8,30,8D,FE,00,00,00,00,BB
4670000,00000050,false,Rx,0,8,40,01,00,00,00,00,00,41
4670000,00000251,false,Rx,0,8,30,44,56,00,00,00,00,CA
4670000,00000260,false,Rx,0,8,30,84,72,00,00,00,00,26
4680000,00000018,false,Rx,0,8,45,E1,01,00,00,00,00,27
4680000,0000002C,false,Rx,0,8,40,8F,BC,00,00,00,00,8B
4680000,00000050,false,Rx,0,8,40,01,00,00,00,00,00,41
4680000,000000A6,false,Rx,0,8,06,85,06,85,06,85,06,85
4680000,00000251,false,Rx,0,8,40,44,A5,00,00,00,00,29
4680000,00000260,false,Rx,0,8,40,86,AD,00,00,00,00,73
4680000,00000316,false,Rx,0,8,40,01,00,00,00,00,00,41
4680000,00000544,false,Rx,0,8,A0,00,00,00,00,00,00,00
4690000,00000018,false,Rx,0,8,45,DB,03,00,00,00,00,23
4690000,0000002C,false,Rx,0,8,50,90,88,00,00,00,00,68
4690000,00000050,false,Rx,0,8,40,01,00,00,00,00,00,41
4690000,00000251,false,Rx,0,8,50,45,95,00,00,00,00,2A
4690000,00000260,false,Rx,0,8,50,88,30,00,00,00,00,08
4700000,00000018,false,Rx,0,8,45,D5,03,00,00,00,00,1D
4700000,0000002C,false,Rx,0,8,60,92,2A,00,00,00,00,1C
4700000,00000050,false,Rx,0,8,40,01,00,00,00,00,00,41
4700000,000000A6,false,Rx,0,8,06,94,06,94,06,94,06,94
4700000,00000251,false,Rx,0,8,60,45,94,00,00,00,00,39
4700000,00000260,false,Rx,0,8,60,89,DD,00,00,00,00,C6
4700000,00000316,false,Rx,0,8,40,01,00,00,00,00,00,41
4700000,00000544,false,Rx,0,8,B0,00,00,00,00,00,00,00
4700000,000004F1,false,Rx,0,8,F0,00,00,00,00,00,00,F0
4710000,00000018,false,Rx,0,8,45,D0,00,00,00,00,00,15
4710000,0000002C,false,Rx,0,8,70,94,D9,00,00,00,00,DD
4710000,00000050,false,Rx,0,8,40,01,00,00,00,00,00,41
4710000,00000251,false,Rx,0,8,70,46,88,00,00,00,00,3E
4710000,00000260,false,Rx,0,8,70,8B,7F,00,00,00,00,7A
4720000,00000018,false,Rx,0,8,45,CA,03,00,00,00,00,12
4720000,0000002C,false,Rx,0,8,80,96,28,00,00,00,00,3E
4720000,00000050,false,Rx,0,8,40,01,00,00,00,00,00,41
4720000,000000A6,false,Rx,0,8,06,A3,06,A3,06,A3,06,A3
4720000,00000251,false,Rx,0,8,80,46,30,00,00,00,00,F6
4720000,00000260,false,Rx,0,8,80,8D,F6,00,00,00,00,03
4720000,00000316,false,Rx,0,8,40,01,00,00,00,00,00,41
4720000,00000544,false,Rx,0,8,C0,00,00,00,00,00,00,00
4730000,00000018,false,Rx,0,8,45,C5,03,00,00,00,00,0D
4730000,0000002C,false,Rx,0,8,90,97,DC,00,00,00,00,03
4730000,00000050,false,Rx,0,8,40,01,00,00,00,00,00,41
4730000,00000251,false,Rx,0,8,90,47,45,00,00,00,00,1C
4730000,00000260,false,Rx,0,8,90,8F,B1,00,00,00,00,D0
4740000,00000018,false,Rx,0,8,45,BF,00,00,00,00,00,04
4740000,0000002C,false,Rx,0,8,A0,99,5C,00,00,00,00,95
4740000,00000050,false,Rx,0,8,40,01,00,00,00,00,00,41
4740000,000000A6,false,Rx,0,8,06,B2,06,B2,06,B2,06,B2
4740000,00000251,false,Rx,0,8,A0,47,D2,00,00,00,00,B9
4740000,00000260,false,Rx,0,8,A0,91,C5,00,00,00,00,F6
4740000,00000316,false,Rx,0,8,40,01,00,00,00,00,00,41
4740000,00000544,false,Rx,0,8,D0,00,00,00,00,00,00,00
4750000,00000018,false,Rx,0,8,45,BA,02,00,00,00,00,01
4750000,0000002C,false,Rx,0,8,B0,9B,96,00,00,00,00,E1
4750000,00000050,false,Rx,0,8,40,01,00,00,00,00,00,41
4750000,00000251,false,Rx,0,8,B0,48,1E,00,00,00,00,16
4750000,00000260,false,Rx,0,8,B0,93,4C,00,00,00,00,8F
4760000,00000018,false,Rx,0,8,45,B4,02,00,00,00,00,FB
4760000,0000002C,false,Rx,0,8,C0,9C,A4,00,00,00,00,00
4760000,00000050,false,Rx,0,8,40,01,00,00,00,00,00,41
4760000,000000A6,false,Rx,0,8,06,C1,06,C1,06,C1,06,C1
4760000,00000251,false,Rx,0,8,C0,49,8D,00,00,00,00,96
4760000,00000260,false,Rx,0,8,C0,94,1B,00,00,00,00,6F
4760000,00000316,false,Rx,0,8,40,01,00,00,00,00,00,41
4760000,00000544,false,Rx,0,8,E0,00,00,00,00,00,00,00
4770000,00000018,false,Rx,0,8,45,AF,03,00,00,00,00,F7
4770000,0000002C,false,Rx,0,8,D0,9E,34,00,00,00,00,A2
4770000,00000050,false,Rx,0,8,40,01,00,00,00,00,00,41
4770000,00000251,false,Rx,0,8,D0,4A,40,00,00,00,00,5A
4770000,00000260,false,Rx,0,8,D0,96,05,00,00,00,00,6B
4780000,00000018,false,Rx,0,8,45,A9,03,00,00,00,00,F1
4780000,0000002C,false,Rx,0,8,E0,A0,28,00,00,00,00,A8
4780000,00000050,false,Rx,0,8,40,01,00,00,00,00,00,41
4780000,000000A6,false,Rx,0,8,06,D1,06,D1,06,D1,06,D1
4780000,00000251,false,Rx,0,8,E0,4B,43,00,00,00,00,6E
4780000,00000260,false,Rx,0,8,E0,98,50,00,00,00,00,C8
4780000,00000316,false,Rx,0,8,40,01,00,00,00,00,00,41
4780000,00000544,false,Rx,0,8,F0,00,00,00,00,00,00,00
4790000,00000018,false,Rx,0,8,45,A4,01,00,00,00,00,EA
4790000,0000002C,false,Rx,0,8,F0,A1,A7,00,00,00,00,38
4790000,00000050,false,Rx,0,8,40,01,00,00,00,00,00,41
4790000,00000251,false,Rx,0,8,F0,4B,7F,00,00,00,00,BA
4790000,00000260,false,Rx,0,8,F0,9A,F0,00,00,00,00,7A
4800000,00000018,false,Rx,0,8,45,9F,03,00,00,00,00,E7
4800000,0000002C,false,Rx,0,8,00,A3,97,00,00,00,00,3A
4800000,00000050,false,Rx,0,8,40,01,00,00,00,00,00,41
4800000,000000A6,false,Rx,0,8,06,E0,06,E0,06,E0,06,E0
4800000,00000251,false,Rx,0,8,00,4C,4A,00,00,00,00,96
4800000,00000260,false,Rx,0,8,00,9B,FD,00,00,00,00,98
4800000,00000316,false,Rx,0,8,40,01,00,00,00,00,00,41
4800000,00000544,false,Rx,0,8,00,00,00,00,00,00,00,00
4800000,000004F1,false,Rx,0,8,00,00,00,00,00,00,00,00
4810000,00000018,false,Rx,0,8,45,9A,01,00,00,00,00,E0
4810000,0000002C,false,Rx,0,8,10,A4,9C,00,00,00,00,50
4810000,00000050,false,Rx,0,8,40,01,00,00,00,00,00,41
4810000,00000251,false,Rx,0,8,10,4D,A4,00,00,00,00,01
4810000,00000260,false,Rx,0,8,10,9D,54,00,00,00,00,01
4820000,00000018,false,Rx,0,8,45,95,02,00,00,00,00,DC
4820000,0000002C,false,Rx,0,8,20,A6,E4,00,00,00,00,AA
4820000,00000050,false,Rx,0,8,40,01,00,00,00,00,00,41
4820000,000000A6,false,Rx,0,8,06,F0,06,F0,06,F0,06,F0
4820000,00000251,false,Rx,0,8,20,4E,7E,00,00,00,00,EC
4820000,00000260,false,Rx,0,8,20,9F,26,00,00,00,00,E5
4820000,00000316,false,Rx,0,8,40,01,00,00,00,00,00,41
4820000,00000544,false,Rx,0,8,10,00,00,00,00,00,00,00
4830000,00000018,false,Rx,0,8,45,90,03,00,00,00,00,D8
4830000,0000002C,false,Rx,0,8,30,A7,DA,00,00,00,00,B1
4830000,00000050,false,Rx,0,8,40,01,00,00,00,00,00,41
4830000,00000251,false,Rx,0,8,30,50,C9,00,00,00,00,49
4830000,00000260,false,Rx,0,8,30,A0,FB,00,00,00,00,CB
4840000,00000018,false,Rx,0,8,45,8B,03,00,00,00,00,D3
4840000,0000002C,false,Rx,0,8,40,A9,55,00,00,00,00,3E
4840000,00000050,false,Rx,0,8,40,01,00,00,00,00,00,41
4840000,000000A6,false,Rx,0,8,07,00,07,00,07,00,07,00
4840000,00000251,false,Rx,0,8,40,51,FA,00,00,00,00,8B
4840000,00000260,false,Rx,0,8,40,A2,A4,00,00,00,00,86
4840000,00000316,false,Rx,0,8,40,01,00,00,00,00,00,41
4840000,00000544,false,Rx,0,8,20,00,00,00,00,00,00,00
4850000,00000018,false,Rx,0,8,45,87,00,00,00,00,00,CC
4850000,0000002C,false,Rx,0,8,50,AA,E3,00,00,00,00,DD
4850000,00000050,false,Rx,0,8,40,01,00,00,00,00,00,41
4850000,00000251,false,Rx,0,8,50,52,48,00,00,00,00,EA
4850000,00000260,false,Rx,0,8,50,A3,7B,00,00,00,00,6E
4860000,00000018,false,Rx,0,8,45,82,03,00,00,00,00,CA
4860000,0000002C,false,Rx,0,8,60,AB,B3,00,00,00,00,BE
4860000,00000050,false,Rx,0,8,40,01,00,00,00,00,00,41
4860000,000000A6,false,Rx,0,8,07,0F,07,0F,07,0F,07,0F
4860000,00000251,false,Rx,0,8,60,53,89,00,00,00,00,3C
4860000,00000260,false,Rx,0,8,60,A5,A9,00,00,00,00,AE
4860000,00000316,false,Rx,0,8,40,01,00,00,00,00,00,41
4860000,00000544,false,Rx,0,8,30,00,00,00,00,00,00,00
4870000,00000018,false,Rx,0,8,45,7E,02,00,00,00,00,C5
4870000,0000002C,false,Rx,0,8,70,AD,E4,00,00,00,00,01
4870000,00000050,false,Rx,0,8,40,01,00,00,00,00,00,41
4870000,00000251,false,Rx,0,8,70,55,D4,00,00,00,00,99
4870000,00000260,false,Rx,0,8,70,A6,8E,00,00,00,00,A4
4880000,00000018,false,Rx,0,8,45,79,03,00,00,00,00,C1
4880000,0000002C,false,Rx,0,8,80,AE,15,00,00,00,00,43
4880000,00000050,false,Rx,0,8,40,01,00,00,00,00,00,41
4880000,000000A6,false,Rx,0,8,07,1F,07,1F,07,1F,07,1F
4880000,00000251,false,Rx,0,8,80,56,C0,00,00,00,00,96
4880000,00000260,false,Rx,0,8,80,A8,19,00,00,00,00,41
4880000,00000316,false,Rx,0,8,40,01,00,00,00,00,00,41
4880000,00000544,false,Rx,0,8,40,00,00,00,00,00,00,00
4890000,00000018,false,Rx,0,8,45,75,01,00,00,00,00,BB
4890000,0000002C,false,Rx,0,8,90,AF,B4,00,00,00,00,F3
4890000,00000050,false,Rx,0,8,40,01,00,00,00,00,00,41
4890000,00000251,false,Rx,0,8,90,57,E7,00,00,00,00,CE
4890000,00000260,false,Rx,0,8,90,A9,72,00,00,00,00,AB
4900000,00000018,false,Rx,0,8,45,71,03,00,00,00,00,B9
4900000,0000002C,false,Rx,0,8,A0,B0,DE,00,00,00,00,2E
4900000,00000050,false,Rx,0,8,40,01,00,00,00,00,00,41
4900000,000000A6,false,Rx,0,8,07,2F,07,2F,07,2F,07,2F
4900000,00000251,false,Rx,0,8,A0,59,26,00,00,00,00,1F
4900000,00000260,false,Rx,0,8,A0,AA,C1,00,00,00,00,0B
4900000,00000316,false,Rx,0,8,40,01,00,00,00,00,00,41
4900000,00000544,false,Rx,0,8,50,00,00,00,00,00,00,00
4900000,000004F1,false,Rx,0,8,10,00,00,00,00,00,00,10
4910000,00000018,false,Rx,0,8,45,6C,01,00,00,00,00,B2
4910000,0000002C,false,Rx,0,8,B0,B1,8C,00,00,00,00,ED
4910000,00000050,false,Rx,0,8,40,01,00,00,00,00,00,41
4910000,00000251,false,Rx,0,8,B0,5A,2F,00,00,00,00,39
4910000,00000260,false,Rx,0,8,B0,AC,CE,00,00,00,00,2A
4920000,00000018,false,Rx,0,8,45,68,00,00,00,00,00,AD
4920000,0000002C,false,Rx,0,8,C0,B2,1D,00,00,00,00,8F
4920000,00000050,false,Rx,0,8,40,01,00,00,00,00,00,41
4920000,000000A6,false,Rx,0,8,07,3F,07,3F,07,3F,07,3F
4920000,00000251,false,Rx,0,8,C0,5C,CE,00,00,00,00,EA
4920000,00000260,false,Rx,0,8,C0,AD,78,00,00,00,00,E5
4920000,00000316,false,Rx,0,8,40,01,00,00,00,00,00,41
4920000,00000544,false,Rx,0,8,60,00,00,00,00,00,00,00
4930000,00000018,false,Rx,0,8,45,64,03,00,00,00,00,AC
4930000,0000002C,false,Rx,0,8,D0,B3,26,00,00,00,00,A9
4930000,00000050,false,Rx,0,8,40,01,00,00,00,00,00,41
4930000,00000251,false,Rx,0,8,D0,5D,8E,00,00,00,00,BB
4930000,00000260,false,Rx,0,8,D0,AE,28,00,00,00,00,A6
4940000,00000018,false,Rx,0,8,45,61,00,00,00,00,00,A6
4940000,0000002C,false,Rx,0,8,E0,B4,CF,00,00,00,00,63
4940000,00000050,false,Rx,0,8,40,01,00,00,00,00,00,41
4940000,000000A6,false,Rx,0,8,07,4F,07,4F,07,4F,07,4F
4940000,00000251,false,Rx,0,8,E0,5F,BC,00,00,00,00,FB
4940000,00000260,false,Rx,0,8,E0,AF,EB,00,00,00,00,7A
4940000,00000316,false,Rx,0,8,40,01,00,00,00,00,00,41
4940000,00000544,false,Rx,0,8,70,00,00,00,00,00,00,00
4950000,00000018,false,Rx,0,8,45,5D,00,00,00,00,00,A2
4950000,0000002C,false,Rx,0,8,F0,B5,BA,00,00,00,00,5F
4950000,00000050,false,Rx,0,8,40,01,00,00,00,00,00,41
4950000,00000251,false,Rx,0,8,F0,60,E8,00,00,00,00,38
4950000,00000260,false,Rx,0,8,F0,B0,E3,00,00,00,00,83
4960000,00000018,false,Rx,0,8,45,59,03,00,00,00,00,A1
4960000,0000002C,false,Rx,0,8,00,B6,51,00,00,00,00,07
4960000,00000050,false,Rx,0,8,40,01,00,00,00,00,00,41
4960000,000000A6,false,Rx,0,8,07,5F,07,5F,07,5F,07,5F
4960000,00000251,false,Rx,0,8,00,62,F9,00,00,00,00,5B
4960000,00000260,false,Rx,0,8,00,B1,E5,00,00,00,00,96
4960000,00000316,false,Rx,0,8,40,01,00,00,00,00,00,41
4960000,00000544,false,Rx,0,8,80,00,00,00,00,00,00,00
4970000,00000018,false,Rx,0,8,45,56,01,00,00,00,00,9C
4970000,0000002C,false,Rx,0,8,10,B7,0F,00,00,00,00,D6
4970000,00000050,false,Rx,0,8,40,01,00,00,00,00,00,41
4970000,00000251,false,Rx,0,8,10,64,A7,00,00,00,00,1B
4970000,00000260,false,Rx,0,8,10,B2,2D,00,00,00,00,EF
4980000,00000018,false,Rx,0,8,45,52,03,00,00,00,00,9A
4980000,0000002C,false,Rx,0,8,20,B7,49,00,00,00,00,20
4980000,00000050,false,Rx,0,8,40,01,00,00,00,00,00,41
4980000,000000A6,false,Rx,0,8,07,6F,07,6F,07,6F,07,6F
4980000,00000251,false,Rx,0,8,20,65,01,00,00,00,00,86
4980000,00000260,false,Rx,0,8,20,B3,FF,00,00,00,00,D2
4980000,00000316,false,Rx,0,8,40,01,00,00,00,00,00,41
4980000,00000544,false,Rx,0,8,90,00,00,00,00,00,00,00
4990000,00000018,false,Rx,0,8,45,4F,01,00,00,00,00,95
4990000,0000002C,false,Rx,0,8,30,B8,E0,00,00,00,00,C8
4990000,00000050,false,Rx,0,8,40,01,00,00,00,00,00,41
4990000,00000251,false,Rx,0,8,30,67,2F,00,00,00,00,C6
4990000,00000260,false,Rx,0,8,30,B4,E4,00,00,00,00,C8
5000000,00000018,false,Rx,0,8,45,4C,00,00,00,00,00,91
5000000,0000002C,false,Rx,0,8,40,B9,11,00,00,00,00,0A
5000000,00000050,false,Rx,0,8,40,01,00,00,00,00,00,41
5000000,000000A6,false,Rx,0,8,07,7F,07,7F,07,7F,07,7F
5000000,00000251,false,Rx,0,8,40,69,EA,00,00,00,00,93
5000000,00000260,false,Rx,0,8,40,B5,A1,00,00,00,00,96
5000000,00000316,false,Rx,0,8,40,01,00,00,00,00,00,41
5000000,00000544,false,Rx,0,8,A0,00,00,00,00,00,00,00
5000000,00000593,false,Rx,0,8,B2,B4,B3,B5,00,00,00,00
5000000,000004F1,false,Rx,0,8,20,00,00,00,00,00,00,20
5010000,00000018,false,Rx,0,8,45,49,02,00,00,00,00,90
5010000,0000002C,false,Rx,0,8,50,B9,40,00,00,00,00,49
5010000,00000050,false,Rx,0,8,40,01,00,00,00,00,00,41
5010000,00000251,false,Rx,0,8,50,6A,B7,00,00,00,00,71
5010000,00000260,false,Rx,0,8,50,B6,3C,00,00,00,00,42
5020000,00000018,false,Rx,0,8,45,46,03,00,00,00,00,8E
5020000,0000002C,false,Rx,0,8,60,BA,22,00,00,00,00,3C
5020000,00000050,false,Rx,0,8,40,01,00,00,00,00,00,41
5020000,000000A6,false,Rx,0,8,07,90,07,90,07,90,07,90
5020000,00000251,false,Rx,0,8,60,6C,20,00,00,00,00,EC
5020000,00000260,false,Rx,0,8,60,B7,FE,00,00,00,00,15
5020000,00000316,false,Rx,0,8,40,01,00,00,00,00,00,41
5020000,00000544,false,Rx,0,8,B0,00,00,00,00,00,00,00
5030000,00000018,false,Rx,0,8,45,43,02,00,00,00,00,8A
5030000,0000002C,false,Rx,0,8,70,BA,78,00,00,00,00,A2
5030000,00000050,false,Rx,0,8,40,01,00,00,00,00,00,41
5030000,00000251,false,Rx,0,8,70,6E,CB,00,00,00,00,A9
5030000,00000260,false,Rx,0,8,70,B8,09,00,00,00,00,31
5040000,00000018,false,Rx,0,8,45,40,01,00,00,00,00,86
5040000,0000002C,false,Rx,0,8,80,BA,BB,00,00,00,00,F5
5040000,00000050,false,Rx,0,8,40,01,00,00,00,00,00,41
5040000,000000A6,false,Rx,0,8,07,A0,07,A0,07,A0,07,A0
5040000,00000251,false,Rx,0,8,80,70,6F,00,00,00,00,5F
5040000,00000260,false,Rx,0,8,80,B8,34,00,00,00,00,6C
5040000,00000316,false,Rx,0,8,40,01,00,00,00,00,00,41
5040000,00000544,false,Rx,0,8,C0,00,00,00,00,00,00,00
5050000,00000018,false,Rx,0,8,45,3D,03,00,00,00,00,85
5050000,0000002C,false,Rx,0,8,90,BB,B9,00,00,00,00,04
5050000,00000050,false,Rx,0,8,40,01,00,00,00,00,00,41
5050000,00000251,false,Rx,0,8,90,72,DB,00,00,00,00,DD
5050000,00000260,false,Rx,0,8,90,B9,CE,00,00,00,00,17
5060000,00000018,false,Rx,0,8,45,3B,02,00,00,00,00,82
5060000,0000002C,false,Rx,0,8,A0,BB,C4,00,00,00,00,1F
5060000,00000050,false,Rx,0,8,40,01,00,00,00,00,00,41
5060000,000000A6,false,Rx,0,8,07,B0,07,B0,07,B0,07,B0
5060000,00000251,false,Rx,0,8,A0,73,6C,00,00,00,00,7F
5060000,00000260,false,Rx,0,8,A0,B9,D3,00,00,00,00,2C
5060000,00000316,false,Rx,0,8,40,01,00,00,00,00,00,41
5060000,00000544,false,Rx,0,8,D0,00,00,00,00,00,00,00
5070000,00000018,false,Rx,0,8,45,39,02,00,00,00,00,80
5070000,0000002C,false,Rx,0,8,B0,BB,10,00,00,00,00,7B
5070000,00000050,false,Rx,0,8,40,01,00,00,00,00,00,41
5070000,00000251,false,Rx,0,8,B0,75,FD,00,00,00,00,22
5070000,00000260,false,Rx,0,8,B0,BA,12,00,00,00,00,7C
5080000,00000018,false,Rx,0,8,45,36,03,00,00,00,00,7E
5080000,0000002C,false,Rx,0,8,C0,BB,4E,00,00,00,00,C9
5080000,00000050,false,Rx,0,8,40,01,00,00,00,00,00,41
5080000,000000A6,false,Rx,0,8,07,C0,07,C0,07,C0,07,C0
5080000,00000251,false,Rx,0,8,C0,77,89,00,00,00,00,C0
5080000,00000260,false,Rx,0,8,C0,BA,00,00,00,00,00,7A
5080000,00000316,false,Rx,0,8,40,01,00,00,00,00,00,41
5080000,00000544,false,Rx,0,8,E0,00,00,00,00,00,00,00
5090000,00000018,false,Rx,0,8,45,34,02,00,00,00,00,7B
5090000,0000002C,false,Rx,0,8,D0,BB,E6,00,00,00,00,71
5090000,00000050,false,Rx,0,8,40,01,00,00,00,00,00,41
5090000,00000251,false,Rx,0,8,D0,79,A5,00,00,00,00,EE
5090000,00000260,false,Rx,0,8,D0,BB,2E,00,00,00,00,B9
5100000,00000018,false,Rx,0,8,45,32,03,00,00,00,00,7A
5100000,0000002C,false,Rx,0,8,E0,BB,BD,00,00,00,00,58
5100000,00000050,false,Rx,0,8,40,01,00,00,00,00,00,41
5100000,000000A6,false,Rx,0,8,07,D0,07,D0,07,D0,07,D0
5100000,00000251,false,Rx,0,8,E0,7B,91,00,00,00,00,EC
5100000,00000260,false,Rx,0,8,E0,BB,9B,00,00,00,00,36
5100000,00000316,false,Rx,0,8,40,01,00,00,00,00,00,41
5100000,00000544,false,Rx,0,8,F0,00,00,00,00,00,00,00
5100000,000004F1,false,Rx,0,8,30,00,00,00,00,00,00,30
5110000,00000018,false,Rx,0,8,45,30,02,00,00,00,00,77
5110000,0000002C,false,Rx,0,8,F0,BB,BE,00,00,00,00,69
5110000,00000050,false,Rx,0,8,40,01,00,00,00,00,00,41
5110000,00000251,false,Rx,0,8,F0,7D,AC,00,00,00,00,19
5110000,00000260,false,Rx,0,8,F0,BB,69,00,00,00,00,14
5120000,00000018,false,Rx,0,8,45,2F,00,00,00,00,00,74
5120000,0000002C,false,Rx,0,8,00,BB,E3,00,00,00,00,9E
5120000,00000050,false,Rx,0,8,40,01,00,00,00,00,00,41
5120000,000000A6,false,Rx,0,8,07,E0,07,E0,07,E0,07,E0
5120000,00000251,false,Rx,0,8,00,7F,42,00,00,00,00,C1
5120000,00000260,false,Rx,0,8,00,BB,E9,00,00,00,00,A4
5120000,00000316,false,Rx,0,8,40,01,00,00,00,00,00,41
5120000,00000544,false,Rx,0,8,00,00,00,00,00,00,00,00
5130000,00000018,false,Rx,0,8,45,2D,03,00,00,00,00,75
5130000,0000002C,false,Rx,0,8,10,BB,27,00,00,00,00,F2
5130000,00000050,false,Rx,0,8,40,01,00,00,00,00,00,41
5130000,00000251,false,Rx,0,8,10,81,F8,00,00,00,00,89
5130000,00000260,false,Rx,0,8,10,BB,AE,00,00,00,00,79
5140000,00000018,false,Rx,0,8,45,2B,00,00,00,00,00,70
5140000,0000002C,false,Rx,0,8,20,BB,46,00,00,00,00,21
5140000,00000050,false,Rx,0,8,40,01,00,00,00,00,00,41
5140000,000000A6,false,Rx,0,8,07,F0,07,F0,07,F0,07,F0
5140000,00000251,false,Rx,0,8,20,82,AF,00,00,00,00,51
5140000,00000260,false,Rx,0,8,20,BB,BA,00,00,00,00,95
5140000,00000316,false,Rx,0,8,40,01,00,00,00,00,00,41
5140000,00000544,false,Rx,0,8,10,00,00,00,00,00,00,00
5150000,00000018,false,Rx,0,8,45,2A,00,00,00,00,00,6F
5150000,0000002C,false,Rx,0,8,30,BB,BB,00,00,00,00,A6
5150000,00000050,false,Rx,0,8,40,01,00,00,00,00,00,41
5150000,00000251,false,Rx,0,8,30,84,18,00,00,00,00,CC
5150000,00000260,false,Rx,0,8,30,BB,1B,00,00,00,00,06
5160000,00000018,false,Rx,0,8,45,29,02,00,00,00,00,70
5160000,0000002C,false,Rx,0,8,40,BA,CB,00,00,00,00,C5
5160000,00000050,false,Rx,0,8,40,01,00,00,00,00,00,41
5160000,000000A6,false,Rx,0,8,07,FF,07,FF,07,FF,07,FF
5160000,00000251,false,Rx,0,8,40,86,17,00,00,00,00,DD
5160000,00000260,false,Rx,0,8,40,BB,72,00,00,00,00,6D
5160000,00000316,false,Rx,0,8,40,01,00,00,00,00,00,41
5160000,00000544,false,Rx,0,8,20,00,00,00,00,00,00,00
5170000,00000018,false,Rx,0,8,45,28,01,00,00,00,00,6E
5170000,0000002C,false,Rx,0,8,50,BA,A0,00,00,00,00,AA
5170000,00000050,false,Rx,0,8,40,01,00,00,00,00,00,41
5170000,00000251,false,Rx,0,8,50,88,32,00,00,00,00,0A
5170000,00000260,false,Rx,0,8,50,BB,E8,00,00,00,00,F3
5180000,00000018,false,Rx,0,8,45,27,00,00,00,00,00,6C
5180000,0000002C,false,Rx,0,8,60,BA,8E,00,00,00,00,A8
5180000,00000050,false,Rx,0,8,40,01,00,00,00,00,00,41
5180000,000000A6,false,Rx,0,8,08,0F,08,0F,08,0F,08,0F
5180000,00000251,false,Rx,0,8,60,8A,EB,00,00,00,00,D5
5180000,00000260,false,Rx,0,8,60,BB,A9,00,00,00,00,C4
5180000,00000316,false,Rx,0,8,40,01,00,00,00,00,00,41
5180000,00000544,false,Rx,0,8,30,00,00,00,00,00,00,00
5190000,00000018,false,Rx,0,8,45,26,00,00,00,00,00,6B
5190000,0000002C,false,Rx,0,8,70,B9,7F,00,00,00,00,A8
5190000,00000050,false,Rx,0,8,40,01,00,00,00,00,00,41
5190000,00000251,false,Rx,0,8,70,8C,08,00,00,00,00,04
5190000,00000260,false,Rx,0,8,70,BB,F2,00,00,00,00,1D
5200000,00000018,false,Rx,0,8,45,25,00,00,00,00,00,6A
5200000,0000002C,false,Rx,0,8,80,B9,3A,00,00,00,00,73
5200000,00000050,false,Rx,0,8,40,01,00,00,00,00,00,41
5200000,000000A6,false,Rx,0,8,08,1F,08,1F,08,1F,08,1F
5200000,00000251,false,Rx,0,8,80,8E,3F,00,00,00,00,4D
5200000,00000260,false,Rx,0,8,80,BB,BA,00,00,00,00,F5
5200000,00000316,false,Rx,0,8,40,01,00,00,00,00,00,41
5200000,00000544,false,Rx,0,8,40,00,00,00,00,00,00,00
5200000,000004F1,false,Rx,0,8,40,00,00,00,00,00,00,40
5210000,00000018,false,Rx,0,8,45,25,01,00,00,00,00,6B
5210000,0000002C,false,Rx,0,8,90,B8,0D,00,00,00,00,55
5210000,00000050,false,Rx,0,8,40,01,00,00,00,00,00,41
5210000,00000251,false,Rx,0,8,90,8F,50,00,00,00,00,6F
5210000,00000260,false,Rx,0,8,90,BA,E7,00,00,00,00,31
5220000,00000018,false,Rx,0,8,45,24,01,00,00,00,00,6A
5220000,0000002C,false,Rx,0,8,A0,B7,5F,00,00,00,00,B6
5220000,00000050,false,Rx,0,8,40,01,00,00,00,00,00,41
5220000,000000A6,false,Rx,0,8,08,2E,08,2E,08,2E,08,2E
5220000,00000251,false,Rx,0,8,A0,91,E1,00,00,00,00,12
5220000,00000260,false,Rx,0,8,A0,BA,3A,00,00,00,00,94
5220000,00000316,false,Rx,0,8,40,01,00,00,00,00,00,41
5220000,00000544,false,Rx,0,8,50,00,00,00,00,00,00,00
5230000,00000018,false,Rx,0,8,45,24,00,00,00,00,00,69
5230000,0000002C,false,Rx,0,8,B0,B7,FF,00,00,00,00,66
5230000,00000050,false,Rx,0,8,40,01,00,00,00,00,00,41
5230000,00000251,false,Rx,0,8,B0,93,E9,00,00,00,00,2C
5230000,00000260,false,Rx,0,8,B0,B9,31,00,00,00,00,9A
5240000,00000018,false,Rx,0,8,45,24,01,00,00,00,00,6A
5240000,0000002C,false,Rx,0,8,C0,B6,C6,00,00,00,00,3C
5240000,00000050,false,Rx,0,8,40,01,00,00,00,00,00,41
5240000,000000A6,false,Rx,0,8,08,3E,08,3E,08,3E,08,3E
5240000,00000251,false,Rx,0,8,C0,95,00,00,00,00,00,55
5240000,00000260,false,Rx,0,8,C0,B9,71,00,00,00,00,EA
5240000,00000316,false,Rx,0,8,40,01,00,00,00,00,00,41
5240000,00000544,false,Rx,0,8,60,00,00,00,00,00,00,00
5250000,00000018,false,Rx,0,8,45,24,01,00,00,00,00,6A
5250000,0000002C,false,Rx,0,8,D0,B5,3C,00,00,00,00,C1
5250000,00000050,false,Rx,0,8,40,01,00,00,00,00,00,41
5250000,00000251,false,Rx,0,8,D0,97,DB,00,00,00,00,42
5250000,00000260,false,Rx,0,8,D0,B8,01,00,00,00,00,89
5260000,00000018,false,Rx,0,8,45,24,01,00,00,00,00,6A
5260000,0000002C,false,Rx,0,8,E0,B4,86,00,00,00,00,1A
5260000,00000050,false,Rx,0,8,40,01,00,00,00,00,00,41
5260000,000000A6,false,Rx,0,8,08,4D,08,4D,08,4D,08,4D
5260000,00000251,false,Rx,0,8,E0,98,67,00,00,00,00,DF
5260000,00000260,false,Rx,0,8,E0,B8,AE,00,00,00,00,46
5260000,00000316,false,Rx,0,8,40,01,00,00,00,00,00,41
5260000,00000544,false,Rx,0,8,70,00,00,00,00,00,00,00
5270000,00000018,false,Rx,0,8,45,24,03,00,00,00,00,6C
5270000,0000002C,false,Rx,0,8,F0,B3,85,00,00,00,00,28
5270000,00000050,false,Rx,0,8,40,01,00,00,00,00,00,41
5270000,00000251,false,Rx,0,8,F0,9A,43,00,00,00,00,CD
5270000,00000260,false,Rx,0,8,F0,B7,B5,00,00,00,00,5C
5280000,00000018,false,Rx,0,8,45,24,00,00,00,00,00,69
5280000,0000002C,false,Rx,0,8,00,B2,E4,00,00,00,00,96
5280000,00000050,false,Rx,0,8,40,01,00,00,00,00,00,41
5280000,000000A6,false,Rx,0,8,08,5C,08,5C,08,5C,08,5C
5280000,00000251,false,Rx,0,8,00,9C,9A,00,00,00,00,36
5280000,00000260,false,Rx,0,8,00,B6,95,00,00,00,00,4B
5280000,00000316,false,Rx,0,8,40,01,00,00,00,00,00,41
5280000,00000544,false,Rx,0,8,80,00,00,00,00,00,00,00
5290000,00000018,false,Rx,0,8,45,25,01,00,00,00,00,6B
5290000,0000002C,false,Rx,0,8,10,B1,6D,00,00,00,00,2E
5290000,00000050,false,Rx,0,8,40,01,00,00,00,00,00,41
5290000,00000251,false,Rx,0,8,10,9D,51,00,00,00,00,FE
5290000,00000260,false,Rx,0,8,10,B6,BF,00,00,00,00,85
5300000,00000018,false,Rx,0,8,45,25,03,00,00,00,00,6D
5300000,0000002C,false,Rx,0,8,20,B0,92,00,00,00,00,62
5300000,00000050,false,Rx,0,8,40,01,00,00,00,00,00,41
5300000,000000A6,false,Rx,0,8,08,6B,08,6B,08,6B,08,6B
5300000,00000251,false,Rx,0,8,20,9F,8C,00,00,00,00,4B
5300000,00000260,false,Rx,0,8,20,B5,36,00,00,00,00,0B
5300000,00000316,false,Rx,0,8,40,01,00,00,00,00,00,41
5300000,00000544,false,Rx,0,8,90,00,00,00,00,00,00,00
5300000,000004F1,false,Rx,0,8,50,00,00,00,00,00,00,50
5310000,00000018,false,Rx,0,8,45,26,02,00,00,00,00,6D
5310000,0000002C,false,Rx,0,8,30,AF,FB,00,00,00,00,DA
5310000,00000050,false,Rx,0,8,40,01,00,00,00,00,00,41
5310000,00000251,false,Rx,0,8,30,A1,2F,00,00,00,00,00
5310000,00000260,false,Rx,0,8,30,B4,17,00,00,00,00,FB
5320000,00000018,false,Rx,0,8,45,27,02,00,00,00,00,6E
5320000,0000002C,false,Rx,0,8,40,AE,66,00,00,00,00,54
5320000,00000050,false,Rx,0,8,40,01,00,00,00,00,00,41
5320000,000000A6,false,Rx,0,8,08,7A,08,7A,08,7A,08,7A
5320000,00000251,false,Rx,0,8,40,A2,B8,00,00,00,00,9A
5320000,00000260,false,Rx,0,8,40,B3,54,00,00,00,00,47
5320000,00000316,false,Rx,0,8,40,01,00,00,00,00,00,41
5320000,00000544,false,Rx,0,8,A0,00,00,00,00,00,00,00
5330000,00000018,false,Rx,0,8,45,28,01,00,00,00,00,6E
5330000,0000002C,false,Rx,0,8,50,AC,3E,00,00,00,00,3A
5330000,00000050,false,Rx,0,8,40,01,00,00,00,00,00,41
5330000,00000251,false,Rx,0,8,50,A4,80,00,00,00,00,74
5330000,00000260,false,Rx,0,8,50,B2,FC,00,00,00,00,FE
5340000,00000018,false,Rx,0,8,45,29,00,00,00,00,00,6E
5340000,0000002C,false,Rx,0,8,60,AB,45,00,00,00,00,50
5340000,00000050,false,Rx,0,8,40,01,00,00,00,00,00,41
5340000,000000A6,false,Rx,0,8,08,89,08,89,08,89,08,89
5340000,00000251,false,Rx,0,8,60,A5,2A,00,00,00,00,2F
5340000,00000260,false,Rx,0,8,60,B1,47,00,00,00,00,58
5340000,00000316,false,Rx,0,8,40,01,00,00,00,00,00,41
5340000,00000544,false,Rx,0,8,B0,00,00,00,00,00,00,00
5350000,00000018,false,Rx,0,8,45,2A,01,00,00,00,00,70
5350000,0000002C,false,Rx,0,8,70,AA,25,00,00,00,00,3F
5350000,00000050,false,Rx,0,8,40,01,00,00,00,00,00,41
5350000,00000251,false,Rx,0,8,70,A7,BE,00,00,00,00,D5
5350000,00000260,false,Rx,0,8,70,B0,D1,00,00,00,00,F1
5360000,00000018,false,Rx,0,8,45,2B,02,00,00,00,00,72
5360000,0000002C,false,Rx,0,8,80,A8,E7,00,00,00,00,0F
5360000,00000050,false,Rx,0,8,40,01,00,00,00,00,00,41
5360000,000000A6,false,Rx,0,8,08,97,08,97,08,97,08,97
5360000,00000251,false,Rx,0,8,80,A8,54,00,00,00,00,7C
5360000,00000260,false,Rx,0,8,80,AF,36,00,00,00,00,65
5360000,00000316,false,Rx,0,8,40,01,00,00,00,00,00,41
5360000,00000544,false,Rx,0,8,C0,00,00,00,00,00,00,00
5370000,00000018,false,Rx,0,8,45,2D,00,00,00,00,00,72
5370000,0000002C,false,Rx,0,8,90,A7,58,00,00,00,00,8F
5370000,00000050,false,Rx,0,8,40,01,00,00,00,00,00,41
5370000,00000251,false,Rx,0,8,90,A9,1A,00,00,00,00,53
5370000,00000260,false,Rx,0,8,90,AD,82,00,00,00,00,BF
5380000,00000018,false,Rx,0,8,45,2F,00,00,00,00,00,74
5380000,0000002C,false,Rx,0,8,A0,A6,E3,00,00,00,00,29
5380000,00000050,false,Rx,0,8,40,01,00,00,00,00,00,41
5380000,000000A6,false,Rx,0,8,08,A6,08,A6,08,A6,08,A6
5380000,00000251,false,Rx,0,8,A0,AB,CA,00,00,00,00,15
5380000,00000260,false,Rx,0,8,A0,AC,64,00,00,00,00,B0
5380000,00000316,false,Rx,0,8,40,01,00,00,00,00,00,41
5380000,00000544,false,Rx,0,8,D0,00,00,00,00,00,00,00
5390000,00000018,false,Rx,0,8,45,30,02,00,00,00,00,77
5390000,0000002C,false,Rx,0,8,B0,A4,2C,00,00,00,00,80
5390000,00000050,false,Rx,0,8,40,01,00,00,00,00,00,41
5390000,00000251,false,Rx,0,8,B0,AC,9C,00,00,00,00,F8
5390000,00000260,false,Rx,0,8,B0,AB,60,00,00,00,00,BB
5400000,00000018,false,Rx,0,8,45,32,03,00,00,00,00,7A
5400000,0000002C,false,Rx,0,8,C0,A3,A3,00,00,00,00,06
5400000,00000050,false,Rx,0,8,40,01,00,00,00,00,00,41
5400000,000000A6,false,Rx,0,8,08,B4,08,B4,08,B4,08,B4
5400000,00000251,false,Rx,0,8,C0,AD,77,00,00,00,00,E4
5400000,00000260,false,Rx,0,8,C0,A9,3D,00,00,00,00,A6
5400000,00000316,false,Rx,0,8,40,01,00,00,00,00,00,41
5400000,00000544,false,Rx,0,8,E0,00,00,00,00,00,00,00
5400000,000004F1,false,Rx,0,8,60,00,00,00,00,00,00,60
5410000,00000018,false,Rx,0,8,45,34,03,00,00,00,00,7C
5410000,0000002C,false,Rx,0,8,D0,A1,B1,00,00,00,00,22
5410000,00000050,false,Rx,0,8,40,01,00,00,00,00,00,41
5410000,00000251,false,Rx,0,8,D0,AE,DB,00,00,00,00,59
5410000,00000260,false,Rx,0,8,D0,A8,C9,00,00,00,00,41
5420000,00000018,false,Rx,0,8,45,36,01,00,00,00,00,7C
5420000,0000002C,false,Rx,0,8,E0,A0,21,00,00,00,00,A1
5420000,00000050,false,Rx,0,8,40,01,00,00,00,00,00,41
5420000,000000A6,false,Rx,0,8,08,C2,08,C2,08,C2,08,C2
5420000,00000251,false,Rx,0,8,E0,B0,2E,00,00,00,00,BE
5420000,00000260,false,Rx,0,8,E0,A7,6E,00,00,00,00,F5
5420000,00000316,false,Rx,0,8,40,01,00,00,00,00,00,41
5420000,00000544,false,Rx,0,8,F0,00,00,00,00,00,00,00
5430000,00000018,false,Rx,0,8,45,39,00,00,00,00,00,7E
5430000,0000002C,false,Rx,0,8,F0,9E,94,00,00,00,00,22
5430000,00000050,false,Rx,0,8,40,01,00,00,00,00,00,41
5430000,00000251,false,Rx,0,8,F0,B1,30,00,00,00,00,D1
5430000,00000260,false,Rx,0,8,F0,A5,EA,00,00,00,00,7F
5440000,00000018,false,Rx,0,8,45,3B,01,00,00,00,00,81
5440000,0000002C,false,Rx,0,8,00,9C,99,00,00,00,00,35
5440000,00000050,false,Rx,0,8,40,01,00,00,00,00,00,41
5440000,000000A6,false,Rx,0,8,08,D0,08,D0,08,D0,08,D0
5440000,00000251,false,Rx,0,8,00,B2,00,00,00,00,00,B2
5440000,00000260,false,Rx,0,8,00,A4,61,00,00,00,00,05
5440000,00000316,false,Rx,0,8,40,01,00,00,00,00,00,41
5440000,00000544,false,Rx,0,8,00,00,00,00,00,00,00,00
5450000,00000018,false,Rx,0,8,45,3D,00,00,00,00,00,82
5450000,0000002C,false,Rx,0,8,10,9B,50,00,00,00,00,FB
5450000,00000050,false,Rx,0,8,40,01,00,00,00,00,00,41
5450000,00000251,false,Rx,0,8,10,B3,6D,00,00,00,00,30
5450000,00000260,false,Rx,0,8,10,A2,AD,00,00,00,00,5F
5460000,00000018,false,Rx,0,8,45,40,02,00,00,00,00,87
5460000,0000002C,false,Rx,0,8,20,99,59,00,00,00,00,12
5460000,00000050,false,Rx,0,8,40,01,00,00,00,00,00,41
5460000,000000A6,false,Rx,0,8,08,DD,08,DD,08,DD,08,DD
5460000,00000251,false,Rx,0,8,20,B4,F4,00,00,00,00,C8
5460000,00000260,false,Rx,0,8,20,A1,37,00,00,00,00,F8
5460000,00000316,false,Rx,0,8,40,01,00,00,00,00,00,41
5460000,00000544,false,Rx,0,8,10,00,00,00,00,00,00,00
5470000,00000018,false,Rx,0,8,45,43,00,00,00,00,00,88
5470000,0000002C,false,Rx,0,8,30,97,B9,00,00,00,00,80
5470000,00000050,false,Rx,0,8,40,01,00,00,00,00,00,41
5470000,00000251,false,Rx,0,8,30,B5,27,00,00,00,00,0C
5470000,00000260,false,Rx,0,8,30,9F,D4,00,00,00,00,A3
5480000,00000018,false,Rx,0,8,45,46,00,00,00,00,00,8B
5480000,0000002C,false,Rx,0,8,40,95,72,00,00,00,00,47
5480000,00000050,false,Rx,0,8,40,01,00,00,00,00,00,41
5480000,000000A6,false,Rx,0,8,08,EB,08,EB,08,EB,08,EB
5480000,00000251,false,Rx,0,8,40,B5,43,00,00,00,00,38
5480000,00000260,false,Rx,0,8,40,9E,17,00,00,00,00,F5
5480000,00000316,false,Rx,0,8,40,01,00,00,00,00,00,41
5480000,00000544,false,Rx,0,8,20,00,00,00,00,00,00,00
5490000,00000018,false,Rx,0,8,45,49,02,00,00,00,00,90
5490000,0000002C,false,Rx,0,8,50,94,3E,00,00,00,00,22
5490000,00000050,false,Rx,0,8,40,01,00,00,00,00,00,41
5490000,00000251,false,Rx,0,8,50,B6,73,00,00,00,00,79
5490000,00000260,false,Rx,0,8,50,9C,3F,00,00,00,00,2B
5500000,00000018,false,Rx,0,8,45,4C,03,00,00,00,00,94
5500000,0000002C,false,Rx,0,8,60,92,66,00,00,00,00,58
5500000,00000050,false,Rx,0,8,40,01,00,00,00,00,00,41
5500000,000000A6,false,Rx,0,8,08,F8,08,F8,08,F8,08,F8
5500000,00000251,false,Rx,0,8,60,B7,E3,00,00,00,00,FA
5500000,00000260,false,Rx,0,8,60,9A,E6,00,00,00,00,E0
5500000,00000316,false,Rx,0,8,40,01,00,00,00,00,00,41
5500000,00000544,false,Rx,0,8,30,00,00,00,00,00,00,00
5500000,000004F1,false,Rx,0,8,70,00,00,00,00,00,00,70
5510000,00000018,false,Rx,0,8,45,4F,02,00,00,00,00,96
5510000,0000002C,false,Rx,0,8,70,90,47,00,00,00,00,47
5510000,00000050,false,Rx,0,8,40,01,00,00,00,00,00,41
5510000,00000251,false,Rx,0,8,70,B8,04,00,00,00,00,2C
5510000,00000260,false,Rx,0,8,70,98,EA,00,00,00,00,F2
5520000,00000018,false,Rx,0,8,45,52,00,00,00,00,00,97
5520000,0000002C,false,Rx,0,8,80,8E,79,00,00,00,00,87
5520000,00000050,false,Rx,0,8,40,01,00,00,00,00,00,41
5520000,000000A6,false,Rx,0,8,09,05,09,05,09,05,09,05
5520000,00000251,false,Rx,0,8,80,B8,04,00,00,00,00,3C
5520000,00000260,false,Rx,0,8,80,97,44,00,00,00,00,5B
5520000,00000316,false,Rx,0,8,40,01,00,00,00,00,00,41
5520000,00000544,false,Rx,0,8,40,00,00,00,00,00,00,00
5530000,00000018,false,Rx,0,8,45,56,02,00,00,00,00,9D
5530000,0000002C,false,Rx,0,8,90,8C,FC,00,00,00,00,18
5530000,00000050,false,Rx,0,8,40,01,00,00,00,00,00,41
5530000,00000251,false,Rx,0,8,90,B9,AF,00,00,00,00,F8
5530000,00000260,false,Rx,0,8,90,95,FF,00,00,00,00,24
5540000,00000018,false,Rx,0,8,45,59,00,00,00,00,00,9E
5540000,0000002C,false,Rx,0,8,A0,8B,0D,00,00,00,00,38
5540000,00000050,false,Rx,0,8,40,01,00,00,00,00,00,41
5540000,000000A6,false,Rx,0,8,09,11,09,11,09,11,09,11
5540000,00000251,false,Rx,0,8,A0,B9,3D,00,00,00,00,96
5540000,00000260,false,Rx,0,8,A0,93,02,00,00,00,00,35
5540000,00000316,false,Rx,0,8,40,01,00,00,00,00,00,41
5540000,00000544,false,Rx,0,8,50,00,00,00,00,00,00,00
5550000,00000018,false,Rx,0,8,45,5D,03,00,00,00,00,A5
5550000,0000002C,false,Rx,0,8,B0,89,B8,00,00,00,00,F1
5550000,00000050,false,Rx,0,8,40,01,00,00,00,00,00,41
5550000,00000251,false,Rx,0,8,B0,BA,D8,00,00,00,00,42
5550000,00000260,false,Rx,0,8,B0,91,18,00,00,00,00,59
5560000,00000018,false,Rx,0,8,45,61,03,00,00,00,00,A9
5560000,0000002C,false,Rx,0,8,C0,87,BC,00,00,00,00,03
5560000,00000050,false,Rx,0,8,40,01,00,00,00,00,00,41
5560000,000000A6,false,Rx,0,8,09,1E,09,1E,09,1E,09,1E
5560000,00000251,false,Rx,0,8,C0,BA,43,00,00,00,00,BD
5560000,00000260,false,Rx,0,8,C0,90,DD,00,00,00,00,2D
5560000,00000316,false,Rx,0,8,40,01,00,00,00,00,00,41
5560000,00000544,false,Rx,0,8,60,00,00,00,00,00,00,00
5570000,00000018,false,Rx,0,8,45,64,00,00,00,00,00,A9
5570000,0000002C,false,Rx,0,8,D0,85,EF,00,00,00,00,44
5570000,00000050,false,Rx,0,8,40,01,00,00,00,00,00,41
5570000,00000251,false,Rx,0,8,D0,BB,F4,00,00,00,00,7F
5570000,00000260,false,Rx,0,8,D0,8E,F7,00,00,00,00,55
5580000,00000018,false,Rx,0,8,45,68,03,00,00,00,00,B0
5580000,0000002C,false,Rx,0,8,E0,83,42,00,00,00,00,A5
5580000,00000050,false,Rx,0,8,40,01,00,00,00,00,00,41
5580000,000000A6,false,Rx,0,8,09,2A,09,2A,09,2A,09,2A
5580000,00000251,false,Rx,0,8,E0,BB,24,00,00,00,00,BF
5580000,00000260,false,Rx,0,8,E0,8C,5A,00,00,00,00,C6
5580000,00000316,false,Rx,0,8,40,01,00,00,00,00,00,41
5580000,00000544,false,Rx,0,8,70,00,00,00,00,00,00,00
5590000,00000018,false,Rx,0,8,45,6C,02,00,00,00,00,B3
5590000,0000002C,false,Rx,0,8,F0,81,2C,00,00,00,00,9D
5590000,00000050,false,Rx,0,8,40,01,00,00,00,00,00,41
5590000,00000251,false,Rx,0,8,F0,BB,75,00,00,00,00,20
5590000,00000260,false,Rx,0,8,F0,8A,58,00,00,00,00,D2
5600000,00000018,false,Rx,0,8,45,71,03,00,00,00,00,B9
5600000,0000002C,false,Rx,0,8,00,7F,21,00,00,00,00,A0
5600000,00000050,false,Rx,0,8,40,01,00,00,00,00,00,41
5600000,000000A6,false,Rx,0,8,09,36,09,36,09,36,09,36
5600000,00000251,false,Rx,0,8,00,BB,C4,00,00,00,00,7F
5600000,00000260,false,Rx,0,8,00,88,41,00,00,00,00,C9
5600000,00000316,false,Rx,0,8,40,01,00,00,00,00,00,41
5600000,00000544,false,Rx,0,8,80,00,00,00,00,00,00,00
5600000,000004F1,false,Rx,0,8,80,00,00,00,00,00,00,80
5610000,00000018,false,Rx,0,8,45,75,01,00,00,00,00,BB
5610000,0000002C,false,Rx,0,8,10,7E,9E,00,00,00,00,2C
5610000,00000050,false,Rx,0,8,40,01,00,00,00,00,00,41
5610000,00000251,false,Rx,0,8,10,BB,2D,00,00,00,00,F8
5610000,00000260,false,Rx,0,8,10,86,35,00,00,00,00,CB
5620000,00000018,false,Rx,0,8,45,79,03,00,00,00,00,C1
5620000,0000002C,false,Rx,0,8,20,7C,CB,00,00,00,00,67
5620000,00000050,false,Rx,0,8,40,01,00,00,00,00,00,41
5620000,000000A6,false,Rx,0,8,09,41,09,41,09,41,09,41
5620000,00000251,false,Rx,0,8,20,BB,34,00,00,00,00,0F
5620000,00000260,false,Rx,0,8,20,85,C6,00,00,00,00,6B
5620000,00000316,false,Rx,0,8,40,01,00,00,00,00,00,41
5620000,00000544,false,Rx,0,8,90,00,00,00,00,00,00,00
5630000,00000018,false,Rx,0,8,45,7E,01,00,00,00,00,C4
5630000,0000002C,false,Rx,0,8,30,7A,F5,00,00,00,00,9F
5630000,00000050,false,Rx,0,8,40,01,00,00,00,00,00,41
5630000,00000251,false,Rx,0,8,30,BB,34,00,00,00,00,1F
5630000,00000260,false,Rx,0,8,30,83,A4,00,00,00,00,57
5640000,00000018,false,Rx,0,8,45,82,02,00,00,00,00,C9
5640000,0000002C,false,Rx,0,8,40,78,D2,00,00,00,00,8A
5640000,00000050,false,Rx,0,8,40,01,00,00,00,00,00,41
5640000,000000A6,false,Rx,0,8,09,4C,09,4C,09,4C,09,4C
5640000,00000251,false,Rx,0,8,40,BB,A0,00,00,00,00,9B
5640000,00000260,false,Rx,0,8,40,81,C4,00,00,00,00,85
5640000,00000316,false,Rx,0,8,40,01,00,00,00,00,00,41
5640000,00000544,false,Rx,0,8,A0,00,00,00,00,00,00,00
5650000,00000018,false,Rx,0,8,45,87,03,00,00,00,00,CF
5650000,0000002C,false,Rx,0,8,50,76,D1,00,00,00,00,97
5650000,00000050,false,Rx,0,8,40,01,00,00,00,00,00,41
5650000,00000251,false,Rx,0,8,50,BB,BC,00,00,00,00,C7
5650000,00000260,false,Rx,0,8,50,7F,D6,00,00,00,00,A5
5660000,00000018,false,Rx,0,8,45,8B,03,00,00,00,00,D3
5660000,0000002C,false,Rx,0,8,60,74,25,00,00,00,00,F9
5660000,00000050,false,Rx,0,8,40,01,00,00,00,00,00,41
5660000,000000A6,false,Rx,0,8,09,58,09,58,09,58,09,58
5660000,00000251,false,Rx,0,8,60,BB,99,00,00,00,00,B4
5660000,00000260,false,Rx,0,8,60,7D,7F,00,00,00,00,5C
5660000,00000316,false,Rx,0,8,40,01,00,00,00,00,00,41
5660000,00000544,false,Rx,0,8,B0,00,00,00,00,00,00,00
5670000,00000018,false,Rx,0,8,45,90,03,00,00,00,00,D8
5670000,0000002C,false,Rx,0,8,70,72,40,00,00,00,00,22
5670000,00000050,false,Rx,0,8,40,01,00,00,00,00,00,41
5670000,00000251,false,Rx,0,8,70,BB,46,00,00,00,00,71
5670000,00000260,false,Rx,0,8,70,7B,8C,00,00,00,00,77
5680000,00000018,false,Rx,0,8,45,95,02,00,00,00,00,DC
5680000,0000002C,false,Rx,0,8,80,70,A2,00,00,00,00,92
5680000,00000050,false,Rx,0,8,40,01,00,00,00,00,00,41
5680000,000000A6,false,Rx,0,8,09,62,09,62,09,62,09,62
5680000,00000251,false,Rx,0,8,80,BB,C3,00,00,00,00,FE
5680000,00000260,false,Rx,0,8,80,79,CB,00,00,00,00,C4
5680000,00000316,false,Rx,0,8,40,01,00,00,00,00,00,41
5680000,00000544,false,Rx,0,8,C0,00,00,00,00,00,00,00
5690000,00000018,false,Rx,0,8,45,9A,02,00,00,00,00,E1
5690000,0000002C,false,Rx,0,8,90,6F,25,00,00,00,00,24
5690000,00000050,false,Rx,0,8,40,01,00,00,00,00,00,41
5690000,00000251,false,Rx,0,8,90,BA,44,00,00,00,00,8E
5690000,00000260,false,Rx,0,8,90,77,AF,00,00,00,00,B6
5700000,00000018,false,Rx,0,8,45,9F,01,00,00,00,00,E5
5700000,0000002C,false,Rx,0,8,A0,6D,E6,00,00,00,00,F3
5700000,00000050,false,Rx,0,8,40,01,00,00,00,00,00,41
5700000,000000A6,false,Rx,0,8,09,6D,09,6D,09,6D,09,6D
5700000,00000251,false,Rx,0,8,A0,BA,49,00,00,00,00,A3
5700000,00000260,false,Rx,0,8,A0,76,96,00,00,00,00,AC
5700000,00000316,false,Rx,0,8,40,01,00,00,00,00,00,41
5700000,00000544,false,Rx,0,8,D0,00,00,00,00,00,00,00
5700000,000004F1,false,Rx,0,8,90,00,00,00,00,00,00,90
5710000,00000018,false,Rx,0,8,45,A4,00,00,00,00,00,E9
5710000,0000002C,false,Rx,0,8,B0,6B,EE,00,00,00,00,09
5710000,00000050,false,Rx,0,8,40,01,00,00,00,00,00,41
5710000,00000251,false,Rx,0,8,B0,B9,23,00,00,00,00,8C
5710000,00000260,false,Rx,0,8,B0,74,E7,00,00,00,00,0B
5720000,00000018,false,Rx,0,8,45,A9,02,00,00,00,00,F0
5720000,0000002C,false,Rx,0,8,C0,69,B0,00,00,00,00,D9
5720000,00000050,false,Rx,0,8,40,01,00,00,00,00,00,41
5720000,000000A6,false,Rx,0,8,09,77,09,77,09,77,09,77
5720000,00000251,false,Rx,0,8,C0,B9,04,00,00,00,00,7D
5720000,00000260,false,Rx,0,8,C0,72,44,00,00,00,00,76
5720000,00000316,false,Rx,0,8,40,01,00,00,00,00,00,41
5720000,00000544,false,Rx,0,8,E0,00,00,00,00,00,00,00
5730000,00000018,false,Rx,0,8,45,AF,03,00,00,00,00,F7
5730000,0000002C,false,Rx,0,8,D0,68,41,00,00,00,00,79
5730000,00000050,false,Rx,0,8,40,01,00,00,00,00,00,41
5730000,00000251,false,Rx,0,8,D0,B8,54,00,00,00,00,DC
5730000,00000260,false,Rx,0,8,D0,70,46,00,00,00,00,86
5740000,00000018,false,Rx,0,8,45,B4,01,00,00,00,00,FA
5740000,0000002C,false,Rx,0,8,E0,66,5D,00,00,00,00,A3
5740000,00000050,false,Rx,0,8,40,01,00,00,00,00,00,41
5740000,000000A6,false,Rx,0,8,09,81,09,81,09,81,09,81
5740000,00000251,false,Rx,0,8,E0,B8,E1,00,00,00,00,79
5740000,00000260,false,Rx,0,8,E0,6E,D3,00,00,00,00,21
5740000,00000316,false,Rx,0,8,40,01,00,00,00,00,00,41
5740000,00000544,false,Rx,0,8,F0,00,00,00,00,00,00,00
5750000,00000018,false,Rx,0,8,45,BA,03,00,00,00,00,02
5750000,0000002C,false,Rx,0,8,F0,64,42,00,00,00,00,96
5750000,00000050,false,Rx,0,8,40,01,00,00,00,00,00,41
5750000,00000251,false,Rx,0,8,F0,B7,B3,00,00,00,00,5A
5750000,00000260,false,Rx,0,8,F0,6C,99,00,00,00,00,F5
5760000,00000018,false,Rx,0,8,45,BF,03,00,00,00,00,07
5760000,0000002C,false,Rx,0,8,00,63,DD,00,00,00,00,40
5760000,00000050,false,Rx,0,8,40,01,00,00,00,00,00,41
5760000,000000A6,false,Rx,0,8,09,8A,09,8A,09,8A,09,8A
5760000,00000251,false,Rx,0,8,00,B6,6D,00,00,00,00,23
5760000,00000260,false,Rx,0,8,00,6B,A0,00,00,00,00,0B
5760000,00000316,false,Rx,0,8,40,01,00,00,00,00,00,41
5760000,00000544,false,Rx,0,8,00,00,00,00,00,00,00,00
5770000,00000018,false,Rx,0,8,45,C5,02,00,00,00,00,0C
5770000,0000002C,false,Rx,0,8,10,61,1C,00,00,00,00,8D
5770000,00000050,false,Rx,0,8,40,01,00,00,00,00,00,41
5770000,00000251,false,Rx,0,8,10,B5,4D,00,00,00,00,12
5770000,00000260,false,Rx,0,8,10,69,6F,00,00,00,00,E8
5780000,00000018,false,Rx,0,8,45,CA,00,00,00,00,00,0F
5780000,0000002C,false,Rx,0,8,20,5F,3F,00,00,00,00,BE
5780000,00000050,false,Rx,0,8,40,01,00,00,00,00,00,41
5780000,000000A6,false,Rx,0,8,09,93,09,93,09,93,09,93
5780000,00000251,false,Rx,0,8,20,B4,D2,00,00,00,00,A6
5780000,00000260,false,Rx,0,8,20,67,66,00,00,00,00,ED
5780000,00000316,false,Rx,0,8,40,01,00,00,00,00,00,41
5780000,00000544,false,Rx,0,8,10,00,00,00,00,00,00,00
5790000,00000018,false,Rx,0,8,45,D0,03,00,00,00,00,18
5790000,0000002C,false,Rx,0,8,30,5E,4E,00,00,00,00,DC
5790000,00000050,false,Rx,0,8,40,01,00,00,00,00,00,41
5790000,00000251,false,Rx,0,8,30,B4,E2,00,00,00,00,C6
5790000,00000260,false,Rx,0,8,30,65,6B,00,00,00,00,00
5800000,00000018,false,Rx,0,8,45,D5,02,00,00,00,00,1C
5800000,0000002C,false,Rx,0,8,40,5C,9B,00,00,00,00,37
5800000,00000050,false,Rx,0,8,40,01,00,00,00,00,00,41
5800000,000000A6,false,Rx,0,8,09,9C,09,9C,09,9C,09,9C
5800000,00000251,false,Rx,0,8,40,B3,6F,00,00,00,00,62
5800000,00000260,false,Rx,0,8,40,64,94,00,00,00,00,38
5800000,00000316,false,Rx,0,8,40,01,00,00,00,00,00,41
5800000,00000544,false,Rx,0,8,20,00,00,00,00,00,00,00
5800000,000004F1,false,Rx,0,8,A0,00,00,00,00,00,00,A0
5810000,00000018,false,Rx,0,8,45,DB,01,00,00,00,00,21
5810000,0000002C,false,Rx,0,8,50,5B,54,00,00,00,00,FF
5810000,00000050,false,Rx,0,8,40,01,00,00,00,00,00,41
5810000,00000251,false,Rx,0,8,50,B2,2C,00,00,00,00,2E
5810000,00000260,false,Rx,0,8,50,62,B0,00,00,00,00,62
5820000,00000018,false,Rx,0,8,45,E1,03,00,00,00,00,29
5820000,0000002C,false,Rx,0,8,60,59,52,00,00,00,00,0B
5820000,00000050,false,Rx,0,8,40,01,00,00,00,00,00,41
5820000,000000A6,false,Rx,0,8,09,A4,09,A4,09,A4,09,A4
5820000,00000251,false,Rx,0,8,60,B1,33,00,00,00,00,44
5820000,00000260,false,Rx,0,8,60,60,43,00,00,00,00,03
5820000,00000316,false,Rx,0,8,40,01,00,00,00,00,00,41
5820000,00000544,false,Rx,0,8,30,00,00,00,00,00,00,00
5830000,00000018,false,Rx,0,8,45,E7,01,00,00,00,00,2D
5830000,0000002C,false,Rx,0,8,70,58,A5,00,00,00,00,6D
5830000,00000050,false,Rx,0,8,40,01,00,00,00,00,00,41
5830000,00000251,false,Rx,0,8,70,AF,47,00,00,00,00,66
5830000,00000260,false,Rx,0,8,70,5F,5B,00,00,00,00,2A
5840000,00000018,false,Rx,0,8,45,ED,02,00,00,00,00,34
5840000,0000002C,false,Rx,0,8,80,56,73,00,00,00,00,49
5840000,00000050,false,Rx,0,8,40,01,00,00,00,00,00,41
5840000,000000A6,false,Rx,0,8,09,AC,09,AC,09,AC,09,AC
5840000,00000251,false,Rx,0,8,80,AE,3F,00,00,00,00,6D
5840000,00000260,false,Rx,0,8,80,5D,A5,00,00,00,00,82
5840000,00000316,false,Rx,0,8,40,01,00,00,00,00,00,41
5840000,00000544,false,Rx,0,8,40,00,00,00,00,00,00,00
5850000,00000018,false,Rx,0,8,45,F3,02,00,00,00,00,3A
5850000,0000002C,false,Rx,0,8,90,55,B1,00,00,00,00,96
5850000,00000050,false,Rx,0,8,40,01,00,00,00,00,00,41
5850000,00000251,false,Rx,0,8,90,AD,C4,00,00,00,00,01
5850000,00000260,false,Rx,0,8,90,5C,3B,00,00,00,00,27
5860000,00000018,false,Rx,0,8,45,F9,02,00,00,00,00,40
5860000,0000002C,false,Rx,0,8,A0,54,91,00,00,00,00,85
5860000,00000050,false,Rx,0,8,40,01,00,00,00,00,00,41
5860000,000000A6,false,Rx,0,8,09,B4,09,B4,09,B4,09,B4
5860000,00000251,false,Rx,0,8,A0,AC,B3,00,00,00,00,FF
5860000,00000260,false,Rx,0,8,A0,5A,B4,00,00,00,00,AE
5860000,00000316,false,Rx,0,8,40,01,00,00,00,00,00,41
5860000,00000544,false,Rx,0,8,50,00,00,00,00,00,00,00
5870000,00000018,false,Rx,0,8,45,FF,02,00,00,00,00,46
5870000,0000002C,false,Rx,0,8,B0,52,28,00,00,00,00,2A
5870000,00000050,false,Rx,0,8,40,01,00,00,00,00,00,41
5870000,00000251,false,Rx,0,8,B0,AA,DB,00,00,00,00,35
5870000,00000260,false,Rx,0,8,B0,59,F5,00,00,00,00,FE
5880000,00000018,false,Rx,0,8,46,05,02,00,00,00,00,4D
5880000,0000002C,false,Rx,0,8,C0,51,80,00,00,00,00,91
5880000,00000050,false,Rx,0,8,40,01,00,00,00,00,00,41
5880000,000000A6,false,Rx,0,8,09,BC,09,BC,09,BC,09,BC
5880000,00000251,false,Rx,0,8,C0,A9,A1,00,00,00,00,0A
5880000,00000260,false,Rx,0,8,C0,57,D5,00,00,00,00,EC
5880000,00000316,false,Rx,0,8,40,01,00,00,00,00,00,41
5880000,00000544,false,Rx,0,8,60,00,00,00,00,00,00,00
5890000,00000018,false,Rx,0,8,46,0B,00,00,00,00,00,51
5890000,0000002C,false,Rx,0,8,D0,50,64,00,00,00,00,84
5890000,00000050,false,Rx,0,8,40,01,00,00,00,00,00,41
5890000,00000251,false,Rx,0,8,D0,A8,47,00,00,00,00,BF
5890000,00000260,false,Rx,0,8,D0,56,92,00,00,00,00,B8
5900000,00000018,false,Rx,0,8,46,11,01,00,00,00,00,58
5900000,0000002C,false,Rx,0,8,E0,4F,8C,00,00,00,00,BB
5900000,00000050,false,Rx,0,8,40,01,00,00,00,00,00,41
5900000,000000A6,false,Rx,0,8,09,C3,09,C3,09,C3,09,C3
5900000,00000251,false,Rx,0,8,E0,A6,7E,00,00,00,00,04
5900000,00000260,false,Rx,0,8,E0,55,D8,00,00,00,00,0D
5900000,00000316,false,Rx,0,8,40,01,00,00,00,00,00,41
5900000,00000544,false,Rx,0,8,70,00,00,00,00,00,00,00
5900000,000004F1,false,Rx,0,8,B0,00,00,00,00,00,00,B0
5910000,00000018,false,Rx,0,8,46,17,00,00,00,00,00,5D
5910000,0000002C,false,Rx,0,8,F0,4E,40,00,00,00,00,7E
5910000,00000050,false,Rx,0,8,40,01,00,00,00,00,00,41
5910000,00000251,false,Rx,0,8,F0,A5,8D,00,00,00,00,22
5910000,00000260,false,Rx,0,8,F0,53,06,00,00,00,00,49
5920000,00000018,false,Rx,0,8,46,1D,01,00,00,00,00,64
5920000,0000002C,false,Rx,0,8,00,4D,9B,00,00,00,00,E8
5920000,00000050,false,Rx,0,8,40,01,00,00,00,00,00,41
5920000,000000A6,false,Rx,0,8,09,C9,09,C9,09,C9,09,C9
5920000,00000251,false,Rx,0,8,00,A3,2B,00,00,00,00,CE
5920000,00000260,false,Rx,0,8,00,52,36,00,00,00,00,88
5920000,00000316,false,Rx,0,8,40,01,00,00,00,00,00,41
5920000,00000544,false,Rx,0,8,80,00,00,00,00,00,00,00
5930000,00000018,false,Rx,0,8,46,24,03,00,00,00,00,6D
5930000,0000002C,false,Rx,0,8,10,4C,2F,00,00,00,00,8B
5930000,00000050,false,Rx,0,8,40,01,00,00,00,00,00,41
5930000,00000251,false,Rx,0,8,10,A2,7F,00,00,00,00,31
5930000,00000260,false,Rx,0,8,10,51,0C,00,00,00,00,6D
5940000,00000018,false,Rx,0,8,46,2A,03,00,00,00,00,73
5940000,0000002C,false,Rx,0,8,20,4B,56,00,00,00,00,C1
5940000,00000050,false,Rx,0,8,40,01,00,00,00,00,00,41
5940000,000000A6,false,Rx,0,8,09,D0,09,D0,09,D0,09,D0
5940000,00000251,false,Rx,0,8,20,A0,91,00,00,00,00,51
5940000,00000260,false,Rx,0,8,20,50,C3,00,00,00,00,33
5940000,00000316,false,Rx,0,8,40,01,00,00,00,00,00,41
5940000,00000544,false,Rx,0,8,90,00,00,00,00,00,00,00
5950000,00000018,false,Rx,0,8,46,30,01,00,00,00,00,77
5950000,0000002C,false,Rx,0,8,30,4A,4E,00,00,00,00,C8
5950000,00000050,false,Rx,0,8,40,01,00,00,00,00,00,41
5950000,00000251,false,Rx,0,8,30,9F,0D,00,00,00,00,DC
5950000,00000260,false,Rx,0,8,30,4F,4A,00,00,00,00,C9
5960000,00000018,false,Rx,0,8,46,36,03,00,00,00,00,7F
5960000,0000002C,false,Rx,0,8,40,49,57,00,00,00,00,E0
5960000,00000050,false,Rx,0,8,40,01,00,00,00,00,00,41
5960000,000000A6,false,Rx,0,8,09,D5,09,D5,09,D5,09,D5
5960000,00000251,false,Rx,0,8,40,9D,9A,00,00,00,00,77
5960000,00000260,false,Rx,0,8,40,4E,1B,00,00,00,00,A9
5960000,00000316,false,Rx,0,8,40,01,00,00,00,00,00,41
5960000,00000544,false,Rx,0,8,A0,00,00,00,00,00,00,00
5970000,00000018,false,Rx,0,8,46,3D,03,00,00,00,00,86
5970000,0000002C,false,Rx,0,8,50,48,AC,00,00,00,00,44
5970000,00000050,false,Rx,0,8,40,01,00,00,00,00,00,41
5970000,00000251,false,Rx,0,8,50,9B,69,00,00,00,00,54
5970000,00000260,false,Rx,0,8,50,4D,1C,00,00,00,00,B9
5980000,00000018,false,Rx,0,8,46,43,03,00,00,00,00,8C
5980000,0000002C,false,Rx,0,8,60,48,15,00,00,00,00,BD
5980000,00000050,false,Rx,0,8,40,01,00,00,00,00,00,41
5980000,000000A6,false,Rx,0,8,09,DB,09,DB,09,DB,09,DB
5980000,00000251,false,Rx,0,8,60,9A,60,00,00,00,00,5A
5980000,00000260,false,Rx,0,8,60,4C,66,00,00,00,00,12
5980000,00000316,false,Rx,0,8,40,01,00,00,00,00,00,41
5980000,00000544,false,Rx,0,8,B0,00,00,00,00,00,00,00
5990000,00000018,false,Rx,0,8,46,49,00,00,00,00,00,8F
5990000,0000002C,false,Rx,0,8,70,47,0E,00,00,00,00,C5
5990000,00000050,false,Rx,0,8,40,01,00,00,00,00,00,41
5990000,00000251,false,Rx,0,8,70,98,C8,00,00,00,00,D0
5990000,00000260,false,Rx,0,8,70,4B,88,00,00,00,00,43
6000000,00000018,false,Rx,0,8,46,50,00,00,00,00,00,96
6000000,0000002C,false,Rx,0,8,80,46,29,00,00,00,00,EF
6000000,00000050,false,Rx,0,8,40,01,00,00,00,00,00,41
6000000,000000A6,false,Rx,0,8,09,E0,09,E0,09,E0,09,E0
6000000,00000251,false,Rx,0,8,80,96,97,00,00,00,00,AD
6000000,00000260,false,Rx,0,8,80,4A,52,00,00,00,00,1C
6000000,00000316,false,Rx,0,8,40,01,00,00,00,00,00,41
6000000,00000544,false,Rx,0,8,C0,00,00,00,00,00,00,00
6000000,00000593,false,Rx,0,8,B2,B4,B3,B5,00,00,00,00
6000000,000004F1,false,Rx,0,8,C0,00,00,00,00,00,00,C0
6010000,00000018,false,Rx,0,8,46,56,02,00,00,00,00,9E
6010000,0000002C,false,Rx,0,8,90,46,17,00,00,00,00,ED
6010000,00000050,false,Rx,0,8,40,01,00,00,00,00,00,41
6010000,00000251,false,Rx,0,8,90,95,1B,00,00,00,00,40
6010000,00000260,false,Rx,0,8,90,49,92,00,00,00,00,6B
6020000,00000018,false,Rx,0,8,46,5C,01,00,00,00,00,A3
6020000,0000002C,false,Rx,0,8,A0,45,87,00,00,00,00,6C
6020000,00000050,false,Rx,0,8,40,01,00,00,00,00,00,41
6020000,000000A6,false,Rx,0,8,09,E5,09,E5,09,E5,09,E5
6020000,00000251,false,Rx,0,8,A0,93,7A,00,00,00,00,AD
6020000,00000260,false,Rx,0,8,A0,48,80,00,00,00,00,68
6020000,00000316,false,Rx,0,8,40,01,00,00,00,00,00,41
6020000,00000544,false,Rx,0,8,D0,00,00,00,00,00,00,00
6030000,00000018,false,Rx,0,8,46,62,03,00,00,00,00,AB
6030000,0000002C,false,Rx,0,8,B0,45,6B,00,00,00,00,60
6030000,00000050,false,Rx,0,8,40,01,00,00,00,00,00,41
6030000,00000251,false,Rx,0,8,B0,91,FD,00,00,00,00,3E
6030000,00000260,false,Rx,0,8,B0,47,4A,00,00,00,00,41
6040000,00000018,false,Rx,0,8,46,69,01,00,00,00,00,B0
6040000,0000002C,false,Rx,0,8,C0,45,D5,00,00,00,00,DA
6040000,00000050,false,Rx,0,8,40,01,00,00,00,00,00,41
6040000,000000A6,false,Rx,0,8,09,E9,09,E9,09,E9,09,E9
6040000,00000251,false,Rx,0,8,C0,8F,C5,00,00,00,00,14
6040000,00000260,false,Rx,0,8,C0,47,1F,00,00,00,00,26
6040000,00000316,false,Rx,0,8,40,01,00,00,00,00,00,41
6040000,00000544,false,Rx,0,8,E0,00,00,00,00,00,00,00
6050000,00000018,false,Rx,0,8,46,6F,02,00,00,00,00,B7
6050000,0000002C,false,Rx,0,8,D0,44,0F,00,00,00,00,23
6050000,00000050,false,Rx,0,8,40,01,00,00,00,00,00,41
6050000,00000251,false,Rx,0,8,D0,8D,39,00,00,00,00,96
6050000,00000260,false,Rx,0,8,D0,46,97,00,00,00,00,AD
6060000,00000018,false,Rx,0,8,46,75,02,00,00,00,00,BD
6060000,0000002C,false,Rx,0,8,E0,44,FE,00,00,00,00,22
6060000,00000050,false,Rx,0,8,40,01,00,00,00,00,00,41
6060000,000000A6,false,Rx,0,8,09,ED,09,ED,09,ED,09,ED
6060000,00000251,false,Rx,0,8,E0,8C,7B,00,00,00,00,E7
6060000,00000260,false,Rx,0,8,E0,46,68,00,00,00,00,8E
6060000,00000316,false,Rx,0,8,40,01,00,00,00,00,00,41
6060000,00000544,false,Rx,0,8,F0,00,00,00,00,00,00,00
6070000,00000018,false,Rx,0,8,46,7B,03,00,00,00,00,C4
6070000,0000002C,false,Rx,0,8,F0,44,94,00,00,00,00,C8
6070000,00000050,false,Rx,0,8,40,01,00,00,00,00,00,41
6070000,00000251,false,Rx,0,8,F0,8A,FF,00,00,00,00,79
6070000,00000260,false,Rx,0,8,F0,45,10,00,00,00,00,45
6080000,00000018,false,Rx,0,8,46,82,02,00,00,00,00,CA
6080000,0000002C,false,Rx,0,8,00,44,9A,00,00,00,00,DE
6080000,00000050,false,Rx,0,8,40,01,00,00,00,00,00,41
6080000,000000A6,false,Rx,0,8,09,F1,09,F1,09,F1,09,F1
6080000,00000251,false,Rx,0,8,00,88,24,00,00,00,00,AC
6080000,00000260,false,Rx,0,8,00,45,B7,00,00,00,00,FC
6080000,00000316,false,Rx,0,8,40,01,00,00,00,00,00,41
6080000,00000544,false,Rx,0,8,00,00,00,00,00,00,00,00
6090000,00000018,false,Rx,0,8,46,88,03,00,00,00,00,D1
6090000,0000002C,false,Rx,0,8,10,44,F7,00,00,00,00,4B
6090000,00000050,false,Rx,0,8,40,01,00,00,00,00,00,41
6090000,00000251,false,Rx,0,8,10,86,06,00,00,00,00,9C
6090000,00000260,false,Rx,0,8,10,44,E7,00,00,00,00,3B
6100000,00000018,false,Rx,0,8,46,8E,02,00,00,00,00,D6
6100000,0000002C,false,Rx,0,8,20,44,7D,00,00,00,00,E1
6100000,00000050,false,Rx,0,8,40,01,00,00,00,00,00,41
6100000,000000A6,false,Rx,0,8,09,F4,09,F4,09,F4,09,F4
6100000,00000251,false,Rx,0,8,20,84,B8,00,00,00,00,5C
6100000,00000260,false,Rx,0,8,20,44,34,00,00,00,00,98
6100000,00000316,false,Rx,0,8,40,01,00,00,00,00,00,41
6100000,00000544,false,Rx,0,8,10,00,00,00,00,00,00,00
6100000,000004F1,false,Rx,0,8,D0,00,00,00,00,00,00,D0
6110000,00000018,false,Rx,0,8,46,94,02,00,00,00,00,DC
6110000,0000002C,false,Rx,0,8,30,44,CF,00,00,00,00,43
6110000,00000050,false,Rx,0,8,40,01,00,00,00,00,00,41
6110000,00000251,false,Rx,0,8,30,82,A2,00,00,00,00,54
6110000,00000260,false,Rx,0,8,30,44,72,00,00,00,00,E6
6120000,00000018,false,Rx,0,8,46,9A,03,00,00,00,00,E3
6120000,0000002C,false,Rx,0,8,40,44,98,00,00,00,00,1C
6120000,00000050,false,Rx,0,8,40,01,00,00,00,00,00,41
6120000,000000A6,false,Rx,0,8,09,F7,09,F7,09,F7,09,F7
6120000,00000251,false,Rx,0,8,40,80,43,00,00,00,00,03
6120000,00000260,false,Rx,0,8,40,44,C7,00,00,00,00,4B
6120000,00000316,false,Rx,0,8,40,01,00,00,00,00,00,41
6120000,00000544,false,Rx,0,8,20,00,00,00,00,00,00,00
6130000,00000018,false,Rx,0,8,46,A0,02,00,00,00,00,E8
6130000,0000002C,false,Rx,0,8,50,44,E8,00,00,00,00,7C
6130000,00000050,false,Rx,0,8,40,01,00,00,00,00,00,41
6130000,00000251,false,Rx,0,8,50,7E,C6,00,00,00,00,94
6130000,00000260,false,Rx,0,8,50,44,79,00,00,00,00,0D
6140000,00000018,false,Rx,0,8,46,A6,02,00,00,00,00,EE
6140000,0000002C,false,Rx,0,8,60,44,25,00,00,00,00,C9
6140000,00000050,false,Rx,0,8,40,01,00,00,00,00,00,41
6140000,000000A6,false,Rx,0,8,09,F9,09,F9,09,F9,09,F9
6140000,00000251,false,Rx,0,8,60,7D,D7,00,00,00,00,B4
6140000,00000260,false,Rx,0,8,60,44,93,00,00,00,00,37
6140000,00000316,false,Rx,0,8,40,01,00,00,00,00,00,41
6140000,00000544,false,Rx,0,8,30,00,00,00,00,00,00,00
6150000,00000018,false,Rx,0,8,46,AC,02,00,00,00,00,F4
6150000,0000002C,false,Rx,0,8,70,44,1E,00,00,00,00,D2
6150000,00000050,false,Rx,0,8,40,01,00,00,00,00,00,41
6150000,00000251,false,Rx,0,8,70,7B,BB,00,00,00,00,A6
6150000,00000260,false,Rx,0,8,70,44,18,00,00,00,00,CC
6160000,00000018,false,Rx,0,8,46,B2,01,00,00,00,00,F9
6160000,0000002C,false,Rx,0,8,80,45,50,00,00,00,00,15
6160000,00000050,false,Rx,0,8,40,01,00,00,00,00,00,41
6160000,000000A6,false,Rx,0,8,09,FB,09,FB,09,FB,09,FB
6160000,00000251,false,Rx,0,8,80,79,58,00,00,00,00,51
6160000,00000260,false,Rx,0,8,80,44,C3,00,00,00,00,87
6160000,00000316,false,Rx,0,8,40,01,00,00,00,00,00,41
6160000,00000544,false,Rx,0,8,40,00,00,00,00,00,00,00
6170000,00000018,false,Rx,0,8,46,B8,00,00,00,00,00,FE
6170000,0000002C,false,Rx,0,8,90,45,E1,00,00,00,00,B6
6170000,00000050,false,Rx,0,8,40,01,00,00,00,00,00,41
6170000,00000251,false,Rx,0,8,90,77,F1,00,00,00,00,F8
6170000,00000260,false,Rx,0,8,90,44,C6,00,00,00,00,9A
6180000,00000018,false,Rx,0,8,46,BE,01,00,00,00,00,05
6180000,0000002C,false,Rx,0,8,A0,45,D4,00,00,00,00,B9
6180000,00000050,false,Rx,0,8,40,01,00,00,00,00,00,41
6180000,000000A6,false,Rx,0,8,09,FD,09,FD,09,FD,09,FD
6180000,00000251,false,Rx,0,8,A0,75,25,00,00,00,00,3A
6180000,00000260,false,Rx,0,8,A0,44,D5,00,00,00,00,B9
6180000,00000316,false,Rx,0,8,40,01,00,00,00,00,00,41
6180000,00000544,false,Rx,0,8,50,00,00,00,00,00,00,00
6190000,00000018,false,Rx,0,8,46,C4,02,00,00,00,00,0C
6190000,0000002C,false,Rx,0,8,B0,46,F7,00,00,00,00,ED
6190000,00000050,false,Rx,0,8,40,01,00,00,00,00,00,41
6190000,00000251,false,Rx,0,8,B0,73,08,00,00,00,00,2B
6190000,00000260,false,Rx,0,8,B0,44,A0,00,00,00,00,94
6200000,00000018,false,Rx,0,8,46,CA,00,00,00,00,00,10
6200000,0000002C,false,Rx,0,8,C0,46,ED,00,00,00,00,F3
6200000,00000050,false,Rx,0,8,40,01,00,00,00,00,00,41
6200000,000000A6,false,Rx,0,8,09,FE,09,FE,09,FE,09,FE
6200000,00000251,false,Rx,0,8,C0,71,22,00,00,00,00,53
6200000,00000260,false,Rx,0,8,C0,44,1B,00,00,00,00,1F
6200000,00000316,false,Rx,0,8,40,01,00,00,00,00,00,41
6200000,00000544,false,Rx,0,8,60,00,00,00,00,00,00,00
6200000,000004F1,false,Rx,0,8,E0,00,00,00,00,00,00,E0
6210000,00000018,false,Rx,0,8,46,CF,01,00,00,00,00,16
6210000,0000002C,false,Rx,0,8,D0,47,68,00,00,00,00,7F
6210000,00000050,false,Rx,0,8,40,01,00,00,00,00,00,41
6210000,00000251,false,Rx,0,8,D0,70,07,00,00,00,00,47
6210000,00000260,false,Rx,0,8,D0,45,06,00,00,00,00,1B
6220000,00000018,false,Rx,0,8,46,D5,01,00,00,00,00,1C
6220000,0000002C,false,Rx,0,8,E0,48,AE,00,00,00,00,D6
6220000,00000050,false,Rx,0,8,40,01,00,00,00,00,00,41
6220000,000000A6,false,Rx,0,8,09,FF,09,FF,09,FF,09,FF
6220000,00000251,false,Rx,0,8,E0,6E,86,00,00,00,00,D4
6220000,00000260,false,Rx,0,8,E0,45,80,00,00,00,00,A5
6220000,00000316,false,Rx,0,8,40,01,00,00,00,00,00,41
6220000,00000544,false,Rx,0,8,70,00,00,00,00,00,00,00
6230000,00000018,false,Rx,0,8,46,DA,01,00,00,00,00,21
6230000,0000002C,false,Rx,0,8,F0,48,49,00,00,00,00,81
6230000,00000050,false,Rx,0,8,40,01,00,00,00,00,00,41
6230000,00000251,false,Rx,0,8,F0,6C,6E,00,00,00,00,CA
6230000,00000260,false,Rx,0,8,F0,46,67,00,00,00,00,9D
6240000,00000018,false,Rx,0,8,46,E0,03,00,00,00,00,29
6240000,0000002C,false,Rx,0,8,00,49,A0,00,00,00,00,E9
6240000,00000050,false,Rx,0,8,40,01,00,00,00,00,00,41
6240000,000000A6,false,Rx,0,8,09,FF,09,FF,09,FF,09,FF
6240000,00000251,false,Rx,0,8,00,6A,14,00,00,00,00,7E
6240000,00000260,false,Rx,0,8,00,46,E2,00,00,00,00,28
6240000,00000316,false,Rx,0,8,40,01,00,00,00,00,00,41
6240000,00000544,false,Rx,0,8,80,00,00,00,00,00,00,00
6250000,00000018,false,Rx,0,8,46,E6,02,00,00,00,00,2E
6250000,0000002C,false,Rx,0,8,10,4A,A3,00,00,00,00,FD
6250000,00000050,false,Rx,0,8,40,01,00,00,00,00,00,41
6250000,00000251,false,Rx,0,8,10,68,1E,00,00,00,00,96
6250000,00000260,false,Rx,0,8,10,47,73,00,00,00,00,CA
6260000,00000018,false,Rx,0,8,46,EB,02,00,00,00,00,33
6260000,0000002C,false,Rx,0,8,20,4B,B0,00,00,00,00,1B
6260000,00000050,false,Rx,0,8,40,01,00,00,00,00,00,41
6260000,000000A6,false,Rx,0,8,09,FF,09,FF,09,FF,09,FF
6260000,00000251,false,Rx,0,8,20,67,CB,00,00,00,00,52
6260000,00000260,false,Rx,0,8,20,47,BC,00,00,00,00,23
6260000,00000316,false,Rx,0,8,40,01,00,00,00,00,00,41
6260000,00000544,false,Rx,0,8,90,00,00,00,00,00,00,00
6270000,00000018,false,Rx,0,8,46,F0,00,00,00,00,00,36
6270000,0000002C,false,Rx,0,8,30,4C,CC,00,00,00,00,48
6270000,00000050,false,Rx,0,8,40,01,00,00,00,00,00,41
6270000,00000251,false,Rx,0,8,30,65,92,00,00,00,00,27
6270000,00000260,false,Rx,0,8,30,48,64,00,00,00,00,DC
6280000,00000018,false,Rx,0,8,46,F6,01,00,00,00,00,3D
6280000,0000002C,false,Rx,0,8,40,4D,42,00,00,00,00,CF
6280000,00000050,false,Rx,0,8,40,01,00,00,00,00,00,41
6280000,000000A6,false,Rx,0,8,09,FF,09,FF,09,FF,09,FF
6280000,00000251,false,Rx,0,8,40,63,D4,00,00,00,00,77
6280000,00000260,false,Rx,0,8,40,49,63,00,00,00,00,EC
6280000,00000316,false,Rx,0,8,40,01,00,00,00,00,00,41
6280000,00000544,false,Rx,0,8,A0,00,00,00,00,00,00,00
6290000,00000018,false,Rx,0,8,46,FB,02,00,00,00,00,43
6290000,0000002C,false,Rx,0,8,50,4E,BD,00,00,00,00,5B
6290000,00000050,false,Rx,0,8,40,01,00,00,00,00,00,41
6290000,00000251,false,Rx,0,8,50,62,D8,00,00,00,00,8A
6290000,00000260,false,Rx,0,8,50,49,96,00,00,00,00,2F
6300000,00000018,false,Rx,0,8,47,00,01,00,00,00,00,48
6300000,0000002C,false,Rx,0,8,60,4F,36,00,00,00,00,E5
6300000,00000050,false,Rx,0,8,40,01,00,00,00,00,00,41
6300000,000000A6,false,Rx,0,8,09,FE,09,FE,09,FE,09,FE
6300000,00000251,false,Rx,0,8,60,60,CD,00,00,00,00,8D
6300000,00000260,false,Rx,0,8,60,4A,E5,00,00,00,00,8F
6300000,00000316,false,Rx,0,8,40,01,00,00,00,00,00,41
6300000,00000544,false,Rx,0,8,B0,00,00,00,00,00,00,00
6300000,000004F1,false,Rx,0,8,F0,00,00,00,00,00,00,F0
6310000,00000018,false,Rx,0,8,47,05,02,00,00,00,00,4E
6310000,0000002C,false,Rx,0,8,70,50,A3,00,00,00,00,63
6310000,00000050,false,Rx,0,8,40,01,00,00,00,00,00,41
6310000,00000251,false,Rx,0,8,70,5E,2A,00,00,00,00,F8
6310000,00000260,false,Rx,0,8,70,4B,5A,00,00,00,00,15
6320000,00000018,false,Rx,0,8,47,0A,01,00,00,00,00,52
6320000,0000002C,false,Rx,0,8,80,51,7B,00,00,00,00,4C
6320000,00000050,false,Rx,0,8,40,01,00,00,00,00,00,41
6320000,000000A6,false,Rx,0,8,09,FD,09,FD,09,FD,09,FD
6320000,00000251,false,Rx,0,8,80,5D,4E,00,00,00,00,2B
6320000,00000260,false,Rx,0,8,80,4C,26,00,00,00,00,F2
6320000,00000316,false,Rx,0,8,40,01,00,00,00,00,00,41
6320000,00000544,false,Rx,0,8,C0,00,00,00,00,00,00,00
6330000,00000018,false,Rx,0,8,47,0F,02,00,00,00,00,58
6330000,0000002C,false,Rx,0,8,90,53,EE,00,00,00,00,D1
6330000,00000050,false,Rx,0,8,40,01,00,00,00,00,00,41
6330000,00000251,false,Rx,0,8,90,5B,8E,00,00,00,00,79
6330000,00000260,false,Rx,0,8,90,4D,5F,00,00,00,00,3C
6340000,00000018,false,Rx,0,8,47,14,00,00,00,00,00,5B
6340000,0000002C,false,Rx,0,8,A0,54,3E,00,00,00,00,32
6340000,00000050,false,Rx,0,8,40,01,00,00,00,00,00,41
6340000,000000A6,false,Rx,0,8,09,FB,09,FB,09,FB,09,FB
6340000,00000251,false,Rx,0,8,A0,5A,2A,00,00,00,00,24
6340000,00000260,false,Rx,0,8,A0,4E,58,00,00,00,00,46
6340000,00000316,false,Rx,0,8,40,01,00,00,00,00,00,41
6340000,00000544,false,Rx,0,8,D0,00,00,00,00,00,00,00
6350000,00000018,false,Rx,0,8,47,18,01,00,00,00,00,60
6350000,0000002C,false,Rx,0,8,B0,55,88,00,00,00,00,8D
6350000,00000050,false,Rx,0,8,40,01,00,00,00,00,00,41
6350000,00000251,false,Rx,0,8,B0,58,9E,00,00,00,00,A6
6350000,00000260,false,Rx,0,8,B0,4F,3D,00,00,00,00,3C
6360000,00000018,false,Rx,0,8,47,1D,02,00,00,00,00,66
6360000,0000002C,false,Rx,0,8,C0,57,E6,00,00,00,00,FD
6360000,00000050,false,Rx,0,8,40,01,00,00,00,00,00,41
6360000,000000A6,false,Rx,0,8,09,F9,09,F9,09,F9,09,F9
6360000,00000251,false,Rx,0,8,C0,57,28,00,00,00,00,3F
6360000,00000260,false,Rx,0,8,C0,50,C1,00,00,00,00,D1
6360000,00000316,false,Rx,0,8,40,01,00,00,00,00,00,41
6360000,00000544,false,Rx,0,8,E0,00,00,00,00,00,00,00
6370000,00000018,false,Rx,0,8,47,21,00,00,00,00,00,68
6370000,0000002C,false,Rx,0,8,D0,58,7E,00,00,00,00,A6
6370000,00000050,false,Rx,0,8,40,01,00,00,00,00,00,41
6370000,00000251,false,Rx,0,8,D0,56,68,00,00,00,00,8E
6370000,00000260,false,Rx,0,8,D0,52,14,00,00,00,00,36
6380000,00000018,false,Rx,0,8,47,26,00,00,00,00,00,6D
6380000,0000002C,false,Rx,0,8,E0,59,48,00,00,00,00,81
6380000,00000050,false,Rx,0,8,40,01,00,00,00,00,00,41
6380000,000000A6,false,Rx,0,8,09,F7,09,F7,09,F7,09,F7
6380000,00000251,false,Rx,0,8,E0,54,4F,00,00,00,00,83
6380000,00000260,false,Rx,0,8,E0,53,DB,00,00,00,00,0E
6380000,00000316,false,Rx,0,8,40,01,00,00,00,00,00,41
6380000,00000544,false,Rx,0,8,F0,00,00,00,00,00,00,00
6390000,00000018,false,Rx,0,8,47,2A,02,00,00,00,00,73
6390000,0000002C,false,Rx,0,8,F0,5B,31,00,00,00,00,7C
6390000,00000050,false,Rx,0,8,40,01,00,00,00,00,00,41
6390000,00000251,false,Rx,0,8,F0,53,A7,00,00,00,00,EA
6390000,00000260,false,Rx,0,8,F0,54,8E,00,00,00,00,D2
6400000,00000018,false,Rx,0,8,47,2E,01,00,00,00,00,76
6400000,0000002C,false,Rx,0,8,00,5C,19,00,00,00,00,75
6400000,00000050,false,Rx,0,8,40,01,00,00,00,00,00,41
6400000,000000A6,false,Rx,0,8,09,F4,09,F4,09,F4,09,F4
6400000,00000251,false,Rx,0,8,00,52,C8,00,00,00,00,1A
6400000,00000260,false,Rx,0,8,00,56,87,00,00,00,00,DD
6400000,00000316,false,Rx,0,8,40,01,00,00,00,00,00,41
6400000,00000544,false,Rx,0,8,00,00,00,00,00,00,00,00
6400000,000004F1,false,Rx,0,8,00,00,00,00,00,00,00,00
6410000,00000018,false,Rx,0,8,47,33,03,00,00,00,00,7D
6410000,0000002C,false,Rx,0,8,10,5E,94,00,00,00,00,02
6410000,00000050,false,Rx,0,8,40,01,00,00,00,00,00,41
6410000,00000251,false,Rx,0,8,10,51,21,00,00,00,00,82
6410000,00000260,false,Rx,0,8,10,57,42,00,00,00,00,A9
6420000,00000018,false,Rx,0,8,47,37,00,00,00,00,00,7E
6420000,0000002C,false,Rx,0,8,20,5F,C4,00,00,00,00,43
6420000,00000050,false,Rx,0,8,40,01,00,00,00,00,00,41
6420000,000000A6,false,Rx,0,8,09,F1,09,F1,09,F1,09,F1
6420000,00000251,false,Rx,0,8,20,4F,9E,00,00,00,00,0D
6420000,00000260,false,Rx,0,8,20,58,52,00,00,00,00,CA
6420000,00000316,false,Rx,0,8,40,01,00,00,00,00,00,41
6420000,00000544,false,Rx,0,8,10,00,00,00,00,00,00,00
6430000,00000018,false,Rx,0,8,47,3B,00,00,00,00,00,82
6430000,0000002C,false,Rx,0,8,30,61,D6,00,00,00,00,67
6430000,00000050,false,Rx,0,8,40,01,00,00,00,00,00,41
6430000,00000251,false,Rx,0,8,30,4E,DF,00,00,00,00,5D
6430000,00000260,false,Rx,0,8,30,5A,82,00,00,00,00,0C
6440000,00000018,false,Rx,0,8,47,3E,02,00,00,00,00,87
6440000,0000002C,false,Rx,0,8,40,63,7F,00,00,00,00,22
6440000,00000050,false,Rx,0,8,40,01,00,00,00,00,00,41
6440000,000000A6,false,Rx,0,8,09,ED,09,ED,09,ED,09,ED
6440000,00000251,false,Rx,0,8,40,4D,7A,00,00,00,00,07
6440000,00000260,false,Rx,0,8,40,5B,02,00,00,00,00,9D
6440000,00000316,false,Rx,0,8,40,01,00,00,00,00,00,41
6440000,00000544,false,Rx,0,8,20,00,00,00,00,00,00,00
6450000,00000018,false,Rx,0,8,47,42,03,00,00,00,00,8C
6450000,0000002C,false,Rx,0,8,50,64,51,00,00,00,00,05
6450000,00000050,false,Rx,0,8,40,01,00,00,00,00,00,41
6450000,00000251,false,Rx,0,8,50,4C,1D,00,00,00,00,B9
6450000,00000260,false,Rx,0,8,50,5D,A9,00,00,00,00,56
6460000,00000018,false,Rx,0,8,47,46,03,00,00,00,00,90
6460000,0000002C,false,Rx,0,8,60,66,A7,00,00,00,00,6D
6460000,00000050,false,Rx,0,8,40,01,00,00,00,00,00,41
6460000,000000A6,false,Rx,0,8,09,E9,09,E9,09,E9,09,E9
6460000,00000251,false,Rx,0,8,60,4B,7D,00,00,00,00,28
6460000,00000260,false,Rx,0,8,60,5E,EE,00,00,00,00,AC
6460000,00000316,false,Rx,0,8,40,01,00,00,00,00,00,41
6460000,00000544,false,Rx,0,8,30,00,00,00,00,00,00,00
6470000,00000018,false,Rx,0,8,47,49,03,00,00,00,00,93
6470000,0000002C,false,Rx,0,8,70,68,A0,00,00,00,00,78
6470000,00000050,false,Rx,0,8,40,01,00,00,00,00,00,41
6470000,00000251,false,Rx,0,8,70,4A,2C,00,00,00,00,E6
6470000,00000260,false,Rx,0,8,70,60,4F,00,00,00,00,1F
6480000,00000018,false,Rx,0,8,47,4D,02,00,00,00,00,96
6480000,0000002C,false,Rx,0,8,80,6A,61,00,00,00,00,4B
6480000,00000050,false,Rx,0,8,40,01,00,00,00,00,00,41
6480000,000000A6,false,Rx,0,8,09,E5,09,E5,09,E5,09,E5
6480000,00000251,false,Rx,0,8,80,4A,DE,00,00,00,00,A8
6480000,00000260,false,Rx,0,8,80,61,14,00,00,00,00,F5
6480000,00000316,false,Rx,0,8,40,01,00,00,00,00,00,41
6480000,00000544,false,Rx,0,8,40,00,00,00,00,00,00,00
6490000,00000018,false,Rx,0,8,47,50,01,00,00,00,00,98
6490000,0000002C,false,Rx,0,8,90,6B,51,00,00,00,00,4C
6490000,00000050,false,Rx,0,8,40,01,00,00,00,00,00,41
6490000,00000251,false,Rx,0,8,90,49,3B,00,00,00,00,14
6490000,00000260,false,Rx,0,8,90,63,4E,00,00,00,00,41
6500000,00000018,false,Rx,0,8,47,53,00,00,00,00,00,9A
6500000,0000002C,false,Rx,0,8,A0,6D,FF,00,00,00,00,0C
6500000,00000050,false,Rx,0,8,40,01,00,00,00,00,00,41
6500000,000000A6,false,Rx,0,8,09,E0,09,E0,09,E0,09,E0
6500000,00000251,false,Rx,0,8,A0,48,E8,00,00,00,00,D0
6500000,00000260,false,Rx,0,8,A0,65,A5,00,00,00,00,AA
6500000,00000316,false,Rx,0,8,40,01,00,00,00,00,00,41
6500000,00000544,false,Rx,0,8,50,00,00,00,00,00,00,00
6500000,000004F1,false,Rx,0,8,10,00,00,00,00,00,00,10
6510000,00000018,false,Rx,0,8,47,56,02,00,00,00,00,9F
6510000,0000002C,false,Rx,0,8,B0,6F,EF,00,00,00,00,0E
6510000,00000050,false,Rx,0,8,40,01,00,00,00,00,00,41
6510000,00000251,false,Rx,0,8,B0,47,1C,00,00,00,00,13
6510000,00000260,false,Rx,0,8,B0,67,1A,00,00,00,00,31
6520000,00000018,false,Rx,0,8,47,59,03,00,00,00,00,A3
6520000,0000002C,false,Rx,0,8,C0,71,FF,00,00,00,00,30
6520000,00000050,false,Rx,0,8,40,01,00,00,00,00,00,41
6520000,000000A6,false,Rx,0,8,09,DB,09,DB,09,DB,09,DB
6520000,00000251,false,Rx,0,8,C0,47,9E,00,00,00,00,A5
6520000,00000260,false,Rx,0,8,C0,68,9A,00,00,00,00,C2
6520000,00000316,false,Rx,0,8,40,01,00,00,00,00,00,41
6520000,00000544,false,Rx,0,8,60,00,00,00,00,00,00,00
6530000,00000018,false,Rx,0,8,47,5C,00,00,00,00,00,A3
6530000,0000002C,false,Rx,0,8,D0,73,9D,00,00,00,00,E0
6530000,00000050,false,Rx,0,8,40,01,00,00,00,00,00,41
6530000,00000251,false,Rx,0,8,D0,46,59,00,00,00,00,6F
6530000,00000260,false,Rx,0,8,D0,6A,FB,00,00,00,00,35
6540000,00000018,false,Rx,0,8,47,5F,00,00,00,00,00,A6
6540000,0000002C,false,Rx,0,8,E0,74,FE,00,00,00,00,52
6540000,00000050,false,Rx,0,8,40,01,00,00,00,00,00,41
6540000,000000A6,false,Rx,0,8,09,D5,09,D5,09,D5,09,D5
6540000,00000251,false,Rx,0,8,E0,46,3D,00,00,00,00,63
6540000,00000260,false,Rx,0,8,E0,6C,B7,00,00,00,00,03
6540000,00000316,false,Rx,0,8,40,01,00,00,00,00,00,41
6540000,00000544,false,Rx,0,8,70,00,00,00,00,00,00,00
6550000,00000018,false,Rx,0,8,47,62,03,00,00,00,00,AC
6550000,0000002C,false,Rx,0,8,F0,76,0B,00,00,00,00,71
6550000,00000050,false,Rx,0,8,40,01,00,00,00,00,00,41
6550000,00000251,false,Rx,0,8,F0,45,06,00,00,00,00,3B
6550000,00000260,false,Rx,0,8,F0,6E,25,00,00,00,00,83
6560000,00000018,false,Rx,0,8,47,64,03,00,00,00,00,AE
6560000,0000002C,false,Rx,0,8,00,78,2E,00,00,00,00,A6
6560000,00000050,false,Rx,0,8,40,01,00,00,00,00,00,41
6560000,000000A6,false,Rx,0,8,09,D0,09,D0,09,D0,09,D0
6560000,00000251,false,Rx,0,8,00,45,46,00,00,00,00,8B
6560000,00000260,false,Rx,0,8,00,6F,A2,00,00,00,00,11
6560000,00000316,false,Rx,0,8,40,01,00,00,00,00,00,41
6560000,00000544,false,Rx,0,8,80,00,00,00,00,00,00,00
6570000,00000018,false,Rx,0,8,47,66,00,00,00,00,00,AD
6570000,0000002C,false,Rx,0,8,10,7A,C9,00,00,00,00,53
6570000,00000050,false,Rx,0,8,40,01,00,00,00,00,00,41
6570000,00000251,false,Rx,0,8,10,44,05,00,00,00,00,59
6570000,00000260,false,Rx,0,8,10,71,70,00,00,00,00,F1
6580000,00000018,false,Rx,0,8,47,69,00,00,00,00,00,B0
6580000,0000002C,false,Rx,0,8,20,7C,EA,00,00,00,00,86
6580000,00000050,false,Rx,0,8,40,01,00,00,00,00,00,41
6580000,000000A6,false,Rx,0,8,09,C9,09,C9,09,C9,09,C9
6580000,00000251,false,Rx,0,8,20,44,53,00,00,00,00,B7
6580000,00000260,false,Rx,0,8,20,73,5E,00,00,00,00,F1
6580000,00000316,false,Rx,0,8,40,01,00,00,00,00,00,41
6580000,00000544,false,Rx,0,8,90,00,00,00,00,00,00,00
6590000,00000018,false,Rx,0,8,47,6B,01,00,00,00,00,B3
6590000,0000002C,false,Rx,0,8,30,7E,7B,00,00,00,00,29
6590000,00000050,false,Rx,0,8,40,01,00,00,00,00,00,41
6590000,00000251,false,Rx,0,8,30,44,FE,00,00,00,00,72
6590000,00000260,false,Rx,0,8,30,75,22,00,00,00,00,C7
6600000,00000018,false,Rx,0,8,47,6D,01,00,00,00,00,B5
6600000,0000002C,false,Rx,0,8,40,80,6E,00,00,00,00,2E
6600000,00000050,false,Rx,0,8,40,01,00,00,00,00,00,41
6600000,000000A6,false,Rx,0,8,09,C3,09,C3,09,C3,09,C3
6600000,00000251,false,Rx,0,8,40,44,B1,00,00,00,00,35
6600000,00000260,false,Rx,0,8,40,77,51,00,00,00,00,08
6600000,00000316,false,Rx,0,8,40,01,00,00,00,00,00,41
6600000,00000544,false,Rx,0,8,A0,00,00,00,00,00,00,00
6600000,000004F1,false,Rx,0,8,20,00,00,00,00,00,00,20
6610000,00000018,false,Rx,0,8,47,6F,02,00,00,00,00,B8
6610000,0000002C,false,Rx,0,8,50,81,B4,00,00,00,00,85
6610000,00000050,false,Rx,0,8,40,01,00,00,00,00,00,41
6610000,00000251,false,Rx,0,8,50,44,84,00,00,00,00,18
6610000,00000260,false,Rx,0,8,50,79,D4,00,00,00,00,9D
6620000,00000018,false,Rx,0,8,47,70,00,00,00,00,00,B7
6620000,0000002C,false,Rx,0,8,60,83,18,00,00,00,00,FB
6620000,00000050,false,Rx,0,8,40,01,00,00,00,00,00,41
6620000,000000A6,false,Rx,0,8,09,BC,09,BC,09,BC,09,BC
6620000,00000251,false,Rx,0,8,60,44,55,00,00,00,00,F9
6620000,00000260,false,Rx,0,8,60,7A,CE,00,00,00,00,A8
6620000,00000316,false,Rx,0,8,40,01,00,00,00,00,00,41
6620000,00000544,false,Rx,0,8,B0,00,00,00,00,00,00,00
6630000,00000018,false,Rx,0,8,47,72,01,00,00,00,00,BA
6630000,0000002C,false,Rx,0,8,70,85,19,00,00,00,00,0E
6630000,00000050,false,Rx,0,8,40,01,00,00,00,00,00,41
6630000,00000251,false,Rx,0,8,70,44,BE,00,00,00,00,72
6630000,00000260,false,Rx,0,8,70,7C,2F,00,00,00,00,1B
6640000,00000018,false,Rx,0,8,47,74,00,00,00,00,00,BB
6640000,0000002C,false,Rx,0,8,80,87,90,00,00,00,00,97
6640000,00000050,false,Rx,0,8,40,01,00,00,00,00,00,41
6640000,000000A6,false,Rx,0,8,09,B4,09,B4,09,B4,09,B4
6640000,00000251,false,Rx,0,8,80,44,40,00,00,00,00,04
6640000,00000260,false,Rx,0,8,80,7E,B2,00,00,00,00,B0
6640000,00000316,false,Rx,0,8,40,01,00,00,00,00,00,41
6640000,00000544,false,Rx,0,8,C0,00,00,00,00,00,00,00
6650000,00000018,false,Rx,0,8,47,75,03,00,00,00,00,BF
6650000,0000002C,false,Rx,0,8,90,89,FD,00,00,00,00,16
6650000,00000050,false,Rx,0,8,40,01,00,00,00,00,00,41
6650000,00000251,false,Rx,0,8,90,44,89,00,00,00,00,5D
6650000,00000260,false,Rx,0,8,90,80,71,00,00,00,00,81
6660000,00000018,false,Rx,0,8,47,76,01,00,00,00,00,BE
6660000,0000002C,false,Rx,0,8,A0,8B,F0,00,00,00,00,1B
6660000,00000050,false,Rx,0,8,40,01,00,00,00,00,00,41
6660000,000000A6,false,Rx,0,8,09,AC,09,AC,09,AC,09,AC
6660000,00000251,false,Rx,0,8,A0,44,3C,00,00,00,00,20
6660000,00000260,false,Rx,0,8,A0,82,6D,00,00,00,00,8F
6660000,00000316,false,Rx,0,8,40,01,00,00,00,00,00,41
6660000,00000544,false,Rx,0,8,D0,00,00,00,00,00,00,00
6670000,00000018,false,Rx,0,8,47,77,03,00,00,00,00,C1
6670000,0000002C,false,Rx,0,8,B0,8D,92,00,00,00,00,CF
6670000,00000050,false,Rx,0,8,40,01,00,00,00,00,00,41
6670000,00000251,false,Rx,0,8,B0,44,0F,00,00,00,00,03
6670000,00000260,false,Rx,0,8,B0,84,A9,00,00,00,00,DD
6680000,00000018,false,Rx,0,8,47,78,03,00,00,00,00,C2
6680000,0000002C,false,Rx,0,8,C0,8F,04,00,00,00,00,53
6680000,00000050,false,Rx,0,8,40,01,00,00,00,00,00,41
6680000,000000A6,false,Rx,0,8,09,A4,09,A4,09,A4,09,A4
6680000,00000251,false,Rx,0,8,C0,44,AB,00,00,00,00,AF
6680000,00000260,false,Rx,0,8,C0,86,A9,00,00,00,00,EF
6680000,00000316,false,Rx,0,8,40,01,00,00,00,00,00,41
6680000,00000544,false,Rx,0,8,E0,00,00,00,00,00,00,00
6690000,00000018,false,Rx,0,8,47,79,03,00,00,00,00,C3
6690000,0000002C,false,Rx,0,8,D0,90,37,00,00,00,00,97
6690000,00000050,false,Rx,0,8,40,01,00,00,00,00,00,41
6690000,00000251,false,Rx,0,8,D0,45,DB,00,00,00,00,F0
6690000,00000260,false,Rx,0,8,D0,88,B8,00,00,00,00,10
6700000,00000018,false,Rx,0,8,47,7A,02,00,00,00,00,C3
6700000,0000002C,false,Rx,0,8,E0,92,DC,00,00,00,00,4E
6700000,00000050,false,Rx,0,8,40,01,00,00,00,00,00,41
6700000,000000A6,false,Rx,0,8,09,9C,09,9C,09,9C,09,9C
6700000,00000251,false,Rx,0,8,E0,45,8B,00,00,00,00,B0
6700000,00000260,false,Rx,0,8,E0,89,96,00,00,00,00,FF
6700000,00000316,false,Rx,0,8,40,01,00,00,00,00,00,41
6700000,00000544,false,Rx,0,8,F0,00,00,00,00,00,00,00
6700000,000004F1,false,Rx,0,8,30,00,00,00,00,00,00,30
6710000,00000018,false,Rx,0,8,47,7A,03,00,00,00,00,C4
6710000,0000002C,false,Rx,0,8,F0,94,44,00,00,00,00,C8
6710000,00000050,false,Rx,0,8,40,01,00,00,00,00,00,41
6710000,00000251,false,Rx,0,8,F0,46,20,00,00,00,00,56
6710000,00000260,false,Rx,0,8,F0,8B,6F,00,00,00,00,EA
6720000,00000018,false,Rx,0,8,47,7B,02,00,00,00,00,C4
6720000,0000002C,false,Rx,0,8,00,96,87,00,00,00,00,1D
6720000,00000050,false,Rx,0,8,40,01,00,00,00,00,00,41
6720000,000000A6,false,Rx,0,8,09,93,09,93,09,93,09,93
6720000,00000251,false,Rx,0,8,00,46,86,00,00,00,00,CC
6720000,00000260,false,Rx,0,8,00,8D,F3,00,00,00,00,80
6720000,00000316,false,Rx,0,8,40,01,00,00,00,00,00,41
6720000,00000544,false,Rx,0,8,00,00,00,00,00,00,00,00
6730000,00000018,false,Rx,0,8,47,7B,00,00,00,00,00,C2
6730000,0000002C,false,Rx,0,8,10,97,BB,00,00,00,00,62
6730000,00000050,false,Rx,0,8,40,01,00,00,00,00,00,41
6730000,00000251,false,Rx,0,8,10,47,27,00,00,00,00,7E
6730000,00000260,false,Rx,0,8,10,8F,04,00,00,00,00,A3
6740000,00000018,false,Rx,0,8,47,7B,00,00,00,00,00,C2
6740000,0000002C,false,Rx,0,8,20,99,CE,00,00,00,00,87
6740000,00000050,false,Rx,0,8,40,01,00,00,00,00,00,41
6740000,000000A6,false,Rx,0,8,09,8A,09,8A,09,8A,09,8A
6740000,00000251,false,Rx,0,8,20,47,FE,00,00,00,00,65
6740000,00000260,false,Rx,0,8,20,91,3A,00,00,00,00,EB
6740000,00000316,false,Rx,0,8,40,01,00,00,00,00,00,41
6740000,00000544,false,Rx,0,8,10,00,00,00,00,00,00,00
6750000,00000018,false,Rx,0,8,47,7C,01,00,00,00,00,C4
6750000,0000002C,false,Rx,0,8,30,9B,BB,00,00,00,00,86
6750000,00000050,false,Rx,0,8,40,01,00,00,00,00,00,41
6750000,00000251,false,Rx,0,8,30,48,E9,00,00,00,00,61
6750000,00000260,false,Rx,0,8,30,93,B1,00,00,00,00,74
6760000,00000018,false,Rx,0,8,47,7B,01,00,00,00,00,C3
6760000,0000002C,false,Rx,0,8,40,9C,17,00,00,00,00,F3
6760000,00000050,false,Rx,0,8,40,01,00,00,00,00,00,41
6760000,000000A6,false,Rx,0,8,09,81,09,81,09,81,09,81
6760000,00000251,false,Rx,0,8,40,49,B8,00,00,00,00,41
6760000,00000260,false,Rx,0,8,40,94,E4,00,00,00,00,B8
6760000,00000316,false,Rx,0,8,40,01,00,00,00,00,00,41
6760000,00000544,false,Rx,0,8,20,00,00,00,00,00,00,00
6770000,00000018,false,Rx,0,8,47,7B,02,00,00,00,00,C4
6770000,0000002C,false,Rx,0,8,50,9E,CD,00,00,00,00,BB
6770000,00000050,false,Rx,0,8,40,01,00,00,00,00,00,41
6770000,00000251,false,Rx,0,8,50,4A,1C,00,00,00,00,B6
6770000,00000260,false,Rx,0,8,50,96,7B,00,00,00,00,61
6780000,00000018,false,Rx,0,8,47,7B,00,00,00,00,00,C2
6780000,0000002C,false,Rx,0,8,60,A0,1A,00,00,00,00,1A
6780000,00000050,false,Rx,0,8,40,01,00,00,00,00,00,41
6780000,000000A6,false,Rx,0,8,09,77,09,77,09,77,09,77
6780000,00000251,false,Rx,0,8,60,4B,FF,00,00,00,00,AA
6780000,00000260,false,Rx,0,8,60,98,7C,00,00,00,00,74
6780000,00000316,false,Rx,0,8,40,01,00,00,00,00,00,41
6780000,00000544,false,Rx,0,8,30,00,00,00,00,00,00,00
6790000,00000018,false,Rx,0,8,47,7A,01,00,00,00,00,C2
6790000,0000002C,false,Rx,0,8,70,A1,63,00,00,00,00,74
6790000,00000050,false,Rx,0,8,40,01,00,00,00,00,00,41
6790000,00000251,false,Rx,0,8,70,4B,55,00,00,00,00,10
6790000,00000260,false,Rx,0,8,70,9A,14,00,00,00,00,1E
6800000,00000018,false,Rx,0,8,47,7A,01,00,00,00,00,C2
6800000,0000002C,false,Rx,0,8,80,A3,B9,00,00,00,00,DC
6800000,00000050,false,Rx,0,8,40,01,00,00,00,00,00,41
6800000,000000A6,false,Rx,0,8,09,6D,09,6D,09,6D,09,6D
6800000,00000251,false,Rx,0,8,80,4C,BC,00,00,00,00,88
6800000,00000260,false,Rx,0,8,80,9B,A4,00,00,00,00,BF
6800000,00000316,false,Rx,0,8,40,01,00,00,00,00,00,41
6800000,00000544,false,Rx,0,8,40,00,00,00,00,00,00,00
6800000,000004F1,false,Rx,0,8,40,00,00,00,00,00,00,40
6810000,00000018,false,Rx,0,8,47,79,01,00,00,00,00,C1
6810000,0000002C,false,Rx,0,8,90,A4,93,00,00,00,00,C7
6810000,00000050,false,Rx,0,8,40,01,00,00,00,00,00,41
6810000,00000251,false,Rx,0,8,90,4D,50,00,00,00,00,2D
6810000,00000260,false,Rx,0,8,90,9D,C3,00,00,00,00,F0
6820000,00000018,false,Rx,0,8,47,78,00,00,00,00,00,BF
6820000,0000002C,false,Rx,0,8,A0,A6,25,00,00,00,00,6B
6820000,00000050,false,Rx,0,8,40,01,00,00,00,00,00,41
6820000,000000A6,false,Rx,0,8,09,62,09,62,09,62,09,62
6820000,00000251,false,Rx,0,8,A0,4E,82,00,00,00,00,70
6820000,00000260,false,Rx,0,8,A0,9F,3A,00,00,00,00,79
6820000,00000316,false,Rx,0,8,40,01,00,00,00,00,00,41
6820000,00000544,false,Rx,0,8,50,00,00,00,00,00,00,00
6830000,00000018,false,Rx,0,8,47,77,01,00,00,00,00,BF
6830000,0000002C,false,Rx,0,8,B0,A7,C5,00,00,00,00,1C
6830000,00000050,false,Rx,0,8,40,01,00,00,00,00,00,41
6830000,00000251,false,Rx,0,8,B0,50,34,00,00,00,00,34
6830000,00000260,false,Rx,0,8,B0,A0,C5,00,00,00,00,15
6840000,00000018,false,Rx,0,8,47,76,00,00,00,00,00,BD
6840000,0000002C,false,Rx,0,8,C0,A9,E6,00,00,00,00,4F
6840000,00000050,false,Rx,0,8,40,01,00,00,00,00,00,41
6840000,000000A6,false,Rx,0,8,09,58,09,58,09,58,09,58
6840000,00000251,false,Rx,0,8,C0,51,3B,00,00,00,00,4C
6840000,00000260,false,Rx,0,8,C0,A2,83,00,00,00,00,E5
6840000,00000316,false,Rx,0,8,40,01,00,00,00,00,00,41
6840000,00000544,false,Rx,0,8,60,00,00,00,00,00,00,00
6850000,00000018,false,Rx,0,8,47,75,03,00,00,00,00,BF
6850000,0000002C,false,Rx,0,8,D0,AA,8F,00,00,00,00,09
6850000,00000050,false,Rx,0,8,40,01,00,00,00,00,00,41
6850000,00000251,false,Rx,0,8,D0,52,74,00,00,00,00,96
6850000,00000260,false,Rx,0,8,D0,A3,90,00,00,00,00,03
6860000,00000018,false,Rx,0,8,47,74,03,00,00,00,00,BE
6860000,0000002C,false,Rx,0,8,E0,AB,3C,00,00,00,00,C7
6860000,00000050,false,Rx,0,8,40,01,00,00,00,00,00,41
6860000,000000A6,false,Rx,0,8,09,4C,09,4C,09,4C,09,4C
6860000,00000251,false,Rx,0,8,E0,53,01,00,00,00,00,34
6860000,00000260,false,Rx,0,8,E0,A5,0C,00,00,00,00,91
6860000,00000316,false,Rx,0,8,40,01,00,00,00,00,00,41
6860000,00000544,false,Rx,0,8,70,00,00,00,00,00,00,00
6870000,00000018,false,Rx,0,8,47,72,03,00,00,00,00,BC
6870000,0000002C,false,Rx,0,8,F0,AD,41,00,00,00,00,DE
6870000,00000050,false,Rx,0,8,40,01,00,00,00,00,00,41
6870000,00000251,false,Rx,0,8,F0,55,16,00,00,00,00,5B
6870000,00000260,false,Rx,0,8,F0,A6,BF,00,00,00,00,55
6880000,00000018,false,Rx,0,8,47,70,02,00,00,00,00,B9
6880000,0000002C,false,Rx,0,8,00,AE,31,00,00,00,00,DF
6880000,00000050,false,Rx,0,8,40,01,00,00,00,00,00,41
6880000,000000A6,false,Rx,0,8,09,41,09,41,09,41,09,41
6880000,00000251,false,Rx,0,8,00,56,06,00,00,00,00,5C
6880000,00000260,false,Rx,0,8,00,A8,E4,00,00,00,00,8C
6880000,00000316,false,Rx,0,8,40,01,00,00,00,00,00,41
6880000,00000544,false,Rx,0,8,80,00,00,00,00,00,00,00
6890000,00000018,false,Rx,0,8,47,6F,00,00,00,00,00,B6
6890000,0000002C,false,Rx,0,8,10,AF,C9,00,00,00,00,88
6890000,00000050,false,Rx,0,8,40,01,00,00,00,00,00,41
6890000,00000251,false,Rx,0,8,10,57,7D,00,00,00,00,E4
6890000,00000260,false,Rx,0,8,10,A9,F9,00,00,00,00,B2
6900000,00000018,false,Rx,0,8,47,6D,01,00,00,00,00,B5
6900000,0000002C,false,Rx,0,8,20,B0,BF,00,00,00,00,8F
6900000,00000050,false,Rx,0,8,40,01,00,00,00,00,00,41
6900000,000000A6,false,Rx,0,8,09,36,09,36,09,36,09,36
6900000,00000251,false,Rx,0,8,20,59,17,00,00,00,00,90
6900000,00000260,false,Rx,0,8,20,AA,16,00,00,00,00,E0
6900000,00000316,false,Rx,0,8,40,01,00,00,00,00,00,41
6900000,00000544,false,Rx,0,8,90,00,00,00,00,00,00,00
6900000,000004F1,false,Rx,0,8,50,00,00,00,00,00,00,50
6910000,00000018,false,Rx,0,8,47,6B,02,00,00,00,00,B4
6910000,0000002C,false,Rx,0,8,30,B1,AD,00,00,00,00,8E
6910000,00000050,false,Rx,0,8,40,01,00,00,00,00,00,41
6910000,00000251,false,Rx,0,8,30,5A,F1,00,00,00,00,7B
6910000,00000260,false,Rx,0,8,30,AC,97,00,00,00,00,73
6920000,00000018,false,Rx,0,8,47,69,02,00,00,00,00,B2
6920000,0000002C,false,Rx,0,8,40,B2,BB,00,00,00,00,AD
6920000,00000050,false,Rx,0,8,40,01,00,00,00,00,00,41
6920000,000000A6,false,Rx,0,8,09,2A,09,2A,09,2A,09,2A
6920000,00000251,false,Rx,0,8,40,5C,BA,00,00,00,00,56
6920000,00000260,false,Rx,0,8,40,AD,62,00,00,00,00,4F
6920000,00000316,false,Rx,0,8,40,01,00,00,00,00,00,41
6920000,00000544,false,Rx,0,8,A0,00,00,00,00,00,00,00
6930000,00000018,false,Rx,0,8,47,66,03,00,00,00,00,B0
6930000,0000002C,false,Rx,0,8,50,B3,49,00,00,00,00,4C
6930000,00000050,false,Rx,0,8,40,01,00,00,00,00,00,41
6930000,00000251,false,Rx,0,8,50,5D,C4,00,00,00,00,71
6930000,00000260,false,Rx,0,8,50,AE,A4,00,00,00,00,A2
6940000,00000018,false,Rx,0,8,47,64,00,00,00,00,00,AB
6940000,0000002C,false,Rx,0,8,60,B4,65,00,00,00,00,79
6940000,00000050,false,Rx,0,8,40,01,00,00,00,00,00,41
6940000,000000A6,false,Rx,0,8,09,1E,09,1E,09,1E,09,1E
6940000,00000251,false,Rx,0,8,60,5F,4C,00,00,00,00,0B
6940000,00000260,false,Rx,0,8,60,AF,2A,00,00,00,00,39
6940000,00000316,false,Rx,0,8,40,01,00,00,00,00,00,41
6940000,00000544,false,Rx,0,8,B0,00,00,00,00,00,00,00
6950000,00000018,false,Rx,0,8,47,62,01,00,00,00,00,AA
6950000,0000002C,false,Rx,0,8,70,B5,CD,00,00,00,00,F2
6950000,00000050,false,Rx,0,8,40,01,00,00,00,00,00,41
6950000,00000251,false,Rx,0,8,70,60,5B,00,00,00,00,2B
6950000,00000260,false,Rx,0,8,70,B0,31,00,00,00,00,51
6960000,00000018,false,Rx,0,8,47,5F,02,00,00,00,00,A8
6960000,0000002C,false,Rx,0,8,80,B6,14,00,00,00,00,4A
6960000,00000050,false,Rx,0,8,40,01,00,00,00,00,00,41
6960000,000000A6,false,Rx,0,8,09,11,09,11,09,11,09,11
6960000,00000251,false,Rx,0,8,80,62,12,00,00,00,00,F4
6960000,00000260,false,Rx,0,8,80,B1,55,00,00,00,00,86
6960000,00000316,false,Rx,0,8,40,01,00,00,00,00,00,41
6960000,00000544,false,Rx,0,8,C0,00,00,00,00,00,00,00
6970000,00000018,false,Rx,0,8,47,5C,01,00,00,00,00,A4
6970000,0000002C,false,Rx,0,8,90,B7,17,00,00,00,00,5E
6970000,00000050,false,Rx,0,8,40,01,00,00,00,00,00,41
6970000,00000251,false,Rx,0,8,90,64,D6,00,00,00,00,CA
6970000,00000260,false,Rx,0,8,90,B2,03,00,00,00,00,45
6980000,00000018,false,Rx,0,8,47,59,03,00,00,00,00,A3
6980000,0000002C,false,Rx,0,8,A0,B7,13,00,00,00,00,6A
6980000,00000050,false,Rx,0,8,40,01,00,00,00,00,00,41
6980000,000000A6,false,Rx,0,8,09,05,09,05,09,05,09,05
6980000,00000251,false,Rx,0,8,A0,65,72,00,00,00,00,77
6980000,00000260,false,Rx,0,8,A0,B3,21,00,00,00,00,74
6980000,00000316,false,Rx,0,8,40,01,00,00,00,00,00,41
6980000,00000544,false,Rx,0,8,D0,00,00,00,00,00,00,00
6990000,00000018,false,Rx,0,8,47,56,00,00,00,00,00,9D
6990000,0000002C,false,Rx,0,8,B0,B8,46,00,00,00,00,AE
6990000,00000050,false,Rx,0,8,40,01,00,00,00,00,00,41
6990000,00000251,false,Rx,0,8,B0,67,A4,00,00,00,00,BB
6990000,00000260,false,Rx,0,8,B0,B4,6B,00,00,00,00,CF
7000000,00000018,false,Rx,0,8,47,53,01,00,00,00,00,9B
7000000,0000002C,false,Rx,0,8,C0,B9,AA,00,00,00,00,23
7000000,00000050,false,Rx,0,8,40,01,00,00,00,00,00,41
7000000,000000A6,false,Rx,0,8,08,F8,08,F8,08,F8,08,F8
7000000,00000251,false,Rx,0,8,C0,69,7F,00,00,00,00,A8
7000000,00000260,false,Rx,0,8,C0,B5,6D,00,00,00,00,E2
7000000,00000316,false,Rx,0,8,40,01,00,00,00,00,00,41
7000000,00000544,false,Rx,0,8,E0,00,00,00,00,00,00,00
7000000,00000593,false,Rx,0,8,B2,B4,B3,B5,00,00,00,00
7000000,000004F1,false,Rx,0,8,60,00,00,00,00,00,00,60
7010000,00000018,false,Rx,0,8,47,50,01,00,00,00,00,98
7010000,0000002C,false,Rx,0,8,D0,B9,F2,00,00,00,00,7B
7010000,00000050,false,Rx,0,8,40,01,00,00,00,00,00,41
7010000,00000251,false,Rx,0,8,D0,6A,D5,00,00,00,00,0F
7010000,00000260,false,Rx,0,8,D0,B6,D9,00,00,00,00,5F
7020000,00000018,false,Rx,0,8,47,4D,02,00,00,00,00,96
7020000,0000002C,false,Rx,0,8,E0,BA,E9,00,00,00,00,83
7020000,00000050,false,Rx,0,8,40,01,00,00,00,00,00,41
7020000,000000A6,false,Rx,0,8,08,EB,08,EB,08,EB,08,EB
7020000,00000251,false,Rx,0,8,E0,6C,A3,00,00,00,00,EF
7020000,00000260,false,Rx,0,8,E0,B7,35,00,00,00,00,CC
7020000,00000316,false,Rx,0,8,40,01,00,00,00,00,00,41
7020000,00000544,false,Rx,0,8,F0,00,00,00,00,00,00,00
7030000,00000018,false,Rx,0,8,47,49,01,00,00,00,00,91
7030000,0000002C,false,Rx,0,8,F0,BA,4C,00,00,00,00,F6
7030000,00000050,false,Rx,0,8,40,01,00,00,00,00,00,41
7030000,00000251,false,Rx,0,8,F0,6E,8A,00,00,00,00,E8
7030000,00000260,false,Rx,0,8,F0,B8,69,00,00,00,00,11
7040000,00000018,false,Rx,0,8,47,46,00,00,00,00,00,8D
7040000,0000002C,false,Rx,0,8,00,BA,47,00,00,00,00,01
7040000,00000050,false,Rx,0,8,40,01,00,00,00,00,00,41
7040000,000000A6,false,Rx,0,8,08,DD,08,DD,08,DD,08,DD
7040000,00000251,false,Rx,0,8,00,70,27,00,00,00,00,97
7040000,00000260,false,Rx,0,8,00,B8,DE,00,00,00,00,96
7040000,00000316,false,Rx,0,8,40,01,00,00,00,00,00,41
7040000,00000544,false,Rx,0,8,00,00,00,00,00,00,00,00
7050000,00000018,false,Rx,0,8,47,42,00,00,00,00,00,89
7050000,0000002C,false,Rx,0,8,10,BB,A7,00,00,00,00,72
7050000,00000050,false,Rx,0,8,40,01,00,00,00,00,00,41
7050000,00000251,false,Rx,0,8,10,72,BE,00,00,00,00,40
7050000,00000260,false,Rx,0,8,10,B9,24,00,00,00,00,ED
7060000,00000018,false,Rx,0,8,47,3E,01,00,00,00,00,86
7060000,0000002C,false,Rx,0,8,20,BB,A3,00,00,00,00,7E
7060000,00000050,false,Rx,0,8,40,01,00,00,00,00,00,41
7060000,000000A6,false,Rx,0,8,08,D0,08,D0,08,D0,08,D0
7060000,00000251,false,Rx,0,8,20,73,3D,00,00,00,00,D0
7060000,00000260,false,Rx,0,8,20,B9,4E,00,00,00,00,27
7060000,00000316,false,Rx,0,8,40,01,00,00,00,00,00,41
7060000,00000544,false,Rx,0,8,10,00,00,00,00,00,00,00
7070000,00000018,false,Rx,0,8,47,3B,02,00,00,00,00,84
7070000,0000002C,false,Rx,0,8,30,BB,53,00,00,00,00,3E
7070000,00000050,false,Rx,0,8,40,01,00,00,00,00,00,41
7070000,00000251,false,Rx,0,8,30,75,1A,00,00,00,00,BF
7070000,00000260,false,Rx,0,8,30,BA,0C,00,00,00,00,F6
7080000,00000018,false,Rx,0,8,47,37,02,00,00,00,00,80
7080000,0000002C,false,Rx,0,8,40,BB,C9,00,00,00,00,C4
7080000,00000050,false,Rx,0,8,40,01,00,00,00,00,00,41
7080000,000000A6,false,Rx,0,8,08,C2,08,C2,08,C2,08,C2
7080000,00000251,false,Rx,0,8,40,77,5B,00,00,00,00,12
7080000,00000260,false,Rx,0,8,40,BA,EB,00,00,00,00,E5
7080000,00000316,false,Rx,0,8,40,01,00,00,00,00,00,41
7080000,00000544,false,Rx,0,8,20,00,00,00,00,00,00,00
7090000,00000018,false,Rx,0,8,47,33,03,00,00,00,00,7D
7090000,0000002C,false,Rx,0,8,50,BB,99,00,00,00,00,A4
7090000,00000050,false,Rx,0,8,40,01,00,00,00,00,00,41
7090000,00000251,false,Rx,0,8,50,79,72,00,00,00,00,3B
7090000,00000260,false,Rx,0,8,50,BB,A9,00,00,00,00,B4
7100000,00000018,false,Rx,0,8,47,2E,00,00,00,00,00,75
7100000,0000002C,false,Rx,0,8,60,BB,AC,00,00,00,00,C7
7100000,00000050,false,Rx,0,8,40,01,00,00,00,00,00,41
7100000,000000A6,false,Rx,0,8,08,B4,08,B4,08,B4,08,B4
7100000,00000251,false,Rx,0,8,60,7B,17,00,00,00,00,F2
7100000,00000260,false,Rx,0,8,60,BB,13,00,00,00,00,2E
7100000,00000316,false,Rx,0,8,40,01,00,00,00,00,00,41
7100000,00000544,false,Rx,0,8,30,00,00,00,00,00,00,00
7100000,000004F1,false,Rx,0,8,70,00,00,00,00,00,00,70
7110000,00000018,false,Rx,0,8,47,2A,03,00,00,00,00,74
7110000,0000002C,false,Rx,0,8,70,BB,FA,00,00,00,00,25
7110000,00000050,false,Rx,0,8,40,01,00,00,00,00,00,41
7110000,00000251,false,Rx,0,8,70,7D,CD,00,00,00,00,BA
7110000,00000260,false,Rx,0,8,70,BB,2C,00,00,00,00,57
7120000,00000018,false,Rx,0,8,47,26,02,00,00,00,00,6F
7120000,0000002C,false,Rx,0,8,80,BB,99,00,00,00,00,D4
7120000,00000050,false,Rx,0,8,40,01,00,00,00,00,00,41
7120000,000000A6,false,Rx,0,8,08,A6,08,A6,08,A6,08,A6
7120000,00000251,false,Rx,0,8,80,7F,23,00,00,00,00,22
7120000,00000260,false,Rx,0,8,80,BB,25,00,00,00,00,60
7120000,00000316,false,Rx,0,8,40,01,00,00,00,00,00,41
7120000,00000544,false,Rx,0,8,40,00,00,00,00,00,00,00
7130000,00000018,false,Rx,0,8,47,21,03,00,00,00,00,6B
7130000,0000002C,false,Rx,0,8,90,BB,F3,00,00,00,00,3E
7130000,00000050,false,Rx,0,8,40,01,00,00,00,00,00,41
7130000,00000251,false,Rx,0,8,90,81,EE,00,00,00,00,FF
7130000,00000260,false,Rx,0,8,90,BB,1B,00,00,00,00,66
7140000,00000018,false,Rx,0,8,47,1D,02,00,00,00,00,66
7140000,0000002C,false,Rx,0,8,A0,BB,08,00,00,00,00,63
7140000,00000050,false,Rx,0,8,40,01,00,00,00,00,00,41
7140000,000000A6,false,Rx,0,8,08,97,08,97,08,97,08,97
7140000,00000251,false,Rx,0,8,A0,82,90,00,00,00,00,B2
7140000,00000260,false,Rx,0,8,A0,BB,5B,00,00,00,00,B6
7140000,00000316,false,Rx,0,8,40,01,00,00,00,00,00,41
7140000,00000544,false,Rx,0,8,50,00,00,00,00,00,00,00
7150000,00000018,false,Rx,0,8,47,18,03,00,00,00,00,62
7150000,0000002C,false,Rx,0,8,B0,BB,BC,00,00,00,00,27
7150000,00000050,false,Rx,0,8,40,01,00,00,00,00,00,41
7150000,00000251,false,Rx,0,8,B0,84,9F,00,00,00,00,D3
7150000,00000260,false,Rx,0,8,B0,BB,80,00,00,00,00,EB
7160000,00000018,false,Rx,0,8,47,14,03,00,00,00,00,5E
7160000,0000002C,false,Rx,0,8,C0,BA,A9,00,00,00,00,23
7160000,00000050,false,Rx,0,8,40,01,00,00,00,00,00,41
7160000,000000A6,false,Rx,0,8,08,89,08,89,08,89,08,89
7160000,00000251,false,Rx,0,8,C0,86,A7,00,00,00,00,ED
7160000,00000260,false,Rx,0,8,C0,BB,24,00,00,00,00,9F
7160000,00000316,false,Rx,0,8,40,01,00,00,00,00,00,41
7160000,00000544,false,Rx,0,8,60,00,00,00,00,00,00,00
7170000,00000018,false,Rx,0,8,47,0F,00,00,00,00,00,56
7170000,0000002C,false,Rx,0,8,D0,BA,38,00,00,00,00,C2
7170000,00000050,false,Rx,0,8,40,01,00,00,00,00,00,41
7170000,00000251,false,Rx,0,8,D0,88,2C,00,00,00,00,84
7170000,00000260,false,Rx,0,8,D0,BB,74,00,00,00,00,FF
7180000,00000018,false,Rx,0,8,47,0A,00,00,00,00,00,51
7180000,0000002C,false,Rx,0,8,E0,BA,D5,00,00,00,00,6F
7180000,00000050,false,Rx,0,8,40,01,00,00,00,00,00,41
7180000,000000A6,false,Rx,0,8,08,7A,08,7A,08,7A,08,7A
7180000,00000251,false,Rx,0,8,E0,8A,E9,00,00,00,00,53
7180000,00000260,false,Rx,0,8,E0,BB,84,00,00,00,00,1F
7180000,00000316,false,Rx,0,8,40,01,00,00,00,00,00,41
7180000,00000544,false,Rx,0,8,70,00,00,00,00,00,00,00
7190000,00000018,false,Rx,0,8,47,05,03,00,00,00,00,4F
7190000,0000002C,false,Rx,0,8,F0,B9,9D,00,00,00,00,46
7190000,00000050,false,Rx,0,8,40,01,00,00,00,00,00,41
7190000,00000251,false,Rx,0,8,F0,8C,04,00,00,00,00,80
7190000,00000260,false,Rx,0,8,F0,BB,D0,00,00,00,00,7B
7200000,00000018,false,Rx,0,8,47,00,02,00,00,00,00,49
7200000,0000002C,false,Rx,0,8,00,B9,0D,00,00,00,00,C6
7200000,00000050,false,Rx,0,8,40,01,00,00,00,00,00,41
7200000,000000A6,false,Rx,0,8,08,6B,08,6B,08,6B,08,6B
7200000,00000251,false,Rx,0,8,00,8E,BC,00,00,00,00,4A
7200000,00000260,false,Rx,0,8,00,BB,C6,00,00,00,00,81
7200000,00000316,false,Rx,0,8,40,01,00,00,00,00,00,41
7200000,00000544,false,Rx,0,8,80,00,00,00,00,00,00,00
7200000,000004F1,false,Rx,0,8,80,00,00,00,00,00,00,80
7210000,00000018,false,Rx,0,8,46,FB,02,00,00,00,00,43
7210000,0000002C,false,Rx,0,8,10,B8,F2,00,00,00,00,BA
7210000,00000050,false,Rx,0,8,40,01,00,00,00,00,00,41
7210000,00000251,false,Rx,0,8,10,8F,66,00,00,00,00,05
7210000,00000260,false,Rx,0,8,10,BA,E6,00,00,00,00,B0
7220000,00000018,false,Rx,0,8,46,F6,00,00,00,00,00,3C
7220000,0000002C,false,Rx,0,8,20,B7,87,00,00,00,00,5E
7220000,00000050,false,Rx,0,8,40,01,00,00,00,00,00,41
7220000,000000A6,false,Rx,0,8,08,5C,08,5C,08,5C,08,5C
7220000,00000251,false,Rx,0,8,20,91,95,00,00,00,00,46
7220000,00000260,false,Rx,0,8,20,BA,CF,00,00,00,00,A9
7220000,00000316,false,Rx,0,8,40,01,00,00,00,00,00,41
7220000,00000544,false,Rx,0,8,90,00,00,00,00,00,00,00
7230000,00000018,false,Rx,0,8,46,F0,00,00,00,00,00,36
7230000,0000002C,false,Rx,0,8,30,B7,74,00,00,00,00,5B
7230000,00000050,false,Rx,0,8,40,01,00,00,00,00,00,41
7230000,00000251,false,Rx,0,8,30,93,9B,00,00,00,00,5E
7230000,00000260,false,Rx,0,8,30,B9,DD,00,00,00,00,C6
7240000,00000018,false,Rx,0,8,46,EB,01,00,00,00,00,32
7240000,0000002C,false,Rx,0,8,40,B6,1A,00,00,00,00,10
7240000,00000050,false,Rx,0,8,40,01,00,00,00,00,00,41
7240000,000000A6,false,Rx,0,8,08,4D,08,4D,08,4D,08,4D
7240000,00000251,false,Rx,0,8,40,95,7C,00,00,00,00,51
7240000,00000260,false,Rx,0,8,40,B9,A1,00,00,00,00,9A
7240000,00000316,false,Rx,0,8,40,01,00,00,00,00,00,41
7240000,00000544,false,Rx,0,8,A0,00,00,00,00,00,00,00
7250000,00000018,false,Rx,0,8,46,E6,00,00,00,00,00,2C
7250000,0000002C,false,Rx,0,8,50,B5,F5,00,00,00,00,FA
7250000,00000050,false,Rx,0,8,40,01,00,00,00,00,00,41
7250000,00000251,false,Rx,0,8,50,97,ED,00,00,00,00,D4
7250000,00000260,false,Rx,0,8,50,B8,08,00,00,00,00,10
7260000,00000018,false,Rx,0,8,46,E0,02,00,00,00,00,28
7260000,0000002C,false,Rx,0,8,60,B4,57,00,00,00,00,6B
7260000,00000050,false,Rx,0,8,40,01,00,00,00,00,00,41
7260000,000000A6,false,Rx,0,8,08,3E,08,3E,08,3E,08,3E
7260000,00000251,false,Rx,0,8,60,98,BC,00,00,00,00,B4
7260000,00000260,false,Rx,0,8,60,B8,C7,00,00,00,00,DF
7260000,00000316,false,Rx,0,8,40,01,00,00,00,00,00,41
7260000,00000544,false,Rx,0,8,B0,00,00,00,00,00,00,00
7270000,00000018,false,Rx,0,8,46,DA,00,00,00,00,00,20
7270000,0000002C,false,Rx,0,8,70,B3,C2,00,00,00,00,E5
7270000,00000050,false,Rx,0,8,40,01,00,00,00,00,00,41
7270000,00000251,false,Rx,0,8,70,9A,FC,00,00,00,00,06
7270000,00000260,false,Rx,0,8,70,B7,3C,00,00,00,00,63
7280000,00000018,false,Rx,0,8,46,D5,01,00,00,00,00,1C
7280000,0000002C,false,Rx,0,8,80,B2,4B,00,00,00,00,7D
7280000,00000050,false,Rx,0,8,40,01,00,00,00,00,00,41
7280000,000000A6,false,Rx,0,8,08,2E,08,2E,08,2E,08,2E
7280000,00000251,false,Rx,0,8,80,9C,64,00,00,00,00,80
7280000,00000260,false,Rx,0,8,80,B6,03,00,00,00,00,39
7280000,00000316,false,Rx,0,8,40,01,00,00,00,00,00,41
7280000,00000544,false,Rx,0,8,C0,00,00,00,00,00,00,00
7290000,00000018,false,Rx,0,8,46,CF,03,00,00,00,00,18
7290000,0000002C,false,Rx,0,8,90,B1,7C,00,00,00,00,BD
7290000,00000050,false,Rx,0,8,40,01,00,00,00,00,00,41
7290000,00000251,false,Rx,0,8,90,9D,7D,00,00,00,00,AA
7290000,00000260,false,Rx,0,8,90,B6,20,00,00,00,00,66
7300000,00000018,false,Rx,0,8,46,CA,03,00,00,00,00,13
7300000,0000002C,false,Rx,0,8,A0,B0,10,00,00,00,00,60
7300000,00000050,false,Rx,0,8,40,01,00,00,00,00,00,41
7300000,000000A6,false,Rx,0,8,08,1F,08,1F,08,1F,08,1F
7300000,00000251,false,Rx,0,8,A0,9F,4D,00,00,00,00,8C
7300000,00000260,false,Rx,0,8,A0,B5,17,00,00,00,00,6C
7300000,00000316,false,Rx,0,8,40,01,00,00,00,00,00,41
7300000,00000544,false,Rx,0,8,D0,00,00,00,00,00,00,00
7300000,000004F1,false,Rx,0,8,90,00,00,00,00,00,00,90
7310000,00000018,false,Rx,0,8,46,C4,02,00,00,00,00,0C
7310000,0000002C,false,Rx,0,8,B0,AF,38,00,00,00,00,97
7310000,00000050,false,Rx,0,8,40,01,00,00,00,00,00,41
7310000,00000251,false,Rx,0,8,B0,A1,03,00,00,00,00,54
7310000,00000260,false,Rx,0,8,B0,B4,25,00,00,00,00,89
7320000,00000018,false,Rx,0,8,46,BE,01,00,00,00,00,05
7320000,0000002C,false,Rx,0,8,C0,AE,61,00,00,00,00,CF
7320000,00000050,false,Rx,0,8,40,01,00,00,00,00,00,41
7320000,000000A6,false,Rx,0,8,08,0F,08,0F,08,0F,08,0F
7320000,00000251,false,Rx,0,8,C0,A2,D1,00,00,00,00,33
7320000,00000260,false,Rx,0,8,C0,B3,B7,00,00,00,00,2A
7320000,00000316,false,Rx,0,8,40,01,00,00,00,00,00,41
7320000,00000544,false,Rx,0,8,E0,00,00,00,00,00,00,00
7330000,00000018,false,Rx,0,8,46,B8,03,00,00,00,00,01
7330000,0000002C,false,Rx,0,8,D0,AC,09,00,00,00,00,85
7330000,00000050,false,Rx,0,8,40,01,00,00,00,00,00,41
7330000,00000251,false,Rx,0,8,D0,A4,0C,00,00,00,00,80
7330000,00000260,false,Rx,0,8,D0,B2,36,00,00,00,00,B8
7340000,00000018,false,Rx,0,8,46,B2,03,00,00,00,00,FB
7340000,0000002C,false,Rx,0,8,E0,AB,E1,00,00,00,00,6C
7340000,00000050,false,Rx,0,8,40,01,00,00,00,00,00,41
7340000,000000A6,false,Rx,0,8,07,FF,07,FF,07,FF,07,FF
7340000,00000251,false,Rx,0,8,E0,A5,77,00,00,00,00,FC
7340000,00000260,false,Rx,0,8,E0,B1,94,00,00,00,00,25
7340000,00000316,false,Rx,0,8,40,01,00,00,00,00,00,41
7340000,00000544,false,Rx,0,8,F0,00,00,00,00,00,00,00
7350000,00000018,false,Rx,0,8,46,AC,00,00,00,00,00,F2
7350000,0000002C,false,Rx,0,8,F0,AA,A0,00,00,00,00,3A
7350000,00000050,false,Rx,0,8,40,01,00,00,00,00,00,41
7350000,00000251,false,Rx,0,8,F0,A7,B1,00,00,00,00,48
7350000,00000260,false,Rx,0,8,F0,B0,9A,00,00,00,00,3A
7360000,00000018,false,Rx,0,8,46,A6,03,00,00,00,00,EF
7360000,0000002C,false,Rx,0,8,00,A8,D6,00,00,00,00,7E
7360000,00000050,false,Rx,0,8,40,01,00,00,00,00,00,41
7360000,000000A6,false,Rx,0,8,07,F0,07,F0,07,F0,07,F0
7360000,00000251,false,Rx,0,8,00,A8,04,00,00,00,00,AC
7360000,00000260,false,Rx,0,8,00,AF,2C,00,00,00,00,DB
7360000,00000316,false,Rx,0,8,40,01,00,00,00,00,00,41
7360000,00000544,false,Rx,0,8,00,00,00,00,00,00,00,00
7370000,00000018,false,Rx,0,8,46,A0,02,00,00,00,00,E8
7370000,0000002C,false,Rx,0,8,10,A7,4D,00,00,00,00,04
7370000,00000050,false,Rx,0,8,40,01,00,00,00,00,00,41
7370000,00000251,false,Rx,0,8,10,A9,AB,00,00,00,00,64
7370000,00000260,false,Rx,0,8,10,AD,90,00,00,00,00,4D
7380000,00000018,false,Rx,0,8,46,9A,03,00,00,00,00,E3
7380000,0000002C,false,Rx,0,8,20,A6,D3,00,00,00,00,99
7380000,00000050,false,Rx,0,8,40,01,00,00,00,00,00,41
7380000,000000A6,false,Rx,0,8,07,E0,07,E0,07,E0,07,E0
7380000,00000251,false,Rx,0,8,20,AB,00,00,00,00,00,CB
7380000,00000260,false,Rx,0,8,20,AC,E0,00,00,00,00,AC
7380000,00000316,false,Rx,0,8,40,01,00,00,00,00,00,41
7380000,00000544,false,Rx,0,8,10,00,00,00,00,00,00,00
7390000,00000018,false,Rx,0,8,46,94,02,00,00,00,00,DC
7390000,0000002C,false,Rx,0,8,30,A4,68,00,00,00,00,3C
7390000,00000050,false,Rx,0,8,40,01,00,00,00,00,00,41
7390000,00000251,false,Rx,0,8,30,AC,C0,00,00,00,00,9C
7390000,00000260,false,Rx,0,8,30,AB,C3,00,00,00,00,9E
7400000,00000018,false,Rx,0,8,46,8E,02,00,00,00,00,D6
7400000,0000002C,false,Rx,0,8,40,A3,D2,00,00,00,00,B5
7400000,00000050,false,Rx,0,8,40,01,00,00,00,00,00,41
7400000,000000A6,false,Rx,0,8,07,D0,07,D0,07,D0,07,D0
7400000,00000251,false,Rx,0,8,40,AD,9D,00,00,00,00,8A
7400000,00000260,false,Rx,0,8,40,A9,CA,00,00,00,00,B3
7400000,00000316,false,Rx,0,8,40,01,00,00,00,00,00,41
7400000,00000544,false,Rx,0,8,20,00,00,00,00,00,00,00
7400000,000004F1,false,Rx,0,8,A0,00,00,00,00,00,00,A0
7410000,00000018,false,Rx,0,8,46,88,00,00,00,00,00,CE
7410000,0000002C,false,Rx,0,8,50,A1,F1,00,00,00,00,E2
7410000,00000050,false,Rx,0,8,40,01,00,00,00,00,00,41
7410000,00000251,false,Rx,0,8,50,AE,35,00,00,00,00,33
7410000,00000260,false,Rx,0,8,50,A8,0F,00,00,00,00,07
7420000,00000018,false,Rx,0,8,46,82,01,00,00,00,00,C9
7420000,0000002C,false,Rx,0,8,60,A0,1F,00,00,00,00,1F
7420000,00000050,false,Rx,0,8,40,01,00,00,00,00,00,41
7420000,000000A6,false,Rx,0,8,07,C0,07,C0,07,C0,07,C0
7420000,00000251,false,Rx,0,8,60,B0,69,00,00,00,00,79
7420000,00000260,false,Rx,0,8,60,A7,F2,00,00,00,00,F9
7420000,00000316,false,Rx,0,8,40,01,00,00,00,00,00,41
7420000,00000544,false,Rx,0,8,30,00,00,00,00,00,00,00
7430000,00000018,false,Rx,0,8,46,7B,02,00,00,00,00,C3
7430000,0000002C,false,Rx,0,8,70,9E,46,00,00,00,00,54
7430000,00000050,false,Rx,0,8,40,01,00,00,00,00,00,41
7430000,00000251,false,Rx,0,8,70,B1,79,00,00,00,00,9A
7430000,00000260,false,Rx,0,8,70,A5,50,00,00,00,00,65
7440000,00000018,false,Rx,0,8,46,75,03,00,00,00,00,BE
7440000,0000002C,false,Rx,0,8,80,9C,6A,00,00,00,00,86
7440000,00000050,false,Rx,0,8,40,01,00,00,00,00,00,41
7440000,000000A6,false,Rx,0,8,07,B0,07,B0,07,B0,07,B0
7440000,00000251,false,Rx,0,8,80,B2,D6,00,00,00,00,08
7440000,00000260,false,Rx,0,8,80,A4,70,00,00,00,00,94
7440000,00000316,false,Rx,0,8,40,01,00,00,00,00,00,41
7440000,00000544,false,Rx,0,8,40,00,00,00,00,00,00,00
7450000,00000018,false,Rx,0,8,46,6F,03,00,00,00,00,B8
7450000,0000002C,false,Rx,0,8,90,9B,A6,00,00,00,00,D1
7450000,00000050,false,Rx,0,8,40,01,00,00,00,00,00,41
7450000,00000251,false,Rx,0,8,90,B3,FB,00,00,00,00,3E
7450000,00000260,false,Rx,0,8,90,A2,45,00,00,00,00,77
7460000,00000018,false,Rx,0,8,46,69,02,00,00,00,00,B1
7460000,0000002C,false,Rx,0,8,A0,99,F4,00,00,00,00,2D
7460000,00000050,false,Rx,0,8,40,01,00,00,00,00,00,41
7460000,000000A6,false,Rx,0,8,07,A0,07,A0,07,A0,07,A0
7460000,00000251,false,Rx,0,8,A0,B4,1E,00,00,00,00,72
7460000,00000260,false,Rx,0,8,A0,A1,C8,00,00,00,00,09
7460000,00000316,false,Rx,0,8,40,01,00,00,00,00,00,41
7460000,00000544,false,Rx,0,8,50,00,00,00,00,00,00,00
7470000,00000018,false,Rx,0,8,46,62,03,00,00,00,00,AB
7470000,0000002C,false,Rx,0,8,B0,97,C0,00,00,00,00,07
7470000,00000050,false,Rx,0,8,40,01,00,00,00,00,00,41
7470000,00000251,false,Rx,0,8,B0,B5,48,00,00,00,00,AD
7470000,00000260,false,Rx,0,8,B0,9F,97,00,00,00,00,E6
7480000,00000018,false,Rx,0,8,46,5C,00,00,00,00,00,A2
7480000,0000002C,false,Rx,0,8,C0,95,A0,00,00,00,00,F5
7480000,00000050,false,Rx,0,8,40,01,00,00,00,00,00,41
7480000,000000A6,false,Rx,0,8,07,90,07,90,07,90,07,90
7480000,00000251,false,Rx,0,8,C0,B5,8F,00,00,00,00,04
7480000,00000260,false,Rx,0,8,C0,9E,49,00,00,00,00,A7
7480000,00000316,false,Rx,0,8,40,01,00,00,00,00,00,41
7480000,00000544,false,Rx,0,8,60,00,00,00,00,00,00,00
7490000,00000018,false,Rx,0,8,46,56,03,00,00,00,00,9F
7490000,0000002C,false,Rx,0,8,D0,94,58,00,00,00,00,BC
7490000,00000050,false,Rx,0,8,40,01,00,00,00,00,00,41
7490000,00000251,false,Rx,0,8,D0,B6,2F,00,00,00,00,B5
7490000,00000260,false,Rx,0,8,D0,9C,98,00,00,00,00,04
7500000,00000018,false,Rx,0,8,46,50,00,00,00,00,00,96
7500000,0000002C,false,Rx,0,8,E0,92,EB,00,00,00,00,5D
7500000,00000050,false,Rx,0,8,40,01,00,00,00,00,00,41
7500000,000000A6,false,Rx,0,8,07,80,07,80,07,80,07,80
7500000,00000251,false,Rx,0,8,E0,B7,16,00,00,00,00,AD
7500000,00000260,false,Rx,0,8,E0,9A,BF,00,00,00,00,39
7500000,00000316,false,Rx,0,8,40,01,00,00,00,00,00,41
7500000,00000544,false,Rx,0,8,70,00,00,00,00,00,00,00
7500000,000004F1,false,Rx,0,8,B0,00,00,00,00,00,00,B0
7510000,00000018,false,Rx,0,8,46,49,02,00,00,00,00,91
7510000,0000002C,false,Rx,0,8,F0,90,AF,00,00,00,00,2F
7510000,00000050,false,Rx,0,8,40,01,00,00,00,00,00,41
7510000,00000251,false,Rx,0,8,F0,B8,76,00,00,00,00,1E
7510000,00000260,false,Rx,0,8,F0,98,05,00,00,00,00,8D
7520000,00000018,false,Rx,0,8,46,43,02,00,00,00,00,8B
7520000,0000002C,false,Rx,0,8,00,8E,B5,00,00,00,00,43
7520000,00000050,false,Rx,0,8,40,01,00,00,00,00,00,41
7520000,000000A6,false,Rx,0,8,07,6F,07,6F,07,6F,07,6F
7520000,00000251,false,Rx,0,8,00,B8,D3,00,00,00,00,8B
7520000,00000260,false,Rx,0,8,00,97,48,00,00,00,00,DF
7520000,00000316,false,Rx,0,8,40,01,00,00,00,00,00,41
7520000,00000544,false,Rx,0,8,80,00,00,00,00,00,00,00
7530000,00000018,false,Rx,0,8,46,3D,02,00,00,00,00,85
7530000,0000002C,false,Rx,0,8,10,8C,87,00,00,00,00,23
7530000,00000050,false,Rx,0,8,40,01,00,00,00,00,00,41
7530000,00000251,false,Rx,0,8,10,B9,BE,00,00,00,00,87
7530000,00000260,false,Rx,0,8,10,95,3F,00,00,00,00,E4
7540000,00000018,false,Rx,0,8,46,36,00,00,00,00,00,7C
7540000,0000002C,false,Rx,0,8,20,8B,F7,00,00,00,00,A2
7540000,00000050,false,Rx,0,8,40,01,00,00,00,00,00,41
7540000,000000A6,false,Rx,0,8,07,5F,07,5F,07,5F,07,5F
7540000,00000251,false,Rx,0,8,20,B9,EA,00,00,00,00,C3
7540000,00000260,false,Rx,0,8,20,93,15,00,00,00,00,C8
7540000,00000316,false,Rx,0,8,40,01,00,00,00,00,00,41
7540000,00000544,false,Rx,0,8,90,00,00,00,00,00,00,00
7550000,00000018,false,Rx,0,8,46,30,03,00,00,00,00,79
7550000,0000002C,false,Rx,0,8,30,89,62,00,00,00,00,1B
7550000,00000050,false,Rx,0,8,40,01,00,00,00,00,00,41
7550000,00000251,false,Rx,0,8,30,BA,2B,00,00,00,00,15
7550000,00000260,false,Rx,0,8,30,91,02,00,00,00,00,C3
7560000,00000018,false,Rx,0,8,46,2A,00,00,00,00,00,70
7560000,0000002C,false,Rx,0,8,40,87,7E,00,00,00,00,45
7560000,00000050,false,Rx,0,8,40,01,00,00,00,00,00,41
7560000,000000A6,false,Rx,0,8,07,4F,07,4F,07,4F,07,4F
7560000,00000251,false,Rx,0,8,40,BA,30,00,00,00,00,2A
7560000,00000260,false,Rx,0,8,40,90,C9,00,00,00,00,99
7560000,00000316,false,Rx,0,8,40,01,00,00,00,00,00,41
7560000,00000544,false,Rx,0,8,A0,00,00,00,00,00,00,00
7570000,00000018,false,Rx,0,8,46,24,03,00,00,00,00,6D
7570000,0000002C,false,Rx,0,8,50,85,8E,00,00,00,00,63
7570000,00000050,false,Rx,0,8,40,01,00,00,00,00,00,41
7570000,00000251,false,Rx,0,8,50,BB,44,00,00,00,00,4F
7570000,00000260,false,Rx,0,8,50,8E,2B,00,00,00,00,09
7580000,00000018,false,Rx,0,8,46,1D,03,00,00,00,00,66
7580000,0000002C,false,Rx,0,8,60,83,98,00,00,00,00,7B
7580000,00000050,false,Rx,0,8,40,01,00,00,00,00,00,41
7580000,000000A6,false,Rx,0,8,07,3F,07,3F,07,3F,07,3F
7580000,00000251,false,Rx,0,8,60,BB,C9,00,00,00,00,E4
7580000,00000260,false,Rx,0,8,60,8C,9C,00,00,00,00,88
7580000,00000316,false,Rx,0,8,40,01,00,00,00,00,00,41
7580000,00000544,false,Rx,0,8,B0,00,00,00,00,00,00,00
7590000,00000018,false,Rx,0,8,46,17,00,00,00,00,00,5D
7590000,0000002C,false,Rx,0,8,70,81,73,00,00,00,00,64
7590000,00000050,false,Rx,0,8,40,01,00,00,00,00,00,41
7590000,00000251,false,Rx,0,8,70,BB,26,00,00,00,00,51
7590000,00000260,false,Rx,0,8,70,8A,6B,00,00,00,00,65
7600000,00000018,false,Rx,0,8,46,11,01,00,00,00,00,58
7600000,0000002C,false,Rx,0,8,80,7F,98,00,00,00,00,97
7600000,00000050,false,Rx,0,8,40,01,00,00,00,00,00,41
7600000,000000A6,false,Rx,0,8,07,2F,07,2F,07,2F,07,2F
7600000,00000251,false,Rx,0,8,80,BB,1F,00,00,00,00,5A
7600000,00000260,false,Rx,0,8,80,88,B0,00,00,00,00,B8
7600000,00000316,false,Rx,0,8,40,01,00,00,00,00,00,41
7600000,00000544,false,Rx,0,8,C0,00,00,00,00,00,00,00
7600000,000004F1,false,Rx,0,8,C0,00,00,00,00,00,00,C0
7610000,00000018,false,Rx,0,8,46,0B,02,00,00,00,00,53
7610000,0000002C,false,Rx,0,8,90,7E,93,00,00,00,00,A1
7610000,00000050,false,Rx,0,8,40,01,00,00,00,00,00,41
7610000,00000251,false,Rx,0,8,90,BB,DE,00,00,00,00,29
7610000,00000260,false,Rx,0,8,90,86,6C,00,00,00,00,82
7620000,00000018,false,Rx,0,8,46,05,03,00,00,00,00,4E
7620000,0000002C,false,Rx,0,8,A0,7C,6A,00,00,00,00,86
7620000,00000050,false,Rx,0,8,40,01,00,00,00,00,00,41
7620000,000000A6,false,Rx,0,8,07,1F,07,1F,07,1F,07,1F
7620000,00000251,false,Rx,0,8,A0,BB,42,00,00,00,00,9D
7620000,00000260,false,Rx,0,8,A0,85,D3,00,00,00,00,F8
7620000,00000316,false,Rx,0,8,40,01,00,00,00,00,00,41
7620000,00000544,false,Rx,0,8,D0,00,00,00,00,00,00,00
7630000,00000018,false,Rx,0,8,45,FF,03,00,00,00,00,47
7630000,0000002C,false,Rx,0,8,B0,7A,FA,00,00,00,00,24
7630000,00000050,false,Rx,0,8,40,01,00,00,00,00,00,41
7630000,00000251,false,Rx,0,8,B0,BB,79,00,00,00,00,E4
7630000,00000260,false,Rx,0,8,B0,83,48,00,00,00,00,7B
7640000,00000018,false,Rx,0,8,45,F9,00,00,00,00,00,3E
7640000,0000002C,false,Rx,0,8,C0,78,A2,00,00,00,00,DA
7640000,00000050,false,Rx,0,8,40,01,00,00,00,00,00,41
7640000,000000A6,false,Rx,0,8,07,0F,07,0F,07,0F,07,0F
7640000,00000251,false,Rx,0,8,C0,BB,95,00,00,00,00,10
7640000,00000260,false,Rx,0,8,C0,81,52,00,00,00,00,93
7640000,00000316,false,Rx,0,8,40,01,00,00,00,00,00,41
7640000,00000544,false,Rx,0,8,E0,00,00,00,00,00,00,00
7650000,00000018,false,Rx,0,8,45,F3,01,00,00,00,00,39
7650000,0000002C,false,Rx,0,8,D0,76,F5,00,00,00,00,3B
7650000,00000050,false,Rx,0,8,40,01,00,00,00,00,00,41
7650000,00000251,false,Rx,0,8,D0,BB,85,00,00,00,00,10
7650000,00000260,false,Rx,0,8,D0,7F,5E,00,00,00,00,AD
7660000,00000018,false,Rx,0,8,45,ED,02,00,00,00,00,34
7660000,0000002C,false,Rx,0,8,E0,74,B2,00,00,00,00,06
7660000,00000050,false,Rx,0,8,40,01,00,00,00,00,00,41
7660000,000000A6,false,Rx,0,8,07,00,07,00,07,00,07,00
7660000,00000251,false,Rx,0,8,E0,BB,A1,00,00,00,00,3C
7660000,00000260,false,Rx,0,8,E0,7D,71,00,00,00,00,CE
7660000,00000316,false,Rx,0,8,40,01,00,00,00,00,00,41
7660000,00000544,false,Rx,0,8,F0,00,00,00,00,00,00,00
7670000,00000018,false,Rx,0,8,45,E7,01,00,00,00,00,2D
7670000,0000002C,false,Rx,0,8,F0,72,8C,00,00,00,00,EE
7670000,00000050,false,Rx,0,8,40,01,00,00,00,00,00,41
7670000,00000251,false,Rx,0,8,F0,BB,C9,00,00,00,00,74
7670000,00000260,false,Rx,0,8,F0,7B,81,00,00,00,00,EC
7680000,00000018,false,Rx,0,8,45,E1,02,00,00,00,00,28
7680000,0000002C,false,Rx,0,8,00,70,93,00,00,00,00,03
7680000,00000050,false,Rx,0,8,40,01,00,00,00,00,00,41
7680000,000000A6,false,Rx,0,8,06,F0,06,F0,06,F0,06,F0
7680000,00000251,false,Rx,0,8,00,BB,A7,00,00,00,00,62
7680000,00000260,false,Rx,0,8,00,79,63,00,00,00,00,DC
7680000,00000316,false,Rx,0,8,40,01,00,00,00,00,00,41
7680000,00000544,false,Rx,0,8,00,00,00,00,00,00,00,00
7690000,00000018,false,Rx,0,8,45,DB,03,00,00,00,00,23
7690000,0000002C,false,Rx,0,8,10,6F,3E,00,00,00,00,BD
7690000,00000050,false,Rx,0,8,40,01,00,00,00,00,00,41
7690000,00000251,false,Rx,0,8,10,BA,A2,00,00,00,00,6C
7690000,00000260,false,Rx,0,8,10,77,3A,00,00,00,00,C1
7700000,00000018,false,Rx,0,8,45,D5,03,00,00,00,00,1D
7700000,0000002C,false,Rx,0,8,20,6D,C2,00,00,00,00,4F
7700000,00000050,false,Rx,0,8,40,01,00,00,00,00,00,41
7700000,000000A6,false,Rx,0,8,06,E0,06,E0,06,E0,06,E0
7700000,00000251,false,Rx,0,8,20,BA,E7,00,00,00,00,C1
7700000,00000260,false,Rx,0,8,20,76,5C,00,00,00,00,F2
7700000,00000316,false,Rx,0,8,40,01,00,00,00,00,00,41
7700000,00000544,false,Rx,0,8,10,00,00,00,00,00,00,00
7700000,000004F1,false,Rx,0,8,D0,00,00,00,00,00,00,D0
7710000,00000018,false,Rx,0,8,45,D0,00,00,00,00,00,15
7710000,0000002C,false,Rx,0,8,30,6B,CA,00,00,00,00,65
7710000,00000050,false,Rx,0,8,40,01,00,00,00,00,00,41
7710000,00000251,false,Rx,0,8,30,B9,8B,00,00,00,00,74
7710000,00000260,false,Rx,0,8,30,74,1B,00,00,00,00,BF
7720000,00000018,false,Rx,0,8,45,CA,00,00,00,00,00,0F
7720000,0000002C,false,Rx,0,8,40,69,B0,00,00,00,00,59
7720000,00000050,false,Rx,0,8,40,01,00,00,00,00,00,41
7720000,000000A6,false,Rx,0,8,06,D1,06,D1,06,D1,06,D1
7720000,00000251,false,Rx,0,8,40,B9,77,00,00,00,00,70
7720000,00000260,false,Rx,0,8,40,72,EC,00,00,00,00,9E
7720000,00000316,false,Rx,0,8,40,01,00,00,00,00,00,41
7720000,00000544,false,Rx,0,8,20,00,00,00,00,00,00,00
7730000,00000018,false,Rx,0,8,45,C5,01,00,00,00,00,0B
7730000,0000002C,false,Rx,0,8,50,68,4A,00,00,00,00,02
7730000,00000050,false,Rx,0,8,40,01,00,00,00,00,00,41
7730000,00000251,false,Rx,0,8,50,B8,26,00,00,00,00,2E
7730000,00000260,false,Rx,0,8,50,70,25,00,00,00,00,E5
7740000,00000018,false,Rx,0,8,45,BF,01,00,00,00,00,05
7740000,0000002C,false,Rx,0,8,60,66,94,00,00,00,00,5A
7740000,00000050,false,Rx,0,8,40,01,00,00,00,00,00,41
7740000,000000A6,false,Rx,0,8,06,C1,06,C1,06,C1,06,C1
7740000,00000251,false,Rx,0,8,60,B8,67,00,00,00,00,7F
7740000,00000260,false,Rx,0,8,60,6E,94,00,00,00,00,62
7740000,00000316,false,Rx,0,8,40,01,00,00,00,00,00,41
7740000,00000544,false,Rx,0,8,30,00,00,00,00,00,00,00
7750000,00000018,false,Rx,0,8,45,BA,02,00,00,00,00,01
7750000,0000002C,false,Rx,0,8,70,64,15,00,00,00,00,E9
7750000,00000050,false,Rx,0,8,40,01,00,00,00,00,00,41
7750000,00000251,false,Rx,0,8,70,B7,45,00,00,00,00,6C
7750000,00000260,false,Rx,0,8,70,6C,22,00,00,00,00,FE
7760000,00000018,false,Rx,0,8,45,B4,00,00,00,00,00,F9
7760000,0000002C,false,Rx,0,8,80,63,93,00,00,00,00,76
7760000,00000050,false,Rx,0,8,40,01,00,00,00,00,00,41
7760000,000000A6,false,Rx,0,8,06,B2,06,B2,06,B2,06,B2
7760000,00000251,false,Rx,0,8,80,B6,37,00,00,00,00,6D
7760000,00000260,false,Rx,0,8,80,6B,80,00,00,00,00,6B
7760000,00000316,false,Rx,0,8,40,01,00,00,00,00,00,41
7760000,00000544,false,Rx,0,8,40,00,00,00,00,00,00,00
7770000,00000018,false,Rx,0,8,45,AF,03,00,00,00,00,F7
7770000,0000002C,false,Rx,0,8,90,61,28,00,00,00,00,19
7770000,00000050,false,Rx,0,8,40,01,00,00,00,00,00,41
7770000,00000251,false,Rx,0,8,90,B5,4F,00,00,00,00,94
7770000,00000260,false,Rx,0,8,90,69,32,00,00,00,00,2B
7780000,00000018,false,Rx,0,8,45,A9,00,00,00,00,00,EE
7780000,0000002C,false,Rx,0,8,A0,5F,B1,00,00,00,00,B0
7780000,00000050,false,Rx,0,8,40,01,00,00,00,00,00,41
7780000,000000A6,false,Rx,0,8,06,A3,06,A3,06,A3,06,A3
7780000,00000251,false,Rx,0,8,A0,B4,36,00,00,00,00,8A
7780000,00000260,false,Rx,0,8,A0,67,65,00,00,00,00,6C
7780000,00000316,false,Rx,0,8,40,01,00,00,00,00,00,41
7780000,00000544,false,Rx,0,8,50,00,00,00,00,00,00,00
7790000,00000018,false,Rx,0,8,45,A4,01,00,00,00,00,EA
7790000,0000002C,false,Rx,0,8,B0,5E,E2,00,00,00,00,F0
7790000,00000050,false,Rx,0,8,40,01,00,00,00,00,00,41
7790000,00000251,false,Rx,0,8,B0,B4,54,00,00,00,00,B8
7790000,00000260,false,Rx,0,8,B0,65,F9,00,00,00,00,0E
7800000,00000018,false,Rx,0,8,45,9F,00,00,00,00,00,E4
7800000,0000002C,false,Rx,0,8,C0,5C,83,00,00,00,00,9F
7800000,00000050,false,Rx,0,8,40,01,00,00,00,00,00,41
7800000,000000A6,false,Rx,0,8,06,94,06,94,06,94,06,94
7800000,00000251,false,Rx,0,8,C0,B3,E6,00,00,00,00,59
7800000,00000260,false,Rx,0,8,C0,64,A9,00,00,00,00,CD
7800000,00000316,false,Rx,0,8,40,01,00,00,00,00,00,41
7800000,00000544,false,Rx,0,8,60,00,00,00,00,00,00,00
7800000,000004F1,false,Rx,0,8,E0,00,00,00,00,00,00,E0
7810000,00000018,false,Rx,0,8,45,9A,03,00,00,00,00,E2
7810000,0000002C,false,Rx,0,8,D0,5B,F5,00,00,00,00,20
7810000,00000050,false,Rx,0,8,40,01,00,00,00,00,00,41
7810000,00000251,false,Rx,0,8,D0,B2,EE,00,00,00,00,70
7810000,00000260,false,Rx,0,8,D0,62,B6,00,00,00,00,E8
7820000,00000018,false,Rx,0,8,45,95,00,00,00,00,00,DA
7820000,0000002C,false,Rx,0,8,E0,59,6D,00,00,00,00,A6
7820000,00000050,false,Rx,0,8,40,01,00,00,00,00,00,41
7820000,000000A6,false,Rx,0,8,06,85,06,85,06,85,06,85
7820000,00000251,false,Rx,0,8,E0,B1,A0,00,00,00,00,31
7820000,00000260,false,Rx,0,8,E0,60,41,00,00,00,00,81
7820000,00000316,false,Rx,0,8,40,01,00,00,00,00,00,41
7820000,00000544,false,Rx,0,8,70,00,00,00,00,00,00,00
7830000,00000018,false,Rx,0,8,45,90,01,00,00,00,00,D6
7830000,0000002C,false,Rx,0,8,F0,58,67,00,00,00,00,AF
7830000,00000050,false,Rx,0,8,40,01,00,00,00,00,00,41
7830000,00000251,false,Rx,0,8,F0,AF,D0,00,00,00,00,6F
7830000,00000260,false,Rx,0,8,F0,5F,78,00,00,00,00,C7
7840000,00000018,false,Rx,0,8,45,8B,03,00,00,00,00,D3
7840000,0000002C,false,Rx,0,8,00,56,8A,00,00,00,00,E0
7840000,00000050,false,Rx,0,8,40,01,00,00,00,00,00,41
7840000,000000A6,false,Rx,0,8,06,76,06,76,06,76,06,76
7840000,00000251,false,Rx,0,8,00,AE,3D,00,00,00,00,EB
7840000,00000260,false,Rx,0,8,00,5D,33,00,00,00,00,90
7840000,00000316,false,Rx,0,8,40,01,00,00,00,00,00,41
7840000,00000544,false,Rx,0,8,80,00,00,00,00,00,00,00
7850000,00000018,false,Rx,0,8,45,87,02,00,00,00,00,CE
7850000,0000002C,false,Rx,0,8,10,55,8B,00,00,00,00,F0
7850000,00000050,false,Rx,0,8,40,01,00,00,00,00,00,41
7850000,00000251,false,Rx,0,8,10,AD,B7,00,00,00,00,74
7850000,00000260,false,Rx,0,8,10,5C,91,00,00,00,00,FD
7860000,00000018,false,Rx,0,8,45,82,02,00,00,00,00,C9
7860000,0000002C,false,Rx,0,8,20,54,46,00,00,00,00,BA
7860000,00000050,false,Rx,0,8,40,01,00,00,00,00,00,41
7860000,000000A6,false,Rx,0,8,06,68,06,68,06,68,06,68
7860000,00000251,false,Rx,0,8,20,AC,6A,00,00,00,00,36
7860000,00000260,false,Rx,0,8,20,5A,23,00,00,00,00,9D
7860000,00000316,false,Rx,0,8,40,01,00,00,00,00,00,41
7860000,00000544,false,Rx,0,8,90,00,00,00,00,00,00,00
7870000,00000018,false,Rx,0,8,45,7E,03,00,00,00,00,C6
7870000,0000002C,false,Rx,0,8,30,52,37,00,00,00,00,B9
7870000,00000050,false,Rx,0,8,40,01,00,00,00,00,00,41
7870000,00000251,false,Rx,0,8,30,AA,E7,00,00,00,00,C1
7870000,00000260,false,Rx,0,8,30,59,63,00,00,00,00,EC
7880000,00000018,false,Rx,0,8,45,79,03,00,00,00,00,C1
7880000,0000002C,false,Rx,0,8,40,51,7A,00,00,00,00,0B
7880000,00000050,false,Rx,0,8,40,01,00,00,00,00,00,41
7880000,000000A6,false,Rx,0,8,06,59,06,59,06,59,06,59
7880000,00000251,false,Rx,0,8,40,A9,9D,00,00,00,00,86
7880000,00000260,false,Rx,0,8,40,57,A2,00,00,00,00,39
7880000,00000316,false,Rx,0,8,40,01,00,00,00,00,00,41
7880000,00000544,false,Rx,0,8,A0,00,00,00,00,00,00,00
7890000,00000018,false,Rx,0,8,45,75,03,00,00,00,00,BD
7890000,0000002C,false,Rx,0,8,50,50,7C,00,00,00,00,1C
7890000,00000050,false,Rx,0,8,40,01,00,00,00,00,00,41
7890000,00000251,false,Rx,0,8,50,A8,ED,00,00,00,00,E5
7890000,00000260,false,Rx,0,8,50,56,F8,00,00,00,00,9E
7900000,00000018,false,Rx,0,8,45,71,01,00,00,00,00,B7
7900000,0000002C,false,Rx,0,8,60,4F,19,00,00,00,00,C8
7900000,00000050,false,Rx,0,8,40,01,00,00,00,00,00,41
7900000,000000A6,false,Rx,0,8,06,4B,06,4B,06,4B,06,4B
7900000,00000251,false,Rx,0,8,60,A6,87,00,00,00,00,8D
7900000,00000260,false,Rx,0,8,60,55,E6,00,00,00,00,9B
7900000,00000316,false,Rx,0,8,40,01,00,00,00,00,00,41
7900000,00000544,false,Rx,0,8,B0,00,00,00,00,00,00,00
7900000,000004F1,false,Rx,0,8,F0,00,00,00,00,00,00,F0
7910000,00000018,false,Rx,0,8,45,6C,03,00,00,00,00,B4
7910000,0000002C,false,Rx,0,8,70,4E,73,00,00,00,00,31
7910000,00000050,false,Rx,0,8,40,01,00,00,00,00,00,41
7910000,00000251,false,Rx,0,8,70,A5,3D,00,00,00,00,52
7910000,00000260,false,Rx,0,8,70,53,A8,00,00,00,00,6B
7920000,00000018,false,Rx,0,8,45,68,01,00,00,00,00,AE
7920000,0000002C,false,Rx,0,8,80,4D,77,00,00,00,00,44
7920000,00000050,false,Rx,0,8,40,01,00,00,00,00,00,41
7920000,000000A6,false,Rx,0,8,06,3D,06,3D,06,3D,06,3D
7920000,00000251,false,Rx,0,8,80,A3,2E,00,00,00,00,51
7920000,00000260,false,Rx,0,8,80,52,9C,00,00,00,00,6E
7920000,00000316,false,Rx,0,8,40,01,00,00,00,00,00,41
7920000,00000544,false,Rx,0,8,C0,00,00,00,00,00,00,00
7930000,00000018,false,Rx,0,8,45,64,03,00,00,00,00,AC
7930000,0000002C,false,Rx,0,8,90,4C,1A,00,00,00,00,F6
7930000,00000050,false,Rx,0,8,40,01,00,00,00,00,00,41
7930000,00000251,false,Rx,0,8,90,A2,50,00,00,00,00,82
7930000,00000260,false,Rx,0,8,90,51,4E,00,00,00,00,2F
7940000,00000018,false,Rx,0,8,45,61,01,00,00,00,00,A7
7940000,0000002C,false,Rx,0,8,A0,4B,33,00,00,00,00,1E
7940000,00000050,false,Rx,0,8,40,01,00,00,00,00,00,41
7940000,000000A6,false,Rx,0,8,06,2F,06,2F,06,2F,06,2F
7940000,00000251,false,Rx,0,8,A0,A0,9B,00,00,00,00,DB
7940000,00000260,false,Rx,0,8,A0,50,BA,00,00,00,00,AA
7940000,00000316,false,Rx,0,8,40,01,00,00,00,00,00,41
7940000,00000544,false,Rx,0,8,D0,00,00,00,00,00,00,00
7950000,00000018,false,Rx,0,8,45,5D,01,00,00,00,00,A3
7950000,0000002C,false,Rx,0,8,B0,4A,D3,00,00,00,00,CD
7950000,00000050,false,Rx,0,8,40,01,00,00,00,00,00,41
7950000,00000251,false,Rx,0,8,B0,9F,14,00,00,00,00,63
7950000,00000260,false,Rx,0,8,B0,4F,A1,00,00,00,00,A0
7960000,00000018,false,Rx,0,8,45,59,00,00,00,00,00,9E
7960000,0000002C,false,Rx,0,8,C0,49,A9,00,00,00,00,B2
7960000,00000050,false,Rx,0,8,40,01,00,00,00,00,00,41
7960000,000000A6,false,Rx,0,8,06,22,06,22,06,22,06,22
7960000,00000251,false,Rx,0,8,C0,9D,6E,00,00,00,00,CB
7960000,00000260,false,Rx,0,8,C0,4E,DB,00,00,00,00,E9
7960000,00000316,false,Rx,0,8,40,01,00,00,00,00,00,41
7960000,00000544,false,Rx,0,8,E0,00,00,00,00,00,00,00
7970000,00000018,false,Rx,0,8,45,56,02,00,00,00,00,9D
7970000,0000002C,false,Rx,0,8,D0,48,F1,00,00,00,00,09
7970000,00000050,false,Rx,0,8,40,01,00,00,00,00,00,41
7970000,00000251,false,Rx,0,8,D0,9B,A7,00,00,00,00,12
7970000,00000260,false,Rx,0,8,D0,4D,56,00,00,00,00,73
7980000,00000018,false,Rx,0,8,45,52,03,00,00,00,00,9A
7980000,0000002C,false,Rx,0,8,E0,48,33,00,00,00,00,5B
7980000,00000050,false,Rx,0,8,40,01,00,00,00,00,00,41
7980000,000000A6,false,Rx,0,8,06,14,06,14,06,14,06,14
7980000,00000251,false,Rx,0,8,E0,9A,4B,00,00,00,00,C5
7980000,00000260,false,Rx,0,8,E0,4C,02,00,00,00,00,2E
7980000,00000316,false,Rx,0,8,40,01,00,00,00,00,00,41
7980000,00000544,false,Rx,0,8,F0,00,00,00,00,00,00,00
7990000,00000018,false,Rx,0,8,45,4F,02,00,00,00,00,96
7990000,0000002C,false,Rx,0,8,F0,47,46,00,00,00,00,7D
7990000,00000050,false,Rx,0,8,40,01,00,00,00,00,00,41
7990000,00000251,false,Rx,0,8,F0,98,2E,00,00,00,00,B6
7990000,00000260,false,Rx,0,8,F0,4B,A0,00,00,00,00,DB
8000000,00000018,false,Rx,0,8,45,4C,02,00,00,00,00,93
8000000,0000002C,false,Rx,0,8,00,46,02,00,00,00,00,48
8000000,00000050,false,Rx,0,8,40,01,00,00,00,00,00,41
8000000,000000A6,false,Rx,0,8,06,07,06,07,06,07,06,07
8000000,00000251,false,Rx,0,8,00,96,7F,00,00,00,00,15
8000000,00000260,false,Rx,0,8,00,4A,7E,00,00,00,00,C8
8000000,00000316,false,Rx,0,8,40,01,00,00,00,00,00,41
8000000,00000544,false,Rx,0,8,00,00,00,00,00,00,00,00
8000000,00000593,false,Rx,0,8,B2,B4,B3,B5,00,00,00,00
8000000,000004F1,false,Rx,0,8,00,00,00,00,00,00,00,00
8010000,00000018,false,Rx,0,8,45,49,00,00,00,00,00,8E
8010000,0000002C,false,Rx,0,8,10,46,50,00,00,00,00,A6
8010000,00000050,false,Rx,0,8,40,01,00,00,00,00,00,41
8010000,00000251,false,Rx,0,8,10,95,B6,00,00,00,00,5B
8010000,00000260,false,Rx,0,8,10,49,71,00,00,00,00,CA
8020000,00000018,false,Rx,0,8,45,46,02,00,00,00,00,8D
8020000,0000002C,false,Rx,0,8,20,45,D0,00,00,00,00,35
8020000,00000050,false,Rx,0,8,40,01,00,00,00,00,00,41
8020000,000000A6,false,Rx,0,8,05,FA,05,FA,05,FA,05,FA
8020000,00000251,false,Rx,0,8,20,93,CA,00,00,00,00,7D
8020000,00000260,false,Rx,0,8,20,48,DF,00,00,00,00,47
8020000,00000316,false,Rx,0,8,40,01,00,00,00,00,00,41
8020000,00000544,false,Rx,0,8,10,00,00,00,00,00,00,00
8029999,00000018,false,Rx,0,8,45,43,02,00,00,00,00,8A
8029999,0000002C,false,Rx,0,8,30,45,F3,00,00,00,00,68
8029999,00000050,false,Rx,0,8,40,01,00,00,00,00,00,41
8029999,00000251,false,Rx,0,8,30,91,19,00,00,00,00,DA
8029999,00000260,false,Rx,0,8,30,47,8D,00,00,00,00,04
8039999,00000018,false,Rx,0,8,45,40,03,00,00,00,00,88
8039999,0000002C,false,Rx,0,8,40,45,F4,00,00,00,00,79
8039999,00000050,false,Rx,0,8,40,01,00,00,00,00,00,41
8039999,000000A6,false,Rx,0,8,05,EE,05,EE,05,EE,05,EE
8039999,00000251,false,Rx,0,8,40,8F,99,00,00,00,00,68
8039999,00000260,false,Rx,0,8,40,47,B8,00,00,00,00,3F
8039999,00000316,false,Rx,0,8,40,01,00,00,00,00,00,41
8039999,00000544,false,Rx,0,8,20,00,00,00,00,00,00,00
8050000,00000018,false,Rx,0,8,45,3D,01,00,00,00,00,83
8050000,0000002C,false,Rx,0,8,50,44,66,00,00,00,00,FA
8050000,00000050,false,Rx,0,8,40,01,00,00,00,00,00,41
8050000,00000251,false,Rx,0,8,50,8D,85,00,00,00,00,62
8050000,00000260,false,Rx,0,8,50,46,44,00,00,00,00,DA
8060000,00000018,false,Rx,0,8,45,3B,03,00,00,00,00,83
8060000,0000002C,false,Rx,0,8,60,44,93,00,00,00,00,37
8060000,00000050,false,Rx,0,8,40,01,00,00,00,00,00,41
8060000,000000A6,false,Rx,0,8,05,E1,05,E1,05,E1,05,E1
8060000,00000251,false,Rx,0,8,60,8C,59,00,00,00,00,45
8060000,00000260,false,Rx,0,8,60,46,A9,00,00,00,00,4F
8060000,00000316,false,Rx,0,8,40,01,00,00,00,00,00,41
8060000,00000544,false,Rx,0,8,30,00,00,00,00,00,00,00
8070000,00000018,false,Rx,0,8,45,39,03,00,00,00,00,81
8070000,0000002C,false,Rx,0,8,70,44,A4,00,00,00,00,58
8070000,00000050,false,Rx,0,8,40,01,00,00,00,00,00,41
8070000,00000251,false,Rx,0,8,70,8A,0F,00,00,00,00,09
8070000,00000260,false,Rx,0,8,70,45,F5,00,00,00,00,AA
8080000,00000018,false,Rx,0,8,45,36,02,00,00,00,00,7D
8080000,0000002C,false,Rx,0,8,80,44,92,00,00,00,00,56
8080000,00000050,false,Rx,0,8,40,01,00,00,00,00,00,41
8080000,000000A6,false,Rx,0,8,05,D5,05,D5,05,D5,05,D5
8080000,00000251,false,Rx,0,8,80,88,CF,00,00,00,00,D7
8080000,00000260,false,Rx,0,8,80,45,EC,00,00,00,00,B1
8080000,00000316,false,Rx,0,8,40,01,00,00,00,00,00,41
8080000,00000544,false,Rx,0,8,40,00,00,00,00,00,00,00
8090000,00000018,false,Rx,0,8,45,34,02,00,00,00,00,7B
8090000,0000002C,false,Rx,0,8,90,44,1E,00,00,00,00,F2
8090000,00000050,false,Rx,0,8,40,01,00,00,00,00,00,41
8090000,00000251,false,Rx,0,8,90,86,E7,00,00,00,00,FD
8090000,00000260,false,Rx,0,8,90,44,E4,00,00,00,00,B8
8100000,00000018,false,Rx,0,8,45,32,03,00,00,00,00,7A
8100000,0000002C,false,Rx,0,8,A0,44,2D,00,00,00,00,11
8100000,00000050,false,Rx,0,8,40,01,00,00,00,00,00,41
8100000,000000A6,false,Rx,0,8,05,C9,05,C9,05,C9,05,C9
8100000,00000251,false,Rx,0,8,A0,84,7F,00,00,00,00,A3
8100000,00000260,false,Rx,0,8,A0,44,B7,00,00,00,00,9B
8100000,00000316,false,Rx,0,8,40,01,00,00,00,00,00,41
8100000,00000544,false,Rx,0,8,50,00,00,00,00,00,00,00
8100000,000004F1,false,Rx,0,8,10,00,00,00,00,00,00,10
8109999,00000018,false,Rx,0,8,45,30,03,00,00,00,00,78
8109999,0000002C,false,Rx,0,8,B0,44,76,00,00,00,00,6A
8109999,00000050,false,Rx,0,8,40,01,00,00,00,00,00,41
8109999,00000251,false,Rx,0,8,B0,82,30,00,00,00,00,62
8109999,00000260,false,Rx,0,8,B0,44,9C,00,00,00,00,90
8119999,00000018,false,Rx,0,8,45,2F,02,00,00,00,00,76
8119999,0000002C,false,Rx,0,8,C0,44,13,00,00,00,00,17
8119999,00000050,false,Rx,0,8,40,01,00,00,00,00,00,41
8119999,000000A6,false,Rx,0,8,05,BE,05,BE,05,BE,05,BE
8119999,00000251,false,Rx,0,8,C0,80,EC,00,00,00,00,2C
8119999,00000260,false,Rx,0,8,C0,44,F9,00,00,00,00,FD
8119999,00000316,false,Rx,0,8,40,01,00,00,00,00,00,41
8119999,00000544,false,Rx,0,8,60,00,00,00,00,00,00,00
8130000,00000018,false,Rx,0,8,45,2D,01,00,00,00,00,73
8130000,0000002C,false,Rx,0,8,D0,44,59,00,00,00,00,6D
8130000,00000050,false,Rx,0,8,40,01,00,00,00,00,00,41
8130000,00000251,false,Rx,0,8,D0,7E,34,00,00,00,00,82
8130000,00000260,false,Rx,0,8,D0,44,37,00,00,00,00,4B
8140000,00000018,false,Rx,0,8,45,2B,01,00,00,00,00,71
8140000,0000002C,false,Rx,0,8,E0,44,D5,00,00,00,00,F9
8140000,00000050,false,Rx,0,8,40,01,00,00,00,00,00,41
8140000,000000A6,false,Rx,0,8,05,B3,05,B3,05,B3,05,B3
8140000,00000251,false,Rx,0,8,E0,7D,47,00,00,00,00,A4
8140000,00000260,false,Rx,0,8,E0,44,59,00,00,00,00,7D
8140000,00000316,false,Rx,0,8,40,01,00,00,00,00,00,41
8140000,00000544,false,Rx,0,8,70,00,00,00,00,00,00,00
8150000,00000018,false,Rx,0,8,45,2A,03,00,00,00,00,72
8150000,0000002C,false,Rx,0,8,F0,44,5A,00,00,00,00,8E
8150000,00000050,false,Rx,0,8,40,01,00,00,00,00,00,41
8150000,00000251,false,Rx,0,8,F0,7B,3E,00,00,00,00,A9
8150000,00000260,false,Rx,0,8,F0,44,29,00,00,00,00,5D
8160000,00000018,false,Rx,0,8,45,29,01,00,00,00,00,6F
8160000,0000002C,false,Rx,0,8,00,45,12,00,00,00,00,57
8160000,00000050,false,Rx,0,8,40,01,00,00,00,00,00,41
8160000,000000A6,false,Rx,0,8,05,A7,05,A7,05,A7,05,A7
8160000,00000251,false,Rx,0,8,00,79,06,00,00,00,00,7F
8160000,00000260,false,Rx,0,8,00,44,8F,00,00,00,00,D3
8160000,00000316,false,Rx,0,8,40,01,00,00,00,00,00,41
8160000,00000544,false,Rx,0,8,80,00,00,00,00,00,00,00
8170000,00000018,false,Rx,0,8,45,28,03,00,00,00,00,70
8170000,0000002C,false,Rx,0,8,10,45,CB,00,00,00,00,20
8170000,00000050,false,Rx,0,8,40,01,00,00,00,00,00,41
8170000,00000251,false,Rx,0,8,10,77,1F,00,00,00,00,A6
8170000,00000260,false,Rx,0,8,10,44,47,00,00,00,00,9B
8180000,00000018,false,Rx,0,8,45,27,00,00,00,00,00,6C
8180000,0000002C,false,Rx,0,8,20,45,FD,00,00,00,00,62
8180000,00000050,false,Rx,0,8,40,01,00,00,00,00,00,41
8180000,000000A6,false,Rx,0,8,05,9D,05,9D,05,9D,05,9D
8180000,00000251,false,Rx,0,8,20,75,71,00,00,00,00,06
8180000,00000260,false,Rx,0,8,20,44,64,00,00,00,00,C8
8180000,00000316,false,Rx,0,8,40,01,00,00,00,00,00,41
8180000,00000544,false,Rx,0,8,90,00,00,00,00,00,00,00
8189999,00000018,false,Rx,0,8,45,26,02,00,00,00,00,6D
8189999,0000002C,false,Rx,0,8,30,46,5F,00,00,00,00,D5
8189999,00000050,false,Rx,0,8,40,01,00,00,00,00,00,41
8189999,00000251,false,Rx,0,8,30,73,42,00,00,00,00,E5
8189999,00000260,false,Rx,0,8,30,44,86,00,00,00,00,FA
8199999,00000018,false,Rx,0,8,45,25,03,00,00,00,00,6D
8199999,0000002C,false,Rx,0,8,40,46,94,00,00,00,00,1A
8199999,00000050,false,Rx,0,8,40,01,00,00,00,00,00,41
8199999,000000A6,false,Rx,0,8,05,92,05,92,05,92,05,92
8199999,00000251,false,Rx,0,8,40,71,65,00,00,00,00,16
8199999,00000260,false,Rx,0,8,40,44,27,00,00,00,00,AB
8199999,00000316,false,Rx,0,8,40,01,00,00,00,00,00,41
8199999,00000544,false,Rx,0,8,A0,00,00,00,00,00,00,00
8199999,000004F1,false,Rx,0,8,20,00,00,00,00,00,00,20
8210000,00000018,false,Rx,0,8,45,25,03,00,00,00,00,6D
8210000,0000002C,false,Rx,0,8,50,47,13,00,00,00,00,AA
8210000,00000050,false,Rx,0,8,40,01,00,00,00,00,00,41
8210000,00000251,false,Rx,0,8,50,70,CD,00,00,00,00,8D
8210000,00000260,false,Rx,0,8,50,45,26,00,00,00,00,BB
8220000,00000018,false,Rx,0,8,45,24,03,00,00,00,00,6C
8220000,0000002C,false,Rx,0,8,60,48,04,00,00,00,00,AC
8220000,00000050,false,Rx,0,8,40,01,00,00,00,00,00,41
8220000,000000A6,false,Rx,0,8,05,88,05,88,05,88,05,88
8220000,00000251,false,Rx,0,8,60,6E,BE,00,00,00,00,8C
8220000,00000260,false,Rx,0,8,60,45,09,00,00,00,00,AE
8220000,00000316,false,Rx,0,8,40,01,00,00,00,00,00,41
8220000,00000544,false,Rx,0,8,B0,00,00,00,00,00,00,00
8230000,00000018,false,Rx,0,8,45,24,01,00,00,00,00,6A
8230000,0000002C,false,Rx,0,8,70,48,98,00,00,00,00,50
8230000,00000050,false,Rx,0,8,40,01,00,00,00,00,00,41
8230000,00000251,false,Rx,0,8,70,6C,2B,00,00,00,00,07
8230000,00000260,false,Rx,0,8,70,46,0F,00,00,00,00,C5
8240000,00000018,false,Rx,0,8,45,24,03,00,00,00,00,6C
8240000,0000002C,false,Rx,0,8,80,49,36,00,00,00,00,FF
8240000,00000050,false,Rx,0,8,40,01,00,00,00,00,00,41
8240000,000000A6,false,Rx,0,8,05,7E,05,7E,05,7E,05,7E
8240000,00000251,false,Rx,0,8,80,6A,84,00,00,00,00,6E
8240000,00000260,false,Rx,0,8,80,46,CF,00,00,00,00,95
8240000,00000316,false,Rx,0,8,40,01,00,00,00,00,00,41
8240000,00000544,false,Rx,0,8,C0,00,00,00,00,00,00,00
8250000,00000018,false,Rx,0,8,45,24,00,00,00,00,00,69
8250000,0000002C,false,Rx,0,8,90,4A,AB,00,00,00,00,85
8250000,00000050,false,Rx,0,8,40,01,00,00,00,00,00,41
8250000,00000251,false,Rx,0,8,90,68,26,00,00,00,00,1E
8250000,00000260,false,Rx,0,8,90,47,6C,00,00,00,00,43
8260000,00000018,false,Rx,0,8,45,24,01,00,00,00,00,6A
8260000,0000002C,false,Rx,0,8,A0,4B,91,00,00,00,00,7C
8260000,00000050,false,Rx,0,8,40,01,00,00,00,00,00,41
8260000,000000A6,false,Rx,0,8,05,75,05,75,05,75,05,75
8260000,00000251,false,Rx,0,8,A0,67,0B,00,00,00,00,12
8260000,00000260,false,Rx,0,8,A0,47,12,00,00,00,00,F9
8260000,00000316,false,Rx,0,8,40,01,00,00,00,00,00,41
8260000,00000544,false,Rx,0,8,D0,00,00,00,00,00,00,00
8270000,00000018,false,Rx,0,8,45,24,02,00,00,00,00,6B
8270000,0000002C,false,Rx,0,8,B0,4C,E8,00,00,00,00,E4
8270000,00000050,false,Rx,0,8,40,01,00,00,00,00,00,41
8270000,00000251,false,Rx,0,8,B0,65,21,00,00,00,00,36
8270000,00000260,false,Rx,0,8,B0,48,85,00,00,00,00,7D
8279999,00000018,false,Rx,0,8,45,24,00,00,00,00,00,69
8279999,0000002C,false,Rx,0,8,C0,4D,FC,00,00,00,00,09
8279999,00000050,false,Rx,0,8,40,01,00,00,00,00,00,41
8279999,000000A6,false,Rx,0,8,05,6C,05,6C,05,6C,05,6C
8279999,00000251,false,Rx,0,8,C0,63,65,00,00,00,00,88
8279999,00000260,false,Rx,0,8,C0,49,F1,00,00,00,00,FA
8279999,00000316,false,Rx,0,8,40,01,00,00,00,00,00,41
8279999,00000544,false,Rx,0,8,E0,00,00,00,00,00,00,00
8289999,00000018,false,Rx,0,8,45,25,03,00,00,00,00,6D
8289999,0000002C,false,Rx,0,8,D0,4E,44,00,00,00,00,62
8289999,00000050,false,Rx,0,8,40,01,00,00,00,00,00,41
8289999,00000251,false,Rx,0,8,D0,62,E3,00,00,00,00,15
8289999,00000260,false,Rx,0,8,D0,49,4C,00,00,00,00,65
8300000,00000018,false,Rx,0,8,45,25,00,00,00,00,00,6A
8300000,0000002C,false,Rx,0,8,E0,4F,EF,00,00,00,00,1E
8300000,00000050,false,Rx,0,8,40,01,00,00,00,00,00,41
8300000,000000A6,false,Rx,0,8,05,63,05,63,05,63,05,63
8300000,00000251,false,Rx,0,8,E0,60,41,00,00,00,00,81
8300000,00000260,false,Rx,0,8,E0,4A,BB,00,00,00,00,E5
8300000,00000316,false,Rx,0,8,40,01,00,00,00,00,00,41
8300000,00000544,false,Rx,0,8,F0,00,00,00,00,00,00,00
8300000,000004F1,false,Rx,0,8,30,00,00,00,00,00,00,30
8310000,00000018,false,Rx,0,8,45,26,03,00,00,00,00,6E
8310000,0000002C,false,Rx,0,8,F0,50,8B,00,00,00,00,CB
8310000,00000050,false,Rx,0,8,40,01,00,00,00,00,00,41
8310000,00000251,false,Rx,0,8,F0,5E,2F,00,00,00,00,7D
8310000,00000260,false,Rx,0,8,F0,4B,C8,00,00,00,00,03
8320000,00000018,false,Rx,0,8,45,27,00,00,00,00,00,6C
8320000,0000002C,false,Rx,0,8,00,51,62,00,00,00,00,B3
8320000,00000050,false,Rx,0,8,40,01,00,00,00,00,00,41
8320000,000000A6,false,Rx,0,8,05,5B,05,5B,05,5B,05,5B
8320000,00000251,false,Rx,0,8,00,5D,A9,00,00,00,00,06
8320000,00000260,false,Rx,0,8,00,4C,72,00,00,00,00,BE
8320000,00000316,false,Rx,0,8,40,01,00,00,00,00,00,41
8320000,00000544,false,Rx,0,8,00,00,00,00,00,00,00,00
8330000,00000018,false,Rx,0,8,45,28,01,00,00,00,00,6E
8330000,0000002C,false,Rx,0,8,10,53,39,00,00,00,00,9C
8330000,00000050,false,Rx,0,8,40,01,00,00,00,00,00,41
8330000,00000251,false,Rx,0,8,10,5B,3E,00,00,00,00,A9
8330000,00000260,false,Rx,0,8,10,4D,94,00,00,00,00,F1
8340000,00000018,false,Rx,0,8,45,29,03,00,00,00,00,71
8340000,0000002C,false,Rx,0,8,20,54,A9,00,00,00,00,1D
8340000,00000050,false,Rx,0,8,40,01,00,00,00,00,00,41
8340000,000000A6,false,Rx,0,8,05,53,05,53,05,53,05,53
8340000,00000251,false,Rx,0,8,20,5A,15,00,00,00,00,8F
8340000,00000260,false,Rx,0,8,20,4E,44,00,00,00,00,B2
8340000,00000316,false,Rx,0,8,40,01,00,00,00,00,00,41
8340000,00000544,false,Rx,0,8,10,00,00,00,00,00,00,00
8350000,00000018,false,Rx,0,8,45,2A,01,00,00,00,00,70
8350000,0000002C,false,Rx,0,8,30,55,53,00,00,00,00,D8
8350000,00000050,false,Rx,0,8,40,01,00,00,00,00,00,41
8350000,00000251,false,Rx,0,8,30,58,EC,00,00,00,00,74
8350000,00000260,false,Rx,0,8,30,4F,ED,00,00,00,00,6C
8359999,00000018,false,Rx,0,8,45,2B,00,00,00,00,00,70
8359999,0000002C,false,Rx,0,8,40,57,EA,00,00,00,00,81
8359999,00000050,false,Rx,0,8,40,01,00,00,00,00,00,41
8359999,000000A6,false,Rx,0,8,05,4B,05,4B,05,4B,05,4B
8359999,00000251,false,Rx,0,8,40,57,19,00,00,00,00,B0
8359999,00000260,false,Rx,0,8,40,50,2E,00,00,00,00,BE
8359999,00000316,false,Rx,0,8,40,01,00,00,00,00,00,41
8359999,00000544,false,Rx,0,8,20,00,00,00,00,00,00,00
8369999,00000018,false,Rx,0,8,45,2D,03,00,00,00,00,75
8369999,0000002C,false,Rx,0,8,50,58,83,00,00,00,00,2B
8369999,00000050,false,Rx,0,8,40,01,00,00,00,00,00,41
8369999,00000251,false,Rx,0,8,50,56,56,00,00,00,00,FC
8369999,00000260,false,Rx,0,8,50,52,CB,00,00,00,00,6D
8380000,00000018,false,Rx,0,8,45,2F,02,00,00,00,00,76
8380000,0000002C,false,Rx,0,8,60,59,5F,00,00,00,00,18
8380000,00000050,false,Rx,0,8,40,01,00,00,00,00,00,41
8380000,000000A6,false,Rx,0,8,05,43,05,43,05,43,05,43
8380000,00000251,false,Rx,0,8,60,54,DD,00,00,00,00,91
8380000,00000260,false,Rx,0,8,60,53,BA,00,00,00,00,6D
8380000,00000316,false,Rx,0,8,40,01,00,00,00,00,00,41
8380000,00000544,false,Rx,0,8,30,00,00,00,00,00,00,00
8390000,00000018,false,Rx,0,8,45,30,02,00,00,00,00,77
8390000,0000002C,false,Rx,0,8,70,5B,07,00,00,00,00,D2
8390000,00000050,false,Rx,0,8,40,01,00,00,00,00,00,41
8390000,00000251,false,Rx,0,8,70,53,CA,00,00,00,00,8D
8390000,00000260,false,Rx,0,8,70,54,05,00,00,00,00,C9
8400000,00000018,false,Rx,0,8,45,32,03,00,00,00,00,7A
8400000,0000002C,false,Rx,0,8,80,5C,AC,00,00,00,00,88
8400000,00000050,false,Rx,0,8,40,01,00,00,00,00,00,41
8400000,000000A6,false,Rx,0,8,05,3C,05,3C,05,3C,05,3C
8400000,00000251,false,Rx,0,8,80,52,FE,00,00,00,00,D0
8400000,00000260,false,Rx,0,8,80,56,7A,00,00,00,00,50
8400000,00000316,false,Rx,0,8,40,01,00,00,00,00,00,41
8400000,00000544,false,Rx,0,8,40,00,00,00,00,00,00,00
8400000,000004F1,false,Rx,0,8,40,00,00,00,00,00,00,40
8410000,00000018,false,Rx,0,8,45,34,00,00,00,00,00,79
8410000,0000002C,false,Rx,0,8,90,5E,97,00,00,00,00,85
8410000,00000050,false,Rx,0,8,40,01,00,00,00,00,00,41
8410000,00000251,false,Rx,0,8,90,51,0F,00,00,00,00,F0
8410000,00000260,false,Rx,0,8,90,57,54,00,00,00,00,3B
8420000,00000018,false,Rx,0,8,45,36,02,00,00,00,00,7D
8420000,0000002C,false,Rx,0,8,A0,5F,62,00,00,00,00,61
8420000,00000050,false,Rx,0,8,40,01,00,00,00,00,00,41
8420000,000000A6,false,Rx,0,8,05,36,05,36,05,36,05,36
8420000,00000251,false,Rx,0,8,A0,4F,C3,00,00,00,00,B2
8420000,00000260,false,Rx,0,8,A0,58,47,00,00,00,00,3F
8420000,00000316,false,Rx,0,8,40,01,00,00,00,00,00,41
8420000,00000544,false,Rx,0,8,50,00,00,00,00,00,00,00
8430000,00000018,false,Rx,0,8,45,39,03,00,00,00,00,81
8430000,0000002C,false,Rx,0,8,B0,61,59,00,00,00,00,6A
8430000,00000050,false,Rx,0,8,40,01,00,00,00,00,00,41
8430000,00000251,false,Rx,0,8,B0,4E,DA,00,00,00,00,D8
8430000,00000260,false,Rx,0,8,B0,5A,E4,00,00,00,00,EE
8440000,00000018,false,Rx,0,8,45,3B,02,00,00,00,00,82
8440000,0000002C,false,Rx,0,8,C0,63,CF,00,00,00,00,F2
8440000,00000050,false,Rx,0,8,40,01,00,00,00,00,00,41
8440000,000000A6,false,Rx,0,8,05,2F,05,2F,05,2F,05,2F
8440000,00000251,false,Rx,0,8,C0,4D,58,00,00,00,00,65
8440000,00000260,false,Rx,0,8,C0,5B,51,00,00,00,00,6C
8440000,00000316,false,Rx,0,8,40,01,00,00,00,00,00,41
8440000,00000544,false,Rx,0,8,60,00,00,00,00,00,00,00
8450000,00000018,false,Rx,0,8,45,3D,03,00,00,00,00,85
8450000,0000002C,false,Rx,0,8,D0,64,DA,00,00,00,00,0E
8450000,00000050,false,Rx,0,8,40,01,00,00,00,00,00,41
8450000,00000251,false,Rx,0,8,D0,4C,B5,00,00,00,00,D1
8450000,00000260,false,Rx,0,8,D0,5D,5B,00,00,00,00,88
8460000,00000018,false,Rx,0,8,45,40,00,00,00,00,00,85
8460000,0000002C,false,Rx,0,8,E0,66,A7,00,00,00,00,ED
8460000,00000050,false,Rx,0,8,40,01,00,00,00,00,00,41
8460000,000000A6,false,Rx,0,8,05,2A,05,2A,05,2A,05,2A
8460000,00000251,false,Rx,0,8,E0,4B,6D,00,00,00,00,98
8460000,00000260,false,Rx,0,8,E0,5E,4A,00,00,00,00,88
8460000,00000316,false,Rx,0,8,40,01,00,00,00,00,00,41
8460000,00000544,false,Rx,0,8,70,00,00,00,00,00,00,00
8470000,00000018,false,Rx,0,8,45,43,00,00,00,00,00,88
8470000,0000002C,false,Rx,0,8,F0,68,2C,00,00,00,00,84
8470000,00000050,false,Rx,0,8,40,01,00,00,00,00,00,41
8470000,00000251,false,Rx,0,8,F0,4A,5F,00,00,00,00,99
8470000,00000260,false,Rx,0,8,F0,60,F7,00,00,00,00,47
8480000,00000018,false,Rx,0,8,45,46,01,00,00,00,00,8C
8480000,0000002C,false,Rx,0,8,00,6A,CD,00,00,00,00,37
8480000,00000050,false,Rx,0,8,40,01,00,00,00,00,00,41
8480000,000000A6,false,Rx,0,8,05,24,05,24,05,24,05,24
8480000,00000251,false,Rx,0,8,00,4A,8C,00,00,00,00,D6
8480000,00000260,false,Rx,0,8,00,61,B7,00,00,00,00,18
8480000,00000316,false,Rx,0,8,40,01,00,00,00,00,00,41
8480000,00000544,false,Rx,0,8,80,00,00,00,00,00,00,00
8490000,00000018,false,Rx,0,8,45,49,02,00,00,00,00,90
8490000,0000002C,false,Rx,0,8,10,6B,30,00,00,00,00,AB
8490000,00000050,false,Rx,0,8,40,01,00,00,00,00,00,41
8490000,00000251,false,Rx,0,8,10,49,8F,00,00,00,00,E8
8490000,00000260,false,Rx,0,8,10,63,14,00,00,00,00,87
8500000,00000018,false,Rx,0,8,45,4C,01,00,00,00,00,92
8500000,0000002C,false,Rx,0,8,20,6D,5E,00,00,00,00,EB
8500000,00000050,false,Rx,0,8,40,01,00,00,00,00,00,41
8500000,000000A6,false,Rx,0,8,05,1F,05,1F,05,1F,05,1F
8500000,00000251,false,Rx,0,8,20,48,E4,00,00,00,00,4C
8500000,00000260,false,Rx,0,8,20,65,70,00,00,00,00,F5
8500000,00000316,false,Rx,0,8,40,01,00,00,00,00,00,41
8500000,00000544,false,Rx,0,8,90,00,00,00,00,00,00,00
8500000,000004F1,false,Rx,0,8,50,00,00,00,00,00,00,50
8510000,00000018,false,Rx,0,8,45,4F,00,00,00,00,00,94
8510000,0000002C,false,Rx,0,8,30,6F,47,00,00,00,00,E6
8510000,00000050,false,Rx,0,8,40,01,00,00,00,00,00,41
8510000,00000251,false,Rx,0,8,30,47,4C,00,00,00,00,C3
8510000,00000260,false,Rx,0,8,30,67,F9,00,00,00,00,90
8520000,00000018,false,Rx,0,8,45,52,03,00,00,00,00,9A
8520000,0000002C,false,Rx,0,8,40,71,F4,00,00,00,00,A5
8520000,00000050,false,Rx,0,8,40,01,00,00,00,00,00,41
8520000,000000A6,false,Rx,0,8,05,1A,05,1A,05,1A,05,1A
8520000,00000251,false,Rx,0,8,40,47,11,00,00,00,00,98
8520000,00000260,false,Rx,0,8,40,68,76,00,00,00,00,1E
8520000,00000316,false,Rx,0,8,40,01,00,00,00,00,00,41
8520000,00000544,false,Rx,0,8,A0,00,00,00,00,00,00,00
8530000,00000018,false,Rx,0,8,45,56,00,00,00,00,00,9B
8530000,0000002C,false,Rx,0,8,50,73,A5,00,00,00,00,68
8530000,00000050,false,Rx,0,8,40,01,00,00,00,00,00,41
8530000,00000251,false,Rx,0,8,50,46,7D,00,00,00,00,13
8530000,00000260,false,Rx,0,8,50,6A,20,00,00,00,00,DA
8540000,00000018,false,Rx,0,8,45,59,00,00,00,00,00,9E
8540000,0000002C,false,Rx,0,8,60,74,7F,00,00,00,00,53
8540000,00000050,false,Rx,0,8,40,01,00,00,00,00,00,41
8540000,000000A6,false,Rx,0,8,05,16,05,16,05,16,05,16
8540000,00000251,false,Rx,0,8,60,46,97,00,00,00,00,3D
8540000,00000260,false,Rx,0,8,60,6C,87,00,00,00,00,53
8540000,00000316,false,Rx,0,8,40,01,00,00,00,00,00,41
8540000,00000544,false,Rx,0,8,B0,00,00,00,00,00,00,00
8550000,00000018,false,Rx,0,8,45,5D,03,00,00,00,00,A5
8550000,0000002C,false,Rx,0,8,70,76,03,00,00,00,00,E9
8550000,00000050,false,Rx,0,8,40,01,00,00,00,00,00,41
8550000,00000251,false,Rx,0,8,70,45,FF,00,00,00,00,B4
8550000,00000260,false,Rx,0,8,70,6E,BD,00,00,00,00,9B
8560000,00000018,false,Rx,0,8,45,61,01,00,00,00,00,A7
8560000,0000002C,false,Rx,0,8,80,78,85,00,00,00,00,7D
8560000,00000050,false,Rx,0,8,40,01,00,00,00,00,00,41
8560000,000000A6,false,Rx,0,8,05,12,05,12,05,12,05,12
8560000,00000251,false,Rx,0,8,80,45,D2,00,00,00,00,97
8560000,00000260,false,Rx,0,8,80,6F,77,00,00,00,00,66
8560000,00000316,false,Rx,0,8,40,01,00,00,00,00,00,41
8560000,00000544,false,Rx,0,8,C0,00,00,00,00,00,00,00
8570000,00000018,false,Rx,0,8,45,64,02,00,00,00,00,AB
8570000,0000002C,false,Rx,0,8,90,7A,C4,00,00,00,00,CE
8570000,00000050,false,Rx,0,8,40,01,00,00,00,00,00,41
8570000,00000251,false,Rx,0,8,90,44,F5,00,00,00,00,C9
8570000,00000260,false,Rx,0,8,90,71,15,00,00,00,00,16
8580000,00000018,false,Rx,0,8,45,68,00,00,00,00,00,AD
8580000,0000002C,false,Rx,0,8,A0,7C,78,00,00,00,00,94
8580000,00000050,false,Rx,0,8,40,01,00,00,00,00,00,41
8580000,000000A6,false,Rx,0,8,05,0E,05,0E,05,0E,05,0E
8580000,00000251,false,Rx,0,8,A0,44,1F,00,00,00,00,03
8580000,00000260,false,Rx,0,8,A0,73,69,00,00,00,00,7C
8580000,00000316,false,Rx,0,8,40,01,00,00,00,00,00,41
8580000,00000544,false,Rx,0,8,D0,00,00,00,00,00,00,00
8590000,00000018,false,Rx,0,8,45,6C,00,00,00,00,00,B1
8590000,0000002C,false,Rx,0,8,B0,7E,E4,00,00,00,00,12
8590000,00000050,false,Rx,0,8,40,01,00,00,00,00,00,41
8590000,00000251,false,Rx,0,8,B0,44,2C,00,00,00,00,20
8590000,00000260,false,Rx,0,8,B0,75,B8,00,00,00,00,DD
8600000,00000018,false,Rx,0,8,45,71,02,00,00,00,00,B8
8600000,0000002C,false,Rx,0,8,C0,80,88,00,00,00,00,C8
8600000,00000050,false,Rx,0,8,40,01,00,00,00,00,00,41
8600000,000000A6,false,Rx,0,8,05,0B,05,0B,05,0B,05,0B
8600000,00000251,false,Rx,0,8,C0,44,8F,00,00,00,00,93
8600000,00000260,false,Rx,0,8,C0,77,C6,00,00,00,00,FD
8600000,00000316,false,Rx,0,8,40,01,00,00,00,00,00,41
8600000,00000544,false,Rx,0,8,E0,00,00,00,00,00,00,00
8600000,000004F1,false,Rx,0,8,60,00,00,00,00,00,00,60
8610000,00000018,false,Rx,0,8,45,75,00,00,00,00,00,BA
8610000,0000002C,false,Rx,0,8,D0,81,A8,00,00,00,00,F9
8610000,00000050,false,Rx,0,8,40,01,00,00,00,00,00,41
8610000,00000251,false,Rx,0,8,D0,44,C4,00,00,00,00,D8
8610000,00000260,false,Rx,0,8,D0,79,F0,00,00,00,00,39
8620000,00000018,false,Rx,0,8,45,79,02,00,00,00,00,C0
8620000,0000002C,false,Rx,0,8,E0,83,9A,00,00,00,00,FD
8620000,00000050,false,Rx,0,8,40,01,00,00,00,00,00,41
8620000,000000A6,false,Rx,0,8,05,08,05,08,05,08,05,08
8620000,00000251,false,Rx,0,8,E0,44,46,00,00,00,00,6A
8620000,00000260,false,Rx,0,8,E0,7A,E8,00,00,00,00,42
8620000,00000316,false,Rx,0,8,40,01,00,00,00,00,00,41
8620000,00000544,false,Rx,0,8,F0,00,00,00,00,00,00,00
8630000,00000018,false,Rx,0,8,45,7E,02,00,00,00,00,C5
8630000,0000002C,false,Rx,0,8,F0,85,05,00,00,00,00,7A
8630000,00000050,false,Rx,0,8,40,01,00,00,00,00,00,41
8630000,00000251,false,Rx,0,8,F0,44,D6,00,00,00,00,0A
8630000,00000260,false,Rx,0,8,F0,7C,17,00,00,00,00,83
8640000,00000018,false,Rx,0,8,45,82,02,00,00,00,00,C9
8640000,0000002C,false,Rx,0,8,00,87,85,00,00,00,00,0C
8640000,00000050,false,Rx,0,8,40,01,00,00,00,00,00,41
8640000,000000A6,false,Rx,0,8,05,06,05,06,05,06,05,06
8640000,00000251,false,Rx,0,8,00,44,66,00,00,00,00,AA
8640000,00000260,false,Rx,0,8,00,7E,14,00,00,00,00,92
8640000,00000316,false,Rx,0,8,40,01,00,00,00,00,00,41
8640000,00000544,false,Rx,0,8,00,00,00,00,00,00,00,00
8650000,00000018,false,Rx,0,8,45,87,03,00,00,00,00,CF
8650000,0000002C,false,Rx,0,8,10,89,B8,00,00,00,00,51
8650000,00000050,false,Rx,0,8,40,01,00,00,00,00,00,41
8650000,00000251,false,Rx,0,8,10,44,7F,00,00,00,00,D3
8650000,00000260,false,Rx,0,8,10,80,A5,00,00,00,00,35
8660000,00000018,false,Rx,0,8,45,8B,01,00,00,00,00,D1
8660000,0000002C,false,Rx,0,8,20,8B,78,00,00,00,00,23
8660000,00000050,false,Rx,0,8,40,01,00,00,00,00,00,41
8660000,000000A6,false,Rx,0,8,05,04,05,04,05,04,05,04
8660000,00000251,false,Rx,0,8,20,44,09,00,00,00,00,6D
8660000,00000260,false,Rx,0,8,20,82,34,00,00,00,00,D6
8660000,00000316,false,Rx,0,8,40,01,00,00,00,00,00,41
8660000,00000544,false,Rx,0,8,10,00,00,00,00,00,00,00
8670000,00000018,false,Rx,0,8,45,90,01,00,00,00,00,D6
8670000,0000002C,false,Rx,0,8,30,8D,1F,00,00,00,00,DC
8670000,00000050,false,Rx,0,8,40,01,00,00,00,00,00,41
8670000,00000251,false,Rx,0,8,30,44,C3,00,00,00,00,37
8670000,00000260,false,Rx,0,8,30,84,8C,00,00,00,00,40
8680000,00000018,false,Rx,0,8,45,95,03,00,00,00,00,DD
8680000,0000002C,false,Rx,0,8,40,8F,3C,00,00,00,00,0B
8680000,00000050,false,Rx,0,8,40,01,00,00,00,00,00,41
8680000,000000A6,false,Rx,0,8,05,02,05,02,05,02,05,02
8680000,00000251,false,Rx,0,8,40,44,B7,00,00,00,00,3B
8680000,00000260,false,Rx,0,8,40,86,86,00,00,00,00,4C
8680000,00000316,false,Rx,0,8,40,01,00,00,00,00,00,41
8680000,00000544,false,Rx,0,8,20,00,00,00,00,00,00,00
8690000,00000018,false,Rx,0,8,45,9A,01,00,00,00,00,E0
8690000,0000002C,false,Rx,0,8,50,90,EE,00,00,00,00,CE
8690000,00000050,false,Rx,0,8,40,01,00,00,00,00,00,41
8690000,00000251,false,Rx,0,8,50,45,F5,00,00,00,00,8A
8690000,00000260,false,Rx,0,8,50,88,59,00,00,00,00,31
8700000,00000018,false,Rx,0,8,45,9F,01,00,00,00,00,E5
8700000,0000002C,false,Rx,0,8,60,92,9D,00,00,00,00,8F
8700000,00000050,false,Rx,0,8,40,01,00,00,00,00,00,41
8700000,000000A6,false,Rx,0,8,05,01,05,01,05,01,05,01
8700000,00000251,false,Rx,0,8,60,45,F8,00,00,00,00,9D
8700000,00000260,false,Rx,0,8,60,89,C0,00,00,00,00,A9
8700000,00000316,false,Rx,0,8,40,01,00,00,00,00,00,41
8700000,00000544,false,Rx,0,8,30,00,00,00,00,00,00,00
8700000,000004F1,false,Rx,0,8,70,00,00,00,00,00,00,70
8710000,00000018,false,Rx,0,8,45,A4,01,00,00,00,00,EA
8710000,0000002C,false,Rx,0,8,70,94,51,00,00,00,00,55
8710000,00000050,false,Rx,0,8,40,01,00,00,00,00,00,41
8710000,00000251,false,Rx,0,8,70,46,B0,00,00,00,00,66
8710000,00000260,false,Rx,0,8,70,8B,C1,00,00,00,00,BC
8720000,00000018,false,Rx,0,8,45,A9,00,00,00,00,00,EE
8720000,0000002C,false,Rx,0,8,80,96,CF,00,00,00,00,E5
8720000,00000050,false,Rx,0,8,40,01,00,00,00,00,00,41
8720000,000000A6,false,Rx,0,8,05,00,05,00,05,00,05,00
8720000,00000251,false,Rx,0,8,80,46,A4,00,00,00,00,6A
8720000,00000260,false,Rx,0,8,80,8D,BB,00,00,00,00,C8
8720000,00000316,false,Rx,0,8,40,01,00,00,00,00,00,41
8720000,00000544,false,Rx,0,8,40,00,00,00,00,00,00,00
8730000,00000018,false,Rx,0,8,45,AF,03,00,00,00,00,F7
8730000,0000002C,false,Rx,0,8,90,97,9F,00,00,00,00,C6
8730000,00000050,false,Rx,0,8,40,01,00,00,00,00,00,41
8730000,00000251,false,Rx,0,8,90,47,C6,00,00,00,00,9D
8730000,00000260,false,Rx,0,8,90,8F,27,00,00,00,00,46
8740000,00000018,false,Rx,0,8,45,B4,01,00,00,00,00,FA
8740000,0000002C,false,Rx,0,8,A0,99,3C,00,00,00,00,75
8740000,00000050,false,Rx,0,8,40,01,00,00,00,00,00,41
8740000,000000A6,false,Rx,0,8,05,00,05,00,05,00,05,00
8740000,00000251,false,Rx,0,8,A0,47,8A,00,00,00,00,71
8740000,00000260,false,Rx,0,8,A0,91,80,00,00,00,00,B1
8740000,00000316,false,Rx,0,8,40,01,00,00,00,00,00,41
8740000,00000544,false,Rx,0,8,50,00,00,00,00,00,00,00
8750000,00000018,false,Rx,0,8,45,BA,03,00,00,00,00,02
8750000,0000002C,false,Rx,0,8,B0,9B,97,00,00,00,00,E2
8750000,00000050,false,Rx,0,8,40,01,00,00,00,00,00,41
8750000,00000251,false,Rx,0,8,B0,48,5C,00,00,00,00,54
8750000,00000260,false,Rx,0,8,B0,93,C0,00,00,00,00,03
8760000,00000018,false,Rx,0,8,45,BF,01,00,00,00,00,05
8760000,0000002C,false,Rx,0,8,C0,9C,BC,00,00,00,00,18
8760000,00000050,false,Rx,0,8,40,01,00,00,00,00,00,41
8760000,000000A6,false,Rx,0,8,05,00,05,00,05,00,05,00
8760000,00000251,false,Rx,0,8,C0,49,0D,00,00,00,00,16
8760000,00000260,false,Rx,0,8,C0,94,72,00,00,00,00,C6
8760000,00000316,false,Rx,0,8,40,01,00,00,00,00,00,41
8760000,00000544,false,Rx,0,8,60,00,00,00,00,00,00,00
8770000,00000018,false,Rx,0,8,45,C5,01,00,00,00,00,0B
8770000,0000002C,false,Rx,0,8,D0,9E,71,00,00,00,00,DF
8770000,00000050,false,Rx,0,8,40,01,00,00,00,00,00,41
8770000,00000251,false,Rx,0,8,D0,4A,A3,00,00,00,00,BD
8770000,00000260,false,Rx,0,8,D0,96,CF,00,00,00,00,35
8780000,00000018,false,Rx,0,8,45,CA,03,00,00,00,00,12
8780000,0000002C,false,Rx,0,8,E0,A0,70,00,00,00,00,F0
8780000,00000050,false,Rx,0,8,40,01,00,00,00,00,00,41
8780000,000000A6,false,Rx,0,8,05,00,05,00,05,00,05,00
8780000,00000251,false,Rx,0,8,E0,4B,70,00,00,00,00,9B
8780000,00000260,false,Rx,0,8,E0,98,B4,00,00,00,00,2C
8780000,00000316,false,Rx,0,8,40,01,00,00,00,00,00,41
8780000,00000544,false,Rx,0,8,70,00,00,00,00,00,00,00
8790000,00000018,false,Rx,0,8,45,D0,02,00,00,00,00,17
8790000,0000002C,false,Rx,0,8,F0,A1,44,00,00,00,00,D5
8790000,00000050,false,Rx,0,8,40,01,00,00,00,00,00,41
8790000,00000251,false,Rx,0,8,F0,4B,0F,00,00,00,00,4A
8790000,00000260,false,Rx,0,8,F0,9A,B0,00,00,00,00,3A
8800000,00000018,false,Rx,0,8,45,D5,03,00,00,00,00,1D
8800000,0000002C,false,Rx,0,8,00,A3,F4,00,00,00,00,97
8800000,00000050,false,Rx,0,8,40,01,00,00,00,00,00,41
8800000,000000A6,false,Rx,0,8,05,01,05,01,05,01,05,01
8800000,00000251,false,Rx,0,8,00,4C,8F,00,00,00,00,DB
8800000,00000260,false,Rx,0,8,00,9B,F9,00,00,00,00,94
8800000,00000316,false,Rx,0,8,40,01,00,00,00,00,00,41
8800000,00000544,false,Rx,0,8,80,00,00,00,00,00,00,00
8800000,000004F1,false,Rx,0,8,80,00,00,00,00,00,00,80
8810000,00000018,false,Rx,0,8,45,DB,02,00,00,00,00,22
8810000,0000002C,false,Rx,0,8,10,A4,4E,00,00,00,00,02
8810000,00000050,false,Rx,0,8,40,01,00,00,00,00,00,41
8810000,00000251,false,Rx,0,8,10,4D,1D,00,00,00,00,7A
8810000,00000260,false,Rx,0,8,10,9D,F6,00,00,00,00,A3
8820000,00000018,false,Rx,0,8,45,E1,00,00,00,00,00,26
8820000,0000002C,false,Rx,0,8,20,A6,E8,00,00,00,00,AE
8820000,00000050,false,Rx,0,8,40,01,00,00,00,00,00,41
8820000,000000A6,false,Rx,0,8,05,02,05,02,05,02,05,02
8820000,00000251,false,Rx,0,8,20,4E,F1,00,00,00,00,5F
8820000,00000260,false,Rx,0,8,20,9F,03,00,00,00,00,C2
8820000,00000316,false,Rx,0,8,40,01,00,00,00,00,00,41
8820000,00000544,false,Rx,0,8,90,00,00,00,00,00,00,00
8830000,00000018,false,Rx,0,8,45,E7,03,00,00,00,00,2F
8830000,0000002C,false,Rx,0,8,30,A7,BF,00,00,00,00,96
8830000,00000050,false,Rx,0,8,40,01,00,00,00,00,00,41
8830000,00000251,false,Rx,0,8,30,50,B7,00,00,00,00,37
8830000,00000260,false,Rx,0,8,30,A0,47,00,00,00,00,17
8840000,00000018,false,Rx,0,8,45,ED,02,00,00,00,00,34
8840000,0000002C,false,Rx,0,8,40,A9,D4,00,00,00,00,BD
8840000,00000050,false,Rx,0,8,40,01,00,00,00,00,00,41
8840000,000000A6,false,Rx,0,8,05,04,05,04,05,04,05,04
8840000,00000251,false,Rx,0,8,40,51,77,00,00,00,00,08
8840000,00000260,false,Rx,0,8,40,A2,E1,00,00,00,00,C3
8840000,00000316,false,Rx,0,8,40,01,00,00,00,00,00,41
8840000,00000544,false,Rx,0,8,A0,00,00,00,00,00,00,00
8850000,00000018,false,Rx,0,8,45,F3,01,00,00,00,00,39
8850000,0000002C,false,Rx,0,8,50,AA,F1,00,00,00,00,EB
8850000,00000050,false,Rx,0,8,40,01,00,00,00,00,00,41
8850000,00000251,false,Rx,0,8,50,52,51,00,00,00,00,F3
8850000,00000260,false,Rx,0,8,50,A3,54,00,00,00,00,47
8860000,00000018,false,Rx,0,8,45,F9,00,00,00,00,00,3E
8860000,0000002C,false,Rx,0,8,60,AB,6F,00,00,00,00,7A
8860000,00000050,false,Rx,0,8,40,01,00,00,00,00,00,41
8860000,000000A6,false,Rx,0,8,05,06,05,06,05,06,05,06
8860000,00000251,false,Rx,0,8,60,53,33,00,00,00,00,E6
8860000,00000260,false,Rx,0,8,60,A5,75,00,00,00,00,7A
8860000,00000316,false,Rx,0,8,40,01,00,00,00,00,00,41
8860000,00000544,false,Rx,0,8,B0,00,00,00,00,00,00,00
8870000,00000018,false,Rx,0,8,45,FF,03,00,00,00,00,47
8870000,0000002C,false,Rx,0,8,70,AD,7E,00,00,00,00,9B
8870000,00000050,false,Rx,0,8,40,01,00,00,00,00,00,41
8870000,00000251,false,Rx,0,8,70,55,7E,00,00,00,00,43
8870000,00000260,false,Rx,0,8,70,A6,27,00,00,00,00,3D
8880000,00000018,false,Rx,0,8,46,05,02,00,00,00,00,4D
8880000,0000002C,false,Rx,0,8,80,AE,29,00,00,00,00,57
8880000,00000050,false,Rx,0,8,40,01,00,00,00,00,00,41
8880000,000000A6,false,Rx,0,8,05,08,05,08,05,08,05,08
8880000,00000251,false,Rx,0,8,80,56,7B,00,00,00,00,51
8880000,00000260,false,Rx,0,8,80,A8,8F,00,00,00,00,B7
8880000,00000316,false,Rx,0,8,40,01,00,00,00,00,00,41
8880000,00000544,false,Rx,0,8,C0,00,00,00,00,00,00,00
8890000,00000018,false,Rx,0,8,46,0B,02,00,00,00,00,53
8890000,0000002C,false,Rx,0,8,90,AF,E4,00,00,00,00,23
8890000,00000050,false,Rx,0,8,40,01,00,00,00,00,00,41
8890000,00000251,false,Rx,0,8,90,57,88,00,00,00,00,6F
8890000,00000260,false,Rx,0,8,90,A9,6C,00,00,00,00,A5
8900000,00000018,false,Rx,0,8,46,11,03,00,00,00,00,5A
8900000,0000002C,false,Rx,0,8,A0,B0,B9,00,00,00,00,09
8900000,00000050,false,Rx,0,8,40,01,00,00,00,00,00,41
8900000,000000A6,false,Rx,0,8,05,0B,05,0B,05,0B,05,0B
8900000,00000251,false,Rx,0,8,A0,59,1C,00,00,00,00,15
8900000,00000260,false,Rx,0,8,A0,AA,4C,00,00,00,00,96
8900000,00000316,false,Rx,0,8,40,01,00,00,00,00,00,41
8900000,00000544,false,Rx,0,8,D0,00,00,00,00,00,00,00
8900000,000004F1,false,Rx,0,8,90,00,00,00,00,00,00,90
8910000,00000018,false,Rx,0,8,46,17,02,00,00,00,00,5F
8910000,0000002C,false,Rx,0,8,B0,B1,27,00,00,00,00,88
8910000,00000050,false,Rx,0,8,40,01,00,00,00,00,00,41
8910000,00000251,false,Rx,0,8,B0,5A,70,00,00,00,00,7A
8910000,00000260,false,Rx,0,8,B0,AC,5F,00,00,00,00,BB
8920000,00000018,false,Rx,0,8,46,1D,03,00,00,00,00,66
8920000,0000002C,false,Rx,0,8,C0,B2,39,00,00,00,00,AB
8920000,00000050,false,Rx,0,8,40,01,00,00,00,00,00,41
8920000,000000A6,false,Rx,0,8,05,0E,05,0E,05,0E,05,0E
8920000,00000251,false,Rx,0,8,C0,5C,C6,00,00,00,00,E2
8920000,00000260,false,Rx,0,8,C0,AD,50,00,00,00,00,BD
8920000,00000316,false,Rx,0,8,40,01,00,00,00,00,00,41
8920000,00000544,false,Rx,0,8,E0,00,00,00,00,00,00,00
8930000,00000018,false,Rx,0,8,46,24,02,00,00,00,00,6C
8930000,0000002C,false,Rx,0,8,D0,B3,1F,00,00,00,00,A2
8930000,00000050,false,Rx,0,8,40,01,00,00,00,00,00,41
8930000,00000251,false,Rx,0,8,D0,5D,B5,00,00,00,00,E2
8930000,00000260,false,Rx,0,8,D0,AE,B9,00,00,00,00,37
8940000,00000018,false,Rx,0,8,46,2A,01,00,00,00,00,71
8940000,0000002C,false,Rx,0,8,E0,B4,67,00,00,00,00,FB
8940000,00000050,false,Rx,0,8,40,01,00,00,00,00,00,41
8940000,000000A6,false,Rx,0,8,05,12,05,12,05,12,05,12
8940000,00000251,false,Rx,0,8,E0,5F,58,00,00,00,00,97
8940000,00000260,false,Rx,0,8,E0,AF,3C,00,00,00,00,CB
8940000,00000316,false,Rx,0,8,40,01,00,00,00,00,00,41
8940000,00000544,false,Rx,0,8,F0,00,00,00,00,00,00,00
8950000,00000018,false,Rx,0,8,46,30,03,00,00,00,00,79
8950000,0000002C,false,Rx,0,8,F0,B5,4C,00,00,00,00,F1
8950000,00000050,false,Rx,0,8,40,01,00,00,00,00,00,41
8950000,00000251,false,Rx,0,8,F0,60,5A,00,00,00,00,AA
8950000,00000260,false,Rx,0,8,F0,B0,75,00,00,00,00,15
8960000,00000018,false,Rx,0,8,46,36,03,00,00,00,00,7F
8960000,0000002C,false,Rx,0,8,00,B6,54,00,00,00,00,0A
8960000,00000050,false,Rx,0,8,40,01,00,00,00,00,00,41
8960000,000000A6,false,Rx,0,8,05,16,05,16,05,16,05,16
8960000,00000251,false,Rx,0,8,00,62,79,00,00,00,00,DB
8960000,00000260,false,Rx,0,8,00,B1,D4,00,00,00,00,85
8960000,00000316,false,Rx,0,8,40,01,00,00,00,00,00,41
8960000,00000544,false,Rx,0,8,00,00,00,00,00,00,00,00
8970000,00000018,false,Rx,0,8,46,3D,00,00,00,00,00,83
8970000,0000002C,false,Rx,0,8,10,B7,A7,00,00,00,00,6E
8970000,00000050,false,Rx,0,8,40,01,00,00,00,00,00,41
8970000,00000251,false,Rx,0,8,10,64,A2,00,00,00,00,16
8970000,00000260,false,Rx,0,8,10,B2,A9,00,00,00,00,6B
8980000,00000018,false,Rx,0,8,46,43,01,00,00,00,00,8A
8980000,0000002C,false,Rx,0,8,20,B7,E2,00,00,00,00,B9
8980000,00000050,false,Rx,0,8,40,01,00,00,00,00,00,41
8980000,000000A6,false,Rx,0,8,05,1A,05,1A,05,1A,05,1A
8980000,00000251,false,Rx,0,8,20,65,B7,00,00,00,00,3C
8980000,00000260,false,Rx,0,8,20,B3,3A,00,00,00,00,0D
8980000,00000316,false,Rx,0,8,40,01,00,00,00,00,00,41
8980000,00000544,false,Rx,0,8,10,00,00,00,00,00,00,00
8990000,00000018,false,Rx,0,8,46,49,03,00,00,00,00,92
8990000,0000002C,false,Rx,0,8,30,B8,3B,00,00,00,00,23
8990000,00000050,false,Rx,0,8,40,01,00,00,00,00,00,41
8990000,00000251,false,Rx,0,8,30,67,0E,00,00,00,00,A5
8990000,00000260,false,Rx,0,8,30,B4,F6,00,00,00,00,DA
9000000,00000018,false,Rx,0,8,46,50,02,00,00,00,00,98
9000000,0000002C,false,Rx,0,8,40,B9,69,00,00,00,00,62
9000000,00000050,false,Rx,0,8,40,01,00,00,00,00,00,41
9000000,000000A6,false,Rx,0,8,05,1F,05,1F,05,1F,05,1F
9000000,00000251,false,Rx,0,8,40,69,B4,00,00,00,00,5D
9000000,00000260,false,Rx,0,8,40,B5,F5,00,00,00,00,EA
9000000,00000316,false,Rx,0,8,40,01,00,00,00,00,00,41
9000000,00000544,false,Rx,0,8,20,00,00,00,00,00,00,00
9000000,00000593,false,Rx,0,8,B2,B4,B3,B5,00,00,00,00
9000000,000004F1,false,Rx,0,8,A0,00,00,00,00,00,00,A0
9010000,00000018,false,Rx,0,8,46,56,02,00,00,00,00,9E
9010000,0000002C,false,Rx,0,8,50,B9,FA,00,00,00,00,03
9010000,00000050,false,Rx,0,8,40,01,00,00,00,00,00,41
9010000,00000251,false,Rx,0,8,50,6A,48,00,00,00,00,02
9010000,00000260,false,Rx,0,8,50,B6,F5,00,00,00,00,FB
9020000,00000018,false,Rx,0,8,46,5C,02,00,00,00,00,A4
9020000,0000002C,false,Rx,0,8,60,BA,2E,00,00,00,00,48
9020000,00000050,false,Rx,0,8,40,01,00,00,00,00,00,41
9020000,000000A6,false,Rx,0,8,05,24,05,24,05,24,05,24
9020000,00000251,false,Rx,0,8,60,6C,60,00,00,00,00,2C
9020000,00000260,false,Rx,0,8,60,B7,6B,00,00,00,00,82
9020000,00000316,false,Rx,0,8,40,01,00,00,00,00,00,41
9020000,00000544,false,Rx,0,8,30,00,00,00,00,00,00,00
9030000,00000018,false,Rx,0,8,46,62,00,00,00,00,00,A8
9030000,0000002C,false,Rx,0,8,70,BA,E4,00,00,00,00,0E
9030000,00000050,false,Rx,0,8,40,01,00,00,00,00,00,41
9030000,00000251,false,Rx,0,8,70,6E,FC,00,00,00,00,DA
9030000,00000260,false,Rx,0,8,70,B8,52,00,00,00,00,7A
9040000,00000018,false,Rx,0,8,46,69,03,00,00,00,00,B2
9040000,0000002C,false,Rx,0,8,80,BA,1C,00,00,00,00,56
9040000,00000050,false,Rx,0,8,40,01,00,00,00,00,00,41
9040000,000000A6,false,Rx,0,8,05,2A,05,2A,05,2A,05,2A
9040000,00000251,false,Rx,0,8,80,70,9E,00,00,00,00,8E
9040000,00000260,false,Rx,0,8,80,B8,D2,00,00,00,00,0A
9040000,00000316,false,Rx,0,8,40,01,00,00,00,00,00,41
9040000,00000544,false,Rx,0,8,40,00,00,00,00,00,00,00
9050000,00000018,false,Rx,0,8,46,6F,02,00,00,00,00,B7
9050000,0000002C,false,Rx,0,8,90,BB,E8,00,00,00,00,33
9050000,00000050,false,Rx,0,8,40,01,00,00,00,00,00,41
9050000,00000251,false,Rx,0,8,90,72,59,00,00,00,00,5B
9050000,00000260,false,Rx,0,8,90,B9,0B,00,00,00,00,54
9060000,00000018,false,Rx,0,8,46,75,00,00,00,00,00,BB
9060000,0000002C,false,Rx,0,8,A0,BB,43,00,00,00,00,9E
9060000,00000050,false,Rx,0,8,40,01,00,00,00,00,00,41
9060000,000000A6,false,Rx,0,8,05,2F,05,2F,05,2F,05,2F
9060000,00000251,false,Rx,0,8,A0,73,FB,00,00,00,00,0E
9060000,00000260,false,Rx,0,8,A0,B9,7C,00,00,00,00,D5
9060000,00000316,false,Rx,0,8,40,01,00,00,00,00,00,41
9060000,00000544,false,Rx,0,8,50,00,00,00,00,00,00,00
9070000,00000018,false,Rx,0,8,46,7B,00,00,00,00,00,C1
9070000,0000002C,false,Rx,0,8,B0,BB,D4,00,00,00,00,3F
9070000,00000050,false,Rx,0,8,40,01,00,00,00,00,00,41
9070000,00000251,false,Rx,0,8,B0,75,13,00,00,00,00,38
9070000,00000260,false,Rx,0,8,B0,BA,16,00,00,00,00,80
9080000,00000018,false,Rx,0,8,46,82,03,00,00,00,00,CB
9080000,0000002C,false,Rx,0,8,C0,BB,E9,00,00,00,00,64
9080000,00000050,false,Rx,0,8,40,01,00,00,00,00,00,41
9080000,000000A6,false,Rx,0,8,05,36,05,36,05,36,05,36
9080000,00000251,false,Rx,0,8,C0,77,2E,00,00,00,00,65
9080000,00000260,false,Rx,0,8,C0,BA,41,00,00,00,00,BB
9080000,00000316,false,Rx,0,8,40,01,00,00,00,00,00,41
9080000,00000544,false,Rx,0,8,60,00,00,00,00,00,00,00
9090000,00000018,false,Rx,0,8,46,88,02,00,00,00,00,D0
9090000,0000002C,false,Rx,0,8,D0,BB,1D,00,00,00,00,A8
9090000,00000050,false,Rx,0,8,40,01,00,00,00,00,00,41
9090000,00000251,false,Rx,0,8,D0,79,1C,00,00,00,00,65
9090000,00000260,false,Rx,0,8,D0,BB,52,00,00,00,00,DD
9100000,00000018,false,Rx,0,8,46,8E,01,00,00,00,00,D5
9100000,0000002C,false,Rx,0,8,E0,BB,EC,00,00,00,00,87
9100000,00000050,false,Rx,0,8,40,01,00,00,00,00,00,41
9100000,000000A6,false,Rx,0,8,05,3C,05,3C,05,3C,05,3C
9100000,00000251,false,Rx,0,8,E0,7B,77,00,00,00,00,D2
9100000,00000260,false,Rx,0,8,E0,BB,44,00,00,00,00,DF
9100000,00000316,false,Rx,0,8,40,01,00,00,00,00,00,41
9100000,00000544,false,Rx,0,8,70,00,00,00,00,00,00,00
9100000,000004F1,false,Rx,0,8,B0,00,00,00,00,00,00,B0
9110000,00000018,false,Rx,0,8,46,94,02,00,00,00,00,DC
9110000,0000002C,false,Rx,0,8,F0,BB,9D,00,00,00,00,48
9110000,00000050,false,Rx,0,8,40,01,00,00,00,00,00,41
9110000,00000251,false,Rx,0,8,F0,7D,70,00,00,00,00,DD
9110000,00000260,false,Rx,0,8,F0,BB,14,00,00,00,00,BF
9120000,00000018,false,Rx,0,8,46,9A,01,00,00,00,00,E1
9120000,0000002C,false,Rx,0,8,00,BB,0B,00,00,00,00,C6
9120000,00000050,false,Rx,0,8,40,01,00,00,00,00,00,41
9120000,000000A6,false,Rx,0,8,05,43,05,43,05,43,05,43
9120000,00000251,false,Rx,0,8,00,7F,0A,00,00,00,00,89
9120000,00000260,false,Rx,0,8,00,BB,4B,00,00,00,00,06
9120000,00000316,false,Rx,0,8,40,01,00,00,00,00,00,41
9120000,00000544,false,Rx,0,8,80,00,00,00,00,00,00,00
9130000,00000018,false,Rx,0,8,46,A0,01,00,00,00,00,E7
9130000,0000002C,false,Rx,0,8,10,BB,CA,00,00,00,00,95
9130000,00000050,false,Rx,0,8,40,01,00,00,00,00,00,41
9130000,00000251,false,Rx,0,8,10,81,F4,00,00,00,00,85
9130000,00000260,false,Rx,0,8,10,BB,1C,00,00,00,00,E7
9140000,00000018,false,Rx,0,8,46,A6,02,00,00,00,00,EE
9140000,0000002C,false,Rx,0,8,20,BB,82,00,00,00,00,5D
9140000,00000050,false,Rx,0,8,40,01,00,00,00,00,00,41
9140000,000000A6,false,Rx,0,8,05,4B,05,4B,05,4B,05,4B
9140000,00000251,false,Rx,0,8,20,82,00,00,00,00,00,A2
9140000,00000260,false,Rx,0,8,20,BB,55,00,00,00,00,30
9140000,00000316,false,Rx,0,8,40,01,00,00,00,00,00,41
9140000,00000544,false,Rx,0,8,90,00,00,00,00,00,00,00
9150000,00000018,false,Rx,0,8,46,AC,01,00,00,00,00,F3
9150000,0000002C,false,Rx,0,8,30,BB,01,00,00,00,00,EC
9150000,00000050,false,Rx,0,8,40,01,00,00,00,00,00,41
9150000,00000251,false,Rx,0,8,30,84,A9,00,00,00,00,5D
9150000,00000260,false,Rx,0,8,30,BB,84,00,00,00,00,6F
9160000,00000018,false,Rx,0,8,46,B2,00,00,00,00,00,F8
9160000,0000002C,false,Rx,0,8,40,BA,6F,00,00,00,00,69
9160000,00000050,false,Rx,0,8,40,01,00,00,00,00,00,41
9160000,000000A6,false,Rx,0,8,05,53,05,53,05,53,05,53
9160000,00000251,false,Rx,0,8,40,86,67,00,00,00,00,2D
9160000,00000260,false,Rx,0,8,40,BB,5C,00,00,00,00,57
9160000,00000316,false,Rx,0,8,40,01,00,00,00,00,00,41
9160000,00000544,false,Rx,0,8,A0,00,00,00,00,00,00,00
9170000,00000018,false,Rx,0,8,46,B8,00,00,00,00,00,FE
9170000,0000002C,false,Rx,0,8,50,BA,25,00,00,00,00,2F
9170000,00000050,false,Rx,0,8,40,01,00,00,00,00,00,41
9170000,00000251,false,Rx,0,8,50,88,42,00,00,00,00,1A
9170000,00000260,false,Rx,0,8,50,BB,CF,00,00,00,00,DA
9180000,00000018,false,Rx,0,8,46,BE,02,00,00,00,00,06
9180000,0000002C,false,Rx,0,8,60,BA,17,00,00,00,00,31
9180000,00000050,false,Rx,0,8,40,01,00,00,00,00,00,41
9180000,000000A6,false,Rx,0,8,05,5B,05,5B,05,5B,05,5B
9180000,00000251,false,Rx,0,8,60,8A,AE,00,00,00,00,98
9180000,00000260,false,Rx,0,8,60,BB,09,00,00,00,00,24
9180000,00000316,false,Rx,0,8,40,01,00,00,00,00,00,41
9180000,00000544,false,Rx,0,8,B0,00,00,00,00,00,00,00
9190000,00000018,false,Rx,0,8,46,C4,03,00,00,00,00,0D
9190000,0000002C,false,Rx,0,8,70,B9,D8,00,00,00,00,01
9190000,00000050,false,Rx,0,8,40,01,00,00,00,00,00,41
9190000,00000251,false,Rx,0,8,70,8C,5A,00,00,00,00,56
9190000,00000260,false,Rx,0,8,70,BB,91,00,00,00,00,BC
9200000,00000018,false,Rx,0,8,46,CA,00,00,00,00,00,10
9200000,0000002C,false,Rx,0,8,80,B9,B0,00,00,00,00,E9
9200000,00000050,false,Rx,0,8,40,01,00,00,00,00,00,41
9200000,000000A6,false,Rx,0,8,05,63,05,63,05,63,05,63
9200000,00000251,false,Rx,0,8,80,8E,A5,00,00,00,00,B3
9200000,00000260,false,Rx,0,8,80,BB,2B,00,00,00,00,66
9200000,00000316,false,Rx,0,8,40,01,00,00,00,00,00,41
9200000,00000544,false,Rx,0,8,C0,00,00,00,00,00,00,00
9200000,000004F1,false,Rx,0,8,C0,00,00,00,00,00,00,C0
9210000,00000018,false,Rx,0,8,46,CF,02,00,00,00,00,17
9210000,0000002C,false,Rx,0,8,90,B8,20,00,00,00,00,68
9210000,00000050,false,Rx,0,8,40,01,00,00,00,00,00,41
9210000,00000251,false,Rx,0,8,90,8F,1E,00,00,00,00,3D
9210000,00000260,false,Rx,0,8,90,BA,6E,00,00,00,00,B8
9220000,00000018,false,Rx,0,8,46,D5,01,00,00,00,00,1C
9220000,0000002C,false,Rx,0,8,A0,B7,1E,00,00,00,00,75
9220000,00000050,false,Rx,0,8,40,01,00,00,00,00,00,41
9220000,000000A6,false,Rx,0,8,05,6C,05,6C,05,6C,05,6C
9220000,00000251,false,Rx,0,8,A0,91,0B,00,00,00,00,3C
9220000,00000260,false,Rx,0,8,A0,BA,E5,00,00,00,00,3F
9220000,00000316,false,Rx,0,8,40,01,00,00,00,00,00,41
9220000,00000544,false,Rx,0,8,D0,00,00,00,00,00,00,00
9230000,00000018,false,Rx,0,8,46,DA,00,00,00,00,00,20
9230000,0000002C,false,Rx,0,8,B0,B7,23,00,00,00,00,8A
9230000,00000050,false,Rx,0,8,40,01,00,00,00,00,00,41
9230000,00000251,false,Rx,0,8,B0,93,4B,00,00,00,00,8E
9230000,00000260,false,Rx,0,8,B0,B9,F1,00,00,00,00,5A
9240000,00000018,false,Rx,0,8,46,E0,02,00,00,00,00,28
9240000,0000002C,false,Rx,0,8,C0,B6,F1,00,00,00,00,67
9240000,00000050,false,Rx,0,8,40,01,00,00,00,00,00,41
9240000,000000A6,false,Rx,0,8,05,75,05,75,05,75,05,75
9240000,00000251,false,Rx,0,8,C0,95,48,00,00,00,00,9D
9240000,00000260,false,Rx,0,8,C0,B9,F6,00,00,00,00,6F
9240000,00000316,false,Rx,0,8,40,01,00,00,00,00,00,41
9240000,00000544,false,Rx,0,8,E0,00,00,00,00,00,00,00
9250000,00000018,false,Rx,0,8,46,E6,02,00,00,00,00,2E
9250000,0000002C,false,Rx,0,8,D0,B5,10,00,00,00,00,95
9250000,00000050,false,Rx,0,8,40,01,00,00,00,00,00,41
9250000,00000251,false,Rx,0,8,D0,97,38,00,00,00,00,9F
9250000,00000260,false,Rx,0,8,D0,B8,57,00,00,00,00,DF
9260000,00000018,false,Rx,0,8,46,EB,03,00,00,00,00,34
9260000,0000002C,false,Rx,0,8,E0,B4,92,00,00,00,00,26
9260000,00000050,false,Rx,0,8,40,01,00,00,00,00,00,41
9260000,000000A6,false,Rx,0,8,05,7E,05,7E,05,7E,05,7E
9260000,00000251,false,Rx,0,8,E0,98,BA,00,00,00,00,32
9260000,00000260,false,Rx,0,8,E0,B8,70,00,00,00,00,08
9260000,00000316,false,Rx,0,8,40,01,00,00,00,00,00,41
9260000,00000544,false,Rx,0,8,F0,00,00,00,00,00,00,00
9270000,00000018,false,Rx,0,8,46,F0,01,00,00,00,00,37
9270000,0000002C,false,Rx,0,8,F0,B3,D1,00,00,00,00,74
9270000,00000050,false,Rx,0,8,40,01,00,00,00,00,00,41
9270000,00000251,false,Rx,0,8,F0,9A,25,00,00,00,00,AF
9270000,00000260,false,Rx,0,8,F0,B7,D2,00,00,00,00,79
9280000,00000018,false,Rx,0,8,46,F6,01,00,00,00,00,3D
9280000,0000002C,false,Rx,0,8,00,B2,5C,00,00,00,00,0E
9280000,00000050,false,Rx,0,8,40,01,00,00,00,00,00,41
9280000,000000A6,false,Rx,0,8,05,88,05,88,05,88,05,88
9280000,00000251,false,Rx,0,8,00,9C,BF,00,00,00,00,5B
9280000,00000260,false,Rx,0,8,00,B6,49,00,00,00,00,FF
9280000,00000316,false,Rx,0,8,40,01,00,00,00,00,00,41
9280000,00000544,false,Rx,0,8,00,00,00,00,00,00,00,00
9290000,00000018,false,Rx,0,8,46,FB,01,00,00,00,00,42
9290000,0000002C,false,Rx,0,8,10,B1,45,00,00,00,00,06
9290000,00000050,false,Rx,0,8,40,01,00,00,00,00,00,41
9290000,00000251,false,Rx,0,8,10,9D,CA,00,00,00,00,77
9290000,00000260,false,Rx,0,8,10,B6,5D,00,00,00,00,23
9300000,00000018,false,Rx,0,8,47,00,02,00,00,00,00,49
9300000,0000002C,false,Rx,0,8,20,B0,D7,00,00,00,00,A7
9300000,00000050,false,Rx,0,8,40,01,00,00,00,00,00,41
9300000,000000A6,false,Rx,0,8,05,92,05,92,05,92,05,92
9300000,00000251,false,Rx,0,8,20,9F,33,00,00,00,00,F2
9300000,00000260,false,Rx,0,8,20,B5,87,00,00,00,00,5C
9300000,00000316,false,Rx,0,8,40,01,00,00,00,00,00,41
9300000,00000544,false,Rx,0,8,10,00,00,00,00,00,00,00
9300000,000004F1,false,Rx,0,8,D0,00,00,00,00,00,00,D0
9310000,00000018,false,Rx,0,8,47,05,02,00,00,00,00,4E
9310000,0000002C,false,Rx,0,8,30,AF,BF,00,00,00,00,9E
9310000,00000050,false,Rx,0,8,40,01,00,00,00,00,00,41
9310000,00000251,false,Rx,0,8,30,A1,AC,00,00,00,00,7D
9310000,00000260,false,Rx,0,8,30,B4,55,00,00,00,00,39
9320000,00000018,false,Rx,0,8,47,0A,01,00,00,00,00,52
9320000,0000002C,false,Rx,0,8,40,AE,C3,00,00,00,00,B1
9320000,00000050,false,Rx,0,8,40,01,00,00,00,00,00,41
9320000,000000A6,false,Rx,0,8,05,9D,05,9D,05,9D,05,9D
9320000,00000251,false,Rx,0,8,40,A2,9A,00,00,00,00,7C
9320000,00000260,false,Rx,0,8,40,B3,AF,00,00,00,00,A2
9320000,00000316,false,Rx,0,8,40,01,00,00,00,00,00,41
9320000,00000544,false,Rx,0,8,20,00,00,00,00,00,00,00
9330000,00000018,false,Rx,0,8,47,0F,02,00,00,00,00,58
9330000,0000002C,false,Rx,0,8,50,AC,E5,00,00,00,00,E1
9330000,00000050,false,Rx,0,8,40,01,00,00,00,00,00,41
9330000,00000251,false,Rx,0,8,50,A4,A5,00,00,00,00,99
9330000,00000260,false,Rx,0,8,50,B2,E8,00,00,00,00,EA
9340000,00000018,false,Rx,0,8,47,14,03,00,00,00,00,5E
9340000,0000002C,false,Rx,0,8,60,AB,C1,00,00,00,00,CC
9340000,00000050,false,Rx,0,8,40,01,00,00,00,00,00,41
9340000,000000A6,false,Rx,0,8,05,A7,05,A7,05,A7,05,A7
9340000,00000251,false,Rx,0,8,60,A5,45,00,00,00,00,4A
9340000,00000260,false,Rx,0,8,60,B1,23,00,00,00,00,34
9340000,00000316,false,Rx,0,8,40,01,00,00,00,00,00,41
9340000,00000544,false,Rx,0,8,30,00,00,00,00,00,00,00
9350000,00000018,false,Rx,0,8,47,18,02,00,00,00,00,61
9350000,0000002C,false,Rx,0,8,70,AA,C0,00,00,00,00,DA
9350000,00000050,false,Rx,0,8,40,01,00,00,00,00,00,41
9350000,00000251,false,Rx,0,8,70,A7,50,00,00,00,00,67
9350000,00000260,false,Rx,0,8,70,B0,75,00,00,00,00,95
9360000,00000018,false,Rx,0,8,47,1D,02,00,00,00,00,66
9360000,0000002C,false,Rx,0,8,80,A8,29,00,00,00,00,51
9360000,00000050,false,Rx,0,8,40,01,00,00,00,00,00,41
9360000,000000A6,false,Rx,0,8,05,B3,05,B3,05,B3,05,B3
9360000,00000251,false,Rx,0,8,80,A8,DF,00,00,00,00,07
9360000,00000260,false,Rx,0,8,80,AF,C1,00,00,00,00,F0
9360000,00000316,false,Rx,0,8,40,01,00,00,00,00,00,41
9360000,00000544,false,Rx,0,8,40,00,00,00,00,00,00,00
9370000,00000018,false,Rx,0,8,47,21,00,00,00,00,00,68
9370000,0000002C,false,Rx,0,8,90,A7,44,00,00,00,00,7B
9370000,00000050,false,Rx,0,8,40,01,00,00,00,00,00,41
9370000,00000251,false,Rx,0,8,90,A9,F9,00,00,00,00,32
9370000,00000260,false,Rx,0,8,90,AD,C5,00,00,00,00,02
9380000,00000018,false,Rx,0,8,47,26,03,00,00,00,00,70
9380000,0000002C,false,Rx,0,8,A0,A6,B2,00,00,00,00,F8
9380000,00000050,false,Rx,0,8,40,01,00,00,00,00,00,41
9380000,000000A6,false,Rx,0,8,05,BE,05,BE,05,BE,05,BE
9380000,00000251,false,Rx,0,8,A0,AB,A2,00,00,00,00,ED
9380000,00000260,false,Rx,0,8,A0,AC,43,00,00,00,00,8F
9380000,00000316,false,Rx,0,8,40,01,00,00,00,00,00,41
9380000,00000544,false,Rx,0,8,50,00,00,00,00,00,00,00
9390000,00000018,false,Rx,0,8,47,2A,00,00,00,00,00,71
9390000,0000002C,false,Rx,0,8,B0,A4,3C,00,00,00,00,90
9390000,00000050,false,Rx,0,8,40,01,00,00,00,00,00,41
9390000,00000251,false,Rx,0,8,B0,AC,59,00,00,00,00,B5
9390000,00000260,false,Rx,0,8,B0,AB,37,00,00,00,00,92
9400000,00000018,false,Rx,0,8,47,2E,01,00,00,00,00,76
9400000,0000002C,false,Rx,0,8,C0,A3,5B,00,00,00,00,BE
9400000,00000050,false,Rx,0,8,40,01,00,00,00,00,00,41
9400000,000000A6,false,Rx,0,8,05,C9,05,C9,05,C9,05,C9
9400000,00000251,false,Rx,0,8,C0,AD,B6,00,00,00,00,23
9400000,00000260,false,Rx,0,8,C0,A9,08,00,00,00,00,71
9400000,00000316,false,Rx,0,8,40,01,00,00,00,00,00,41
9400000,00000544,false,Rx,0,8,60,00,00,00,00,00,00,00
9400000,000004F1,false,Rx,0,8,E0,00,00,00,00,00,00,E0
9410000,00000018,false,Rx,0,8,47,33,01,00,00,00,00,7B
9410000,0000002C,false,Rx,0,8,D0,A1,C9,00,00,00,00,3A
9410000,00000050,false,Rx,0,8,40,01,00,00,00,00,00,41
9410000,00000251,false,Rx,0,8,D0,AE,72,00,00,00,00,F0
9410000,00000260,false,Rx,0,8,D0,A8,67,00,00,00,00,DF
9420000,00000018,false,Rx,0,8,47,37,03,00,00,00,00,81
9420000,0000002C,false,Rx,0,8,E0,A0,41,00,00,00,00,C1
9420000,00000050,false,Rx,0,8,40,01,00,00,00,00,00,41
9420000,000000A6,false,Rx,0,8,05,D5,05,D5,05,D5,05,D5
9420000,00000251,false,Rx,0,8,E0,B0,59,00,00,00,00,E9
9420000,00000260,false,Rx,0,8,E0,A7,D6,00,00,00,00,5D
9420000,00000316,false,Rx,0,8,40,01,00,00,00,00,00,41
9420000,00000544,false,Rx,0,8,70,00,00,00,00,00,00,00
9430000,00000018,false,Rx,0,8,47,3B,02,00,00,00,00,84
9430000,0000002C,false,Rx,0,8,F0,9E,72,00,00,00,00,00
9430000,00000050,false,Rx,0,8,40,01,00,00,00,00,00,41
9430000,00000251,false,Rx,0,8,F0,B1,C1,00,00,00,00,62
9430000,00000260,false,Rx,0,8,F0,A5,4C,00,00,00,00,E1
9440000,00000018,false,Rx,0,8,47,3E,00,00,00,00,00,85
9440000,0000002C,false,Rx,0,8,00,9C,01,00,00,00,00,9D
9440000,00000050,false,Rx,0,8,40,01,00,00,00,00,00,41
9440000,000000A6,false,Rx,0,8,05,E1,05,E1,05,E1,05,E1
9440000,00000251,false,Rx,0,8,00,B2,9D,00,00,00,00,4F
9440000,00000260,false,Rx,0,8,00,A4,31,00,00,00,00,D5
9440000,00000316,false,Rx,0,8,40,01,00,00,00,00,00,41
9440000,00000544,false,Rx,0,8,80,00,00,00,00,00,00,00
9450000,00000018,false,Rx,0,8,47,42,03,00,00,00,00,8C
9450000,0000002C,false,Rx,0,8,10,9B,0B,00,00,00,00,B6
9450000,00000050,false,Rx,0,8,40,01,00,00,00,00,00,41
9450000,00000251,false,Rx,0,8,10,B3,96,00,00,00,00,59
9450000,00000260,false,Rx,0,8,10,A2,5A,00,00,00,00,0C
9460000,00000018,false,Rx,0,8,47,46,00,00,00,00,00,8D
9460000,0000002C,false,Rx,0,8,20,99,98,00,00,00,00,51
9460000,00000050,false,Rx,0,8,40,01,00,00,00,00,00,41
9460000,000000A6,false,Rx,0,8,05,EE,05,EE,05,EE,05,EE
9460000,00000251,false,Rx,0,8,20,B4,41,00,00,00,00,15
9460000,00000260,false,Rx,0,8,20,A1,F3,00,00,00,00,B4
9460000,00000316,false,Rx,0,8,40,01,00,00,00,00,00,41
9460000,00000544,false,Rx,0,8,90,00,00,00,00,00,00,00
9470000,00000018,false,Rx,0,8,47,49,02,00,00,00,00,92
9470000,0000002C,false,Rx,0,8,30,97,ED,00,00,00,00,B4
9470000,00000050,false,Rx,0,8,40,01,00,00,00,00,00,41
9470000,00000251,false,Rx,0,8,30,B5,5A,00,00,00,00,3F
9470000,00000260,false,Rx,0,8,30,9F,13,00,00,00,00,E2
9480000,00000018,false,Rx,0,8,47,4D,00,00,00,00,00,94
9480000,0000002C,false,Rx,0,8,40,95,D9,00,00,00,00,AE
9480000,00000050,false,Rx,0,8,40,01,00,00,00,00,00,41
9480000,000000A6,false,Rx,0,8,05,FA,05,FA,05,FA,05,FA
9480000,00000251,false,Rx,0,8,40,B5,00,00,00,00,00,F5
9480000,00000260,false,Rx,0,8,40,9E,3C,00,00,00,00,1A
9480000,00000316,false,Rx,0,8,40,01,00,00,00,00,00,41
9480000,00000544,false,Rx,0,8,A0,00,00,00,00,00,00,00
9490000,00000018,false,Rx,0,8,47,50,03,00,00,00,00,9A
9490000,0000002C,false,Rx,0,8,50,94,C2,00,00,00,00,A6
9490000,00000050,false,Rx,0,8,40,01,00,00,00,00,00,41
9490000,00000251,false,Rx,0,8,50,B6,C8,00,00,00,00,CE
9490000,00000260,false,Rx,0,8,50,9C,2F,00,00,00,00,1B
9500000,00000018,false,Rx,0,8,47,53,02,00,00,00,00,9C
9500000,0000002C,false,Rx,0,8,60,92,75,00,00,00,00,67
9500000,00000050,false,Rx,0,8,40,01,00,00,00,00,00,41
9500000,000000A6,false,Rx,0,8,06,07,06,07,06,07,06,07
9500000,00000251,false,Rx,0,8,60,B7,10,00,00,00,00,27
9500000,00000260,false,Rx,0,8,60,9A,F6,00,00,00,00,F0
9500000,00000316,false,Rx,0,8,40,01,00,00,00,00,00,41
9500000,00000544,false,Rx,0,8,B0,00,00,00,00,00,00,00
9500000,000004F1,false,Rx,0,8,F0,00,00,00,00,00,00,F0
9510000,00000018,false,Rx,0,8,47,56,02,00,00,00,00,9F
9510000,0000002C,false,Rx,0,8,70,90,7E,00,00,00,00,7E
9510000,00000050,false,Rx,0,8,40,01,00,00,00,00,00,41
9510000,00000251,false,Rx,0,8,70,B8,5D,00,00,00,00,85
9510000,00000260,false,Rx,0,8,70,98,42,00,00,00,00,4A
9520000,00000018,false,Rx,0,8,47,59,03,00,00,00,00,A3
9520000,0000002C,false,Rx,0,8,80,8E,EB,00,00,00,00,F9
9520000,00000050,false,Rx,0,8,40,01,00,00,00,00,00,41
9520000,000000A6,false,Rx,0,8,06,14,06,14,06,14,06,14
9520000,00000251,false,Rx,0,8,80,B8,A2,00,00,00,00,DA
9520000,00000260,false,Rx,0,8,80,97,00,00,00,00,00,17
9520000,00000316,false,Rx,0,8,40,01,00,00,00,00,00,41
9520000,00000544,false,Rx,0,8,C0,00,00,00,00,00,00,00
9530000,00000018,false,Rx,0,8,47,5C,02,00,00,00,00,A5
9530000,0000002C,false,Rx,0,8,90,8C,B1,00,00,00,00,CD
9530000,00000050,false,Rx,0,8,40,01,00,00,00,00,00,41
9530000,00000251,false,Rx,0,8,90,B9,71,00,00,00,00,BA
9530000,00000260,false,Rx,0,8,90,95,DC,00,00,00,00,01
9540000,00000018,false,Rx,0,8,47,5F,00,00,00,00,00,A6
9540000,0000002C,false,Rx,0,8,A0,8B,4F,00,00,00,00,7A
9540000,00000050,false,Rx,0,8,40,01,00,00,00,00,00,41
9540000,000000A6,false,Rx,0,8,06,22,06,22,06,22,06,22
9540000,00000251,false,Rx,0,8,A0,B9,35,00,00,00,00,8E
9540000,00000260,false,Rx,0,8,A0,93,D7,00,00,00,00,0A
9540000,00000316,false,Rx,0,8,40,01,00,00,00,00,00,41
9540000,00000544,false,Rx,0,8,D0,00,00,00,00,00,00,00
9550000,00000018,false,Rx,0,8,47,62,01,00,00,00,00,AA
9550000,0000002C,false,Rx,0,8,B0,89,8D,00,00,00,00,C6
9550000,00000050,false,Rx,0,8,40,01,00,00,00,00,00,41
9550000,00000251,false,Rx,0,8,B0,BA,FE,00,00,00,00,68
9550000,00000260,false,Rx,0,8,B0,91,BD,00,00,00,00,FE
9560000,00000018,false,Rx,0,8,47,64,03,00,00,00,00,AE
9560000,0000002C,false,Rx,0,8,C0,87,60,00,00,00,00,A7
9560000,00000050,false,Rx,0,8,40,01,00,00,00,00,00,41
9560000,000000A6,false,Rx,0,8,06,2F,06,2F,06,2F,06,2F
9560000,00000251,false,Rx,0,8,C0,BA,48,00,00,00,00,C2
9560000,00000260,false,Rx,0,8,C0,90,16,00,00,00,00,66
9560000,00000316,false,Rx,0,8,40,01,00,00,00,00,00,41
9560000,00000544,false,Rx,0,8,E0,00,00,00,00,00,00,00
9570000,00000018,false,Rx,0,8,47,66,00,00,00,00,00,AD
9570000,0000002C,false,Rx,0,8,D0,85,39,00,00,00,00,8E
9570000,00000050,false,Rx,0,8,40,01,00,00,00,00,00,41
9570000,00000251,false,Rx,0,8,D0,BB,A9,00,00,00,00,34
9570000,00000260,false,Rx,0,8,D0,8E,DB,00,00,00,00,39
9580000,00000018,false,Rx,0,8,47,69,02,00,00,00,00,B2
9580000,0000002C,false,Rx,0,8,E0,83,10,00,00,00,00,73
9580000,00000050,false,Rx,0,8,40,01,00,00,00,00,00,41
9580000,000000A6,false,Rx,0,8,06,3D,06,3D,06,3D,06,3D
9580000,00000251,false,Rx,0,8,E0,BB,27,00,00,00,00,C2
9580000,00000260,false,Rx,0,8,E0,8C,75,00,00,00,00,E1
9580000,00000316,false,Rx,0,8,40,01,00,00,00,00,00,41
9580000,00000544,false,Rx,0,8,F0,00,00,00,00,00,00,00
9590000,00000018,false,Rx,0,8,47,6B,01,00,00,00,00,B3
9590000,0000002C,false,Rx,0,8,F0,81,D6,00,00,00,00,47
9590000,00000050,false,Rx,0,8,40,01,00,00,00,00,00,41
9590000,00000251,false,Rx,0,8,F0,BB,79,00,00,00,00,24
9590000,00000260,false,Rx,0,8,F0,8A,F6,00,00,00,00,70
9600000,00000018,false,Rx,0,8,47,6D,00,00,00,00,00,B4
9600000,0000002C,false,Rx,0,8,00,7F,08,00,00,00,00,87
9600000,00000050,false,Rx,0,8,40,01,00,00,00,00,00,41
9600000,000000A6,false,Rx,0,8,06,4B,06,4B,06,4B,06,4B
9600000,00000251,false,Rx,0,8,00,BB,B1,00,00,00,00,6C
9600000,00000260,false,Rx,0,8,00,88,C3,00,00,00,00,4B
9600000,00000316,false,Rx,0,8,40,01,00,00,00,00,00,41
9600000,00000544,false,Rx,0,8,00,00,00,00,00,00,00,00
9600000,000004F1,false,Rx,0,8,00,00,00,00,00,00,00,00
9610000,00000018,false,Rx,0,8,47,6F,03,00,00,00,00,B9
9610000,0000002C,false,Rx,0,8,10,7E,7B,00,00,00,00,09
9610000,00000050,false,Rx,0,8,40,01,00,00,00,00,00,41
9610000,00000251,false,Rx,0,8,10,BB,A3,00,00,00,00,6E
9610000,00000260,false,Rx,0,8,10,86,B3,00,00,00,00,49
9620000,00000018,false,Rx,0,8,47,70,02,00,00,00,00,B9
9620000,0000002C,false,Rx,0,8,20,7C,69,00,00,00,00,05
9620000,00000050,false,Rx,0,8,40,01,00,00,00,00,00,41
9620000,000000A6,false,Rx,0,8,06,59,06,59,06,59,06,59
9620000,00000251,false,Rx,0,8,20,BB,55,00,00,00,00,30
9620000,00000260,false,Rx,0,8,20,85,32,00,00,00,00,D7
9620000,00000316,false,Rx,0,8,40,01,00,00,00,00,00,41
9620000,00000544,false,Rx,0,8,10,00,00,00,00,00,00,00
9630000,00000018,false,Rx,0,8,47,72,03,00,00,00,00,BC
9630000,0000002C,false,Rx,0,8,30,7A,22,00,00,00,00,CC
9630000,00000050,false,Rx,0,8,40,01,00,00,00,00,00,41
9630000,00000251,false,Rx,0,8,30,BB,2D,00,00,00,00,18
9630000,00000260,false,Rx,0,8,30,83,D9,00,00,00,00,8C
9640000,00000018,false,Rx,0,8,47,74,00,00,00,00,00,BB
9640000,0000002C,false,Rx,0,8,40,78,33,00,00,00,00,EB
9640000,00000050,false,Rx,0,8,40,01,00,00,00,00,00,41
9640000,000000A6,false,Rx,0,8,06,68,06,68,06,68,06,68
9640000,00000251,false,Rx,0,8,40,BB,AB,00,00,00,00,A6
9640000,00000260,false,Rx,0,8,40,81,44,00,00,00,00,05
9640000,00000316,false,Rx,0,8,40,01,00,00,00,00,00,41
9640000,00000544,false,Rx,0,8,20,00,00,00,00,00,00,00
9650000,00000018,false,Rx,0,8,47,75,01,00,00,00,00,BD
9650000,0000002C,false,Rx,0,8,50,76,11,00,00,00,00,D7
9650000,00000050,false,Rx,0,8,40,01,00,00,00,00,00,41
9650000,00000251,false,Rx,0,8,50,BB,E4,00,00,00,00,EF
9650000,00000260,false,Rx,0,8,50,7F,82,00,00,00,00,51
9660000,00000018,false,Rx,0,8,47,76,00,00,00,00,00,BD
9660000,0000002C,false,Rx,0,8,60,74,E4,00,00,00,00,B8
9660000,00000050,false,Rx,0,8,40,01,00,00,00,00,00,41
9660000,000000A6,false,Rx,0,8,06,76,06,76,06,76,06,76
9660000,00000251,false,Rx,0,8,60,BB,05,00,00,00,00,20
9660000,00000260,false,Rx,0,8,60,7D,F4,00,00,00,00,D1
9660000,00000316,false,Rx,0,8,40,01,00,00,00,00,00,41
9660000,00000544,false,Rx,0,8,30,00,00,00,00,00,00,00
9670000,00000018,false,Rx,0,8,47,77,00,00,00,00,00,BE
9670000,0000002C,false,Rx,0,8,70,72,18,00,00,00,00,FA
9670000,00000050,false,Rx,0,8,40,01,00,00,00,00,00,41
9670000,00000251,false,Rx,0,8,70,BB,87,00,00,00,00,B2
9670000,00000260,false,Rx,0,8,70,7B,77,00,00,00,00,62
9680000,00000018,false,Rx,0,8,47,78,02,00,00,00,00,C1
9680000,0000002C,false,Rx,0,8,80,70,7D,00,00,00,00,6D
9680000,00000050,false,Rx,0,8,40,01,00,00,00,00,00,41
9680000,000000A6,false,Rx,0,8,06,85,06,85,06,85,06,85
9680000,00000251,false,Rx,0,8,80,BB,6B,00,00,00,00,A6
9680000,00000260,false,Rx,0,8,80,79,2A,00,00,00,00,23
9680000,00000316,false,Rx,0,8,40,01,00,00,00,00,00,41
9680000,00000544,false,Rx,0,8,40,00,00,00,00,00,00,00
9690000,00000018,false,Rx,0,8,47,79,03,00,00,00,00,C3
9690000,0000002C,false,Rx,0,8,90,6F,16,00,00,00,00,15
9690000,00000050,false,Rx,0,8,40,01,00,00,00,00,00,41
9690000,00000251,false,Rx,0,8,90,BA,7F,00,00,00,00,C9
9690000,00000260,false,Rx,0,8,90,77,91,00,00,00,00,98
9700000,00000018,false,Rx,0,8,47,7A,00,00,00,00,00,C1
9700000,0000002C,false,Rx,0,8,A0,6D,CD,00,00,00,00,DA
9700000,00000050,false,Rx,0,8,40,01,00,00,00,00,00,41
9700000,000000A6,false,Rx,0,8,06,94,06,94,06,94,06,94
9700000,00000251,false,Rx,0,8,A0,BA,22,00,00,00,00,7C
9700000,00000260,false,Rx,0,8,A0,76,D1,00,00,00,00,E7
9700000,00000316,false,Rx,0,8,40,01,00,00,00,00,00,41
9700000,00000544,false,Rx,0,8,50,00,00,00,00,00,00,00
9700000,000004F1,false,Rx,0,8,10,00,00,00,00,00,00,10
9710000,00000018,false,Rx,0,8,47,7A,00,00,00,00,00,C1
9710000,0000002C,false,Rx,0,8,B0,6B,E0,00,00,00,00,FB
9710000,00000050,false,Rx,0,8,40,01,00,00,00,00,00,41
9710000,00000251,false,Rx,0,8,B0,B9,B3,00,00,00,00,1C
9710000,00000260,false,Rx,0,8,B0,74,83,00,00,00,00,A7
9720000,00000018,false,Rx,0,8,47,7B,01,00,00,00,00,C3
9720000,0000002C,false,Rx,0,8,C0,69,77,00,00,00,00,A0
9720000,00000050,false,Rx,0,8,40,01,00,00,00,00,00,41
9720000,000000A6,false,Rx,0,8,06,A3,06,A3,06,A3,06,A3
9720000,00000251,false,Rx,0,8,C0,B9,83,00,00,00,00,FC
9720000,00000260,false,Rx,0,8,C0,72,60,00,00,00,00,92
9720000,00000316,false,Rx,0,8,40,01,00,00,00,00,00,41
9720000,00000544,false,Rx,0,8,60,00,00,00,00,00,00,00
9730000,00000018,false,Rx,0,8,47,7B,01,00,00,00,00,C3
9730000,0000002C,false,Rx,0,8,D0,68,6F,00,00,00,00,A7
9730000,00000050,false,Rx,0,8,40,01,00,00,00,00,00,41
9730000,00000251,false,Rx,0,8,D0,B8,37,00,00,00,00,BF
9730000,00000260,false,Rx,0,8,D0,70,02,00,00,00,00,42
9740000,00000018,false,Rx,0,8,47,7B,03,00,00,00,00,C5
9740000,0000002C,false,Rx,0,8,E0,66,1C,00,00,00,00,62
9740000,00000050,false,Rx,0,8,40,01,00,00,00,00,00,41
9740000,000000A6,false,Rx,0,8,06,B2,06,B2,06,B2,06,B2
9740000,00000251,false,Rx,0,8,E0,B8,00,00,00,00,00,98
9740000,00000260,false,Rx,0,8,E0,6E,03,00,00,00,00,51
9740000,00000316,false,Rx,0,8,40,01,00,00,00,00,00,41
9740000,00000544,false,Rx,0,8,70,00,00,00,00,00,00,00
9750000,00000018,false,Rx,0,8,47,7C,03,00,00,00,00,C6
9750000,0000002C,false,Rx,0,8,F0,64,47,00,00,00,00,9B
9750000,00000050,false,Rx,0,8,40,01,00,00,00,00,00,41
9750000,00000251,false,Rx,0,8,F0,B7,18,00,00,00,00,BF
9750000,00000260,false,Rx,0,8,F0,6C,3C,00,00,00,00,98
9760000,00000018,false,Rx,0,8,47,7B,02,00,00,00,00,C4
9760000,0000002C,false,Rx,0,8,00,63,94,00,00,00,00,F7
9760000,00000050,false,Rx,0,8,40,01,00,00,00,00,00,41
9760000,000000A6,false,Rx,0,8,06,C1,06,C1,06,C1,06,C1
9760000,00000251,false,Rx,0,8,00,B6,C5,00,00,00,00,7B
9760000,00000260,false,Rx,0,8,00,6B,03,00,00,00,00,6E
9760000,00000316,false,Rx,0,8,40,01,00,00,00,00,00,41
9760000,00000544,false,Rx,0,8,80,00,00,00,00,00,00,00
9770000,00000018,false,Rx,0,8,47,7B,03,00,00,00,00,C5
9770000,0000002C,false,Rx,0,8,10,61,77,00,00,00,00,E8
9770000,00000050,false,Rx,0,8,40,01,00,00,00,00,00,41
9770000,00000251,false,Rx,0,8,10,B5,E0,00,00,00,00,A5
9770000,00000260,false,Rx,0,8,10,69,C0,00,00,00,00,39
9780000,00000018,false,Rx,0,8,47,7B,01,00,00,00,00,C3
9780000,0000002C,false,Rx,0,8,20,5F,A3,00,00,00,00,22
9780000,00000050,false,Rx,0,8,40,01,00,00,00,00,00,41
9780000,000000A6,false,Rx,0,8,06,D1,06,D1,06,D1,06,D1
9780000,00000251,false,Rx,0,8,20,B4,D6,00,00,00,00,AA
9780000,00000260,false,Rx,0,8,20,67,69,00,00,00,00,F0
9780000,00000316,false,Rx,0,8,40,01,00,00,00,00,00,41
9780000,00000544,false,Rx,0,8,90,00,00,00,00,00,00,00
9790000,00000018,false,Rx,0,8,47,7A,03,00,00,00,00,C4
9790000,0000002C,false,Rx,0,8,30,5E,A4,00,00,00,00,32
9790000,00000050,false,Rx,0,8,40,01,00,00,00,00,00,41
9790000,00000251,false,Rx,0,8,30,B4,55,00,00,00,00,39
9790000,00000260,false,Rx,0,8,30,65,A1,00,00,00,00,36
9800000,00000018,false,Rx,0,8,47,7A,00,00,00,00,00,C1
9800000,0000002C,false,Rx,0,8,40,5C,79,00,00,00,00,15
9800000,00000050,false,Rx,0,8,40,01,00,00,00,00,00,41
9800000,000000A6,false,Rx,0,8,06,E0,06,E0,06,E0,06,E0
9800000,00000251,false,Rx,0,8,40,B3,D3,00,00,00,00,C6
9800000,00000260,false,Rx,0,8,40,64,D1,00,00,00,00,75
9800000,00000316,false,Rx,0,8,40,01,00,00,00,00,00,41
9800000,00000544,false,Rx,0,8,A0,00,00,00,00,00,00,00
9800000,000004F1,false,Rx,0,8,20,00,00,00,00,00,00,20
9810000,00000018,false,Rx,0,8,47,79,03,00,00,00,00,C3
9810000,0000002C,false,Rx,0,8,50,5B,9A,00,00,00,00,45
9810000,00000050,false,Rx,0,8,40,01,00,00,00,00,00,41
9810000,00000251,false,Rx,0,8,50,B2,FC,00,00,00,00,FE
9810000,00000260,false,Rx,0,8,50,62,B9,00,00,00,00,6B
9820000,00000018,false,Rx,0,8,47,78,03,00,00,00,00,C2
9820000,0000002C,false,Rx,0,8,60,59,49,00,00,00,00,02
9820000,00000050,false,Rx,0,8,40,01,00,00,00,00,00,41
9820000,000000A6,false,Rx,0,8,06,F0,06,F0,06,F0,06,F0
9820000,00000251,false,Rx,0,8,60,B1,C1,00,00,00,00,D2
9820000,00000260,false,Rx,0,8,60,60,36,00,00,00,00,F6
9820000,00000316,false,Rx,0,8,40,01,00,00,00,00,00,41
9820000,00000544,false,Rx,0,8,B0,00,00,00,00,00,00,00
9830000,00000018,false,Rx,0,8,47,77,02,00,00,00,00,C0
9830000,0000002C,false,Rx,0,8,70,58,71,00,00,00,00,39
9830000,00000050,false,Rx,0,8,40,01,00,00,00,00,00,41
9830000,00000251,false,Rx,0,8,70,AF,B3,00,00,00,00,D2
9830000,00000260,false,Rx,0,8,70,5F,4F,00,00,00,00,1E
9840000,00000018,false,Rx,0,8,47,76,00,00,00,00,00,BD
9840000,0000002C,false,Rx,0,8,80,56,D3,00,00,00,00,A9
9840000,00000050,false,Rx,0,8,40,01,00,00,00,00,00,41
9840000,000000A6,false,Rx,0,8,07,00,07,00,07,00,07,00
9840000,00000251,false,Rx,0,8,80,AE,C0,00,00,00,00,EE
9840000,00000260,false,Rx,0,8,80,5D,DA,00,00,00,00,B7
9840000,00000316,false,Rx,0,8,40,01,00,00,00,00,00,41
9840000,00000544,false,Rx,0,8,C0,00,00,00,00,00,00,00
9850000,00000018,false,Rx,0,8,47,75,02,00,00,00,00,BE
9850000,0000002C,false,Rx,0,8,90,55,99,00,00,00,00,7E
9850000,00000050,false,Rx,0,8,40,01,00,00,00,00,00,41
9850000,00000251,false,Rx,0,8,90,AD,33,00,00,00,00,70
9850000,00000260,false,Rx,0,8,90,5C,81,00,00,00,00,6D
9860000,00000018,false,Rx,0,8,47,74,01,00,00,00,00,BC
9860000,0000002C,false,Rx,0,8,A0,54,8C,00,00,00,00,80
9860000,00000050,false,Rx,0,8,40,01,00,00,00,00,00,41
9860000,000000A6,false,Rx,0,8,07,0F,07,0F,07,0F,07,0F
9860000,00000251,false,Rx,0,8,A0,AC,F5,00,00,00,00,41
9860000,00000260,false,Rx,0,8,A0,5A,85,00,00,00,00,7F
9860000,00000316,false,Rx,0,8,40,01,00,00,00,00,00,41
9860000,00000544,false,Rx,0,8,D0,00,00,00,00,00,00,00
9870000,00000018,false,Rx,0,8,47,72,03,00,00,00,00,BC
9870000,0000002C,false,Rx,0,8,B0,52,1F,00,00,00,00,21
9870000,00000050,false,Rx,0,8,40,01,00,00,00,00,00,41
9870000,00000251,false,Rx,0,8,B0,AA,73,00,00,00,00,CD
9870000,00000260,false,Rx,0,8,B0,59,D8,00,00,00,00,E1
9880000,00000018,false,Rx,0,8,47,70,03,00,00,00,00,BA
9880000,0000002C,false,Rx,0,8,C0,51,59,00,00,00,00,6A
9880000,00000050,false,Rx,0,8,40,01,00,00,00,00,00,41
9880000,000000A6,false,Rx,0,8,07,1F,07,1F,07,1F,07,1F
9880000,00000251,false,Rx,0,8,C0,A9,53,00,00,00,00,BC
9880000,00000260,false,Rx,0,8,C0,57,BB,00,00,00,00,D2
9880000,00000316,false,Rx,0,8,40,01,00,00,00,00,00,41
9880000,00000544,false,Rx,0,8,E0,00,00,00,00,00,00,00
9890000,00000018,false,Rx,0,8,47,6F,01,00,00,00,00,B7
9890000,0000002C,false,Rx,0,8,D0,50,DA,00,00,00,00,FA
9890000,00000050,false,Rx,0,8,40,01,00,00,00,00,00,41
9890000,00000251,false,Rx,0,8,D0,A8,E7,00,00,00,00,5F
9890000,00000260,false,Rx,0,8,D0,56,8D,00,00,00,00,B3
9900000,00000018,false,Rx,0,8,47,6D,02,00,00,00,00,B6
9900000,0000002C,false,Rx,0,8,E0,4F,FD,00,00,00,00,2C
9900000,00000050,false,Rx,0,8,40,01,00,00,00,00,00,41
9900000,000000A6,false,Rx,0,8,07,2F,07,2F,07,2F,07,2F
9900000,00000251,false,Rx,0,8,E0,A6,25,00,00,00,00,AB
9900000,00000260,false,Rx,0,8,E0,55,CB,00,00,00,00,00
9900000,00000316,false,Rx,0,8,40,01,00,00,00,00,00,41
9900000,00000544,false,Rx,0,8,F0,00,00,00,00,00,00,00
9900000,000004F1,false,Rx,0,8,30,00,00,00,00,00,00,30
9910000,00000018,false,Rx,0,8,47,6B,00,00,00,00,00,B2
9910000,0000002C,false,Rx,0,8,F0,4E,18,00,00,00,00,56
9910000,00000050,false,Rx,0,8,40,01,00,00,00,00,00,41
9910000,00000251,false,Rx,0,8,F0,A5,11,00,00,00,00,A6
9910000,00000260,false,Rx,0,8,F0,53,68,00,00,00,00,AB
9920000,00000018,false,Rx,0,8,47,69,02,00,00,00,00,B2
9920000,0000002C,false,Rx,0,8,00,4D,B0,00,00,00,00,FD
9920000,00000050,false,Rx,0,8,40,01,00,00,00,00,00,41
9920000,000000A6,false,Rx,0,8,07,3F,07,3F,07,3F,07,3F
9920000,00000251,false,Rx,0,8,00,A3,96,00,00,00,00,39
9920000,00000260,false,Rx,0,8,00,52,D3,00,00,00,00,25
9920000,00000316,false,Rx,0,8,40,01,00,00,00,00,00,41
9920000,00000544,false,Rx,0,8,00,00,00,00,00,00,00,00
9930000,00000018,false,Rx,0,8,47,66,02,00,00,00,00,AF
9930000,0000002C,false,Rx,0,8,10,4C,C3,00,00,00,00,1F
9930000,00000050,false,Rx,0,8,40,01,00,00,00,00,00,41
9930000,00000251,false,Rx,0,8,10,A2,0A,00,00,00,00,BC
9930000,00000260,false,Rx,0,8,10,51,F7,00,00,00,00,58
9940000,00000018,false,Rx,0,8,47,64,00,00,00,00,00,AB
9940000,0000002C,false,Rx,0,8,20,4B,A3,00,00,00,00,0E
9940000,00000050,false,Rx,0,8,40,01,00,00,00,00,00,41
9940000,000000A6,false,Rx,0,8,07,4F,07,4F,07,4F,07,4F
9940000,00000251,false,Rx,0,8,20,A0,A3,00,00,00,00,63
9940000,00000260,false,Rx,0,8,20,50,5B,00,00,00,00,CB
9940000,00000316,false,Rx,0,8,40,01,00,00,00,00,00,41
9940000,00000544,false,Rx,0,8,10,00,00,00,00,00,00,00
9950000,00000018,false,Rx,0,8,47,62,03,00,00,00,00,AC
9950000,0000002C,false,Rx,0,8,30,4A,D5,00,00,00,00,4F
9950000,00000050,false,Rx,0,8,40,01,00,00,00,00,00,41
9950000,00000251,false,Rx,0,8,30,9F,85,00,00,00,00,54
9950000,00000260,false,Rx,0,8,30,4F,BD,00,00,00,00,3C
9960000,00000018,false,Rx,0,8,47,5F,02,00,00,00,00,A8
9960000,0000002C,false,Rx,0,8,40,49,D1,00,00,00,00,5A
9960000,00000050,false,Rx,0,8,40,01,00,00,00,00,00,41
9960000,000000A6,false,Rx,0,8,07,5F,07,5F,07,5F,07,5F
9960000,00000251,false,Rx,0,8,40,9D,35,00,00,00,00,12
9960000,00000260,false,Rx,0,8,40,4E,F7,00,00,00,00,85
9960000,00000316,false,Rx,0,8,40,01,00,00,00,00,00,41
9960000,00000544,false,Rx,0,8,20,00,00,00,00,00,00,00
9970000,00000018,false,Rx,0,8,47,5C,01,00,00,00,00,A4
9970000,0000002C,false,Rx,0,8,50,48,4C,00,00,00,00,E4
9970000,00000050,false,Rx,0,8,40,01,00,00,00,00,00,41
9970000,00000251,false,Rx,0,8,50,9B,25,00,00,00,00,10
9970000,00000260,false,Rx,0,8,50,4D,81,00,00,00,00,1E
9980000,00000018,false,Rx,0,8,47,59,00,00,00,00,00,A0
9980000,0000002C,false,Rx,0,8,60,48,99,00,00,00,00,41
9980000,00000050,false,Rx,0,8,40,01,00,00,00,00,00,41
9980000,000000A6,false,Rx,0,8,07,6F,07,6F,07,6F,07,6F
9980000,00000251,false,Rx,0,8,60,9A,AF,00,00,00,00,A9
9980000,00000260,false,Rx,0,8,60,4C,9D,00,00,00,00,49
9980000,00000316,false,Rx,0,8,40,01,00,00,00,00,00,41
9980000,00000544,false,Rx,0,8,30,00,00,00,00,00,00,00
9990000,00000018,false,Rx,0,8,47,56,03,00,00,00,00,A0
9990000,0000002C,false,Rx,0,8,70,47,C0,00,00,00,00,77
9990000,00000050,false,Rx,0,8,40,01,00,00,00,00,00,41
9990000,00000251,false,Rx,0,8,70,98,57,00,00,00,00,5F
9990000,00000260,false,Rx,0,8,70,4B,B0,00,00,00,00,6B
